province,district,district_code,local_level,local_level_type,ward_no,total_wards
Koshi Province,Bhojpur,1,Shadanand Municipality,Municipality,1,14
Koshi Province,Bhojpur,1,Shadanand Municipality,Municipality,2,14
Koshi Province,Bhojpur,1,Shadanand Municipality,Municipality,3,14
Koshi Province,Bhojpur,1,Shadanand Municipality,Municipality,4,14
Koshi Province,Bhojpur,1,Shadanand Municipality,Municipality,5,14
Koshi Province,Bhojpur,1,Shadanand Municipality,Municipality,6,14
Koshi Province,Bhojpur,1,Shadanand Municipality,Municipality,7,14
Koshi Province,Bhojpur,1,Shadanand Municipality,Municipality,8,14
Koshi Province,Bhojpur,1,Shadanand Municipality,Municipality,9,14
Koshi Province,Bhojpur,1,Shadanand Municipality,Municipality,10,14
Koshi Province,Bhojpur,1,Shadanand Municipality,Municipality,11,14
Koshi Province,Bhojpur,1,Shadanand Municipality,Municipality,12,14
Koshi Province,Bhojpur,1,Shadanand Municipality,Municipality,13,14
Koshi Province,Bhojpur,1,Shadanand Municipality,Municipality,14,14
Koshi Province,Bhojpur,1,Bhojpur Municipality,Municipality,1,12
Koshi Province,Bhojpur,1,Bhojpur Municipality,Municipality,2,12
Koshi Province,Bhojpur,1,Bhojpur Municipality,Municipality,3,12
Koshi Province,Bhojpur,1,Bhojpur Municipality,Municipality,4,12
Koshi Province,Bhojpur,1,Bhojpur Municipality,Municipality,5,12
Koshi Province,Bhojpur,1,Bhojpur Municipality,Municipality,6,12
Koshi Province,Bhojpur,1,Bhojpur Municipality,Municipality,7,12
Koshi Province,Bhojpur,1,Bhojpur Municipality,Municipality,8,12
Koshi Province,Bhojpur,1,Bhojpur Municipality,Municipality,9,12
Koshi Province,Bhojpur,1,Bhojpur Municipality,Municipality,10,12
Koshi Province,Bhojpur,1,Bhojpur Municipality,Municipality,11,12
Koshi Province,Bhojpur,1,Bhojpur Municipality,Municipality,12,12
Koshi Province,Bhojpur,1,Hatuwagadhi Rural Municipality,Rural Municipality,1,9
Koshi Province,Bhojpur,1,Hatuwagadhi Rural Municipality,Rural Municipality,2,9
Koshi Province,Bhojpur,1,Hatuwagadhi Rural Municipality,Rural Municipality,3,9
Koshi Province,Bhojpur,1,Hatuwagadhi Rural Municipality,Rural Municipality,4,9
Koshi Province,Bhojpur,1,Hatuwagadhi Rural Municipality,Rural Municipality,5,9
Koshi Province,Bhojpur,1,Hatuwagadhi Rural Municipality,Rural Municipality,6,9
Koshi Province,Bhojpur,1,Hatuwagadhi Rural Municipality,Rural Municipality,7,9
Koshi Province,Bhojpur,1,Hatuwagadhi Rural Municipality,Rural Municipality,8,9
Koshi Province,Bhojpur,1,Hatuwagadhi Rural Municipality,Rural Municipality,9,9
Koshi Province,Bhojpur,1,Ramprasad Rai Rural Municipality,Rural Municipality,1,8
Koshi Province,Bhojpur,1,Ramprasad Rai Rural Municipality,Rural Municipality,2,8
Koshi Province,Bhojpur,1,Ramprasad Rai Rural Municipality,Rural Municipality,3,8
Koshi Province,Bhojpur,1,Ramprasad Rai Rural Municipality,Rural Municipality,4,8
Koshi Province,Bhojpur,1,Ramprasad Rai Rural Municipality,Rural Municipality,5,8
Koshi Province,Bhojpur,1,Ramprasad Rai Rural Municipality,Rural Municipality,6,8
Koshi Province,Bhojpur,1,Ramprasad Rai Rural Municipality,Rural Municipality,7,8
Koshi Province,Bhojpur,1,Ramprasad Rai Rural Municipality,Rural Municipality,8,8
Koshi Province,Bhojpur,1,Aamchok Rural Municipality,Rural Municipality,1,10
Koshi Province,Bhojpur,1,Aamchok Rural Municipality,Rural Municipality,2,10
Koshi Province,Bhojpur,1,Aamchok Rural Municipality,Rural Municipality,3,10
Koshi Province,Bhojpur,1,Aamchok Rural Municipality,Rural Municipality,4,10
Koshi Province,Bhojpur,1,Aamchok Rural Municipality,Rural Municipality,5,10
Koshi Province,Bhojpur,1,Aamchok Rural Municipality,Rural Municipality,6,10
Koshi Province,Bhojpur,1,Aamchok Rural Municipality,Rural Municipality,7,10
Koshi Province,Bhojpur,1,Aamchok Rural Municipality,Rural Municipality,8,10
Koshi Province,Bhojpur,1,Aamchok Rural Municipality,Rural Municipality,9,10
Koshi Province,Bhojpur,1,Aamchok Rural Municipality,Rural Municipality,10,10
Koshi Province,Bhojpur,1,Tyamke Maiyum Rural Municipality,Rural Municipality,1,9
Koshi Province,Bhojpur,1,Tyamke Maiyum Rural Municipality,Rural Municipality,2,9
Koshi Province,Bhojpur,1,Tyamke Maiyum Rural Municipality,Rural Municipality,3,9
Koshi Province,Bhojpur,1,Tyamke Maiyum Rural Municipality,Rural Municipality,4,9
Koshi Province,Bhojpur,1,Tyamke Maiyum Rural Municipality,Rural Municipality,5,9
Koshi Province,Bhojpur,1,Tyamke Maiyum Rural Municipality,Rural Municipality,6,9
Koshi Province,Bhojpur,1,Tyamke Maiyum Rural Municipality,Rural Municipality,7,9
Koshi Province,Bhojpur,1,Tyamke Maiyum Rural Municipality,Rural Municipality,8,9
Koshi Province,Bhojpur,1,Tyamke Maiyum Rural Municipality,Rural Municipality,9,9
Koshi Province,Bhojpur,1,Arun Rural Municipality,Rural Municipality,1,7
Koshi Province,Bhojpur,1,Arun Rural Municipality,Rural Municipality,2,7
Koshi Province,Bhojpur,1,Arun Rural Municipality,Rural Municipality,3,7
Koshi Province,Bhojpur,1,Arun Rural Municipality,Rural Municipality,4,7
Koshi Province,Bhojpur,1,Arun Rural Municipality,Rural Municipality,5,7
Koshi Province,Bhojpur,1,Arun Rural Municipality,Rural Municipality,6,7
Koshi Province,Bhojpur,1,Arun Rural Municipality,Rural Municipality,7,7
Koshi Province,Bhojpur,1,Pauwadungma Rural Municipality,Rural Municipality,1,6
Koshi Province,Bhojpur,1,Pauwadungma Rural Municipality,Rural Municipality,2,6
Koshi Province,Bhojpur,1,Pauwadungma Rural Municipality,Rural Municipality,3,6
Koshi Province,Bhojpur,1,Pauwadungma Rural Municipality,Rural Municipality,4,6
Koshi Province,Bhojpur,1,Pauwadungma Rural Municipality,Rural Municipality,5,6
Koshi Province,Bhojpur,1,Pauwadungma Rural Municipality,Rural Municipality,6,6
Koshi Province,Bhojpur,1,Salpasilichho Rural Municipality,Rural Municipality,1,6
Koshi Province,Bhojpur,1,Salpasilichho Rural Municipality,Rural Municipality,2,6
Koshi Province,Bhojpur,1,Salpasilichho Rural Municipality,Rural Municipality,3,6
Koshi Province,Bhojpur,1,Salpasilichho Rural Municipality,Rural Municipality,4,6
Koshi Province,Bhojpur,1,Salpasilichho Rural Municipality,Rural Municipality,5,6
Koshi Province,Bhojpur,1,Salpasilichho Rural Municipality,Rural Municipality,6,6
Koshi Province,Dhankuta,2,Dhankuta Municipality,Municipality,1,10
Koshi Province,Dhankuta,2,Dhankuta Municipality,Municipality,2,10
Koshi Province,Dhankuta,2,Dhankuta Municipality,Municipality,3,10
Koshi Province,Dhankuta,2,Dhankuta Municipality,Municipality,4,10
Koshi Province,Dhankuta,2,Dhankuta Municipality,Municipality,5,10
Koshi Province,Dhankuta,2,Dhankuta Municipality,Municipality,6,10
Koshi Province,Dhankuta,2,Dhankuta Municipality,Municipality,7,10
Koshi Province,Dhankuta,2,Dhankuta Municipality,Municipality,8,10
Koshi Province,Dhankuta,2,Dhankuta Municipality,Municipality,9,10
Koshi Province,Dhankuta,2,Dhankuta Municipality,Municipality,10,10
Koshi Province,Dhankuta,2,Pakhribas Municipality,Municipality,1,10
Koshi Province,Dhankuta,2,Pakhribas Municipality,Municipality,2,10
Koshi Province,Dhankuta,2,Pakhribas Municipality,Municipality,3,10
Koshi Province,Dhankuta,2,Pakhribas Municipality,Municipality,4,10
Koshi Province,Dhankuta,2,Pakhribas Municipality,Municipality,5,10
Koshi Province,Dhankuta,2,Pakhribas Municipality,Municipality,6,10
Koshi Province,Dhankuta,2,Pakhribas Municipality,Municipality,7,10
Koshi Province,Dhankuta,2,Pakhribas Municipality,Municipality,8,10
Koshi Province,Dhankuta,2,Pakhribas Municipality,Municipality,9,10
Koshi Province,Dhankuta,2,Pakhribas Municipality,Municipality,10,10
Koshi Province,Dhankuta,2,Mahalaxmi Municipality,Municipality,1,9
Koshi Province,Dhankuta,2,Mahalaxmi Municipality,Municipality,2,9
Koshi Province,Dhankuta,2,Mahalaxmi Municipality,Municipality,3,9
Koshi Province,Dhankuta,2,Mahalaxmi Municipality,Municipality,4,9
Koshi Province,Dhankuta,2,Mahalaxmi Municipality,Municipality,5,9
Koshi Province,Dhankuta,2,Mahalaxmi Municipality,Municipality,6,9
Koshi Province,Dhankuta,2,Mahalaxmi Municipality,Municipality,7,9
Koshi Province,Dhankuta,2,Mahalaxmi Municipality,Municipality,8,9
Koshi Province,Dhankuta,2,Mahalaxmi Municipality,Municipality,9,9
Koshi Province,Dhankuta,2,Sangurigadhi Rural Municipality,Rural Municipality,1,10
Koshi Province,Dhankuta,2,Sangurigadhi Rural Municipality,Rural Municipality,2,10
Koshi Province,Dhankuta,2,Sangurigadhi Rural Municipality,Rural Municipality,3,10
Koshi Province,Dhankuta,2,Sangurigadhi Rural Municipality,Rural Municipality,4,10
Koshi Province,Dhankuta,2,Sangurigadhi Rural Municipality,Rural Municipality,5,10
Koshi Province,Dhankuta,2,Sangurigadhi Rural Municipality,Rural Municipality,6,10
Koshi Province,Dhankuta,2,Sangurigadhi Rural Municipality,Rural Municipality,7,10
Koshi Province,Dhankuta,2,Sangurigadhi Rural Municipality,Rural Municipality,8,10
Koshi Province,Dhankuta,2,Sangurigadhi Rural Municipality,Rural Municipality,9,10
Koshi Province,Dhankuta,2,Sangurigadhi Rural Municipality,Rural Municipality,10,10
Koshi Province,Dhankuta,2,Chaubise Rural Municipality,Rural Municipality,1,8
Koshi Province,Dhankuta,2,Chaubise Rural Municipality,Rural Municipality,2,8
Koshi Province,Dhankuta,2,Chaubise Rural Municipality,Rural Municipality,3,8
Koshi Province,Dhankuta,2,Chaubise Rural Municipality,Rural Municipality,4,8
Koshi Province,Dhankuta,2,Chaubise Rural Municipality,Rural Municipality,5,8
Koshi Province,Dhankuta,2,Chaubise Rural Municipality,Rural Municipality,6,8
Koshi Province,Dhankuta,2,Chaubise Rural Municipality,Rural Municipality,7,8
Koshi Province,Dhankuta,2,Chaubise Rural Municipality,Rural Municipality,8,8
Koshi Province,Dhankuta,2,Sahidbhumi Rural Municipality,Rural Municipality,1,7
Koshi Province,Dhankuta,2,Sahidbhumi Rural Municipality,Rural Municipality,2,7
Koshi Province,Dhankuta,2,Sahidbhumi Rural Municipality,Rural Municipality,3,7
Koshi Province,Dhankuta,2,Sahidbhumi Rural Municipality,Rural Municipality,4,7
Koshi Province,Dhankuta,2,Sahidbhumi Rural Municipality,Rural Municipality,5,7
Koshi Province,Dhankuta,2,Sahidbhumi Rural Municipality,Rural Municipality,6,7
Koshi Province,Dhankuta,2,Sahidbhumi Rural Municipality,Rural Municipality,7,7
Koshi Province,Dhankuta,2,Chhathar Jorpati Rural Municipality,Rural Municipality,1,6
Koshi Province,Dhankuta,2,Chhathar Jorpati Rural Municipality,Rural Municipality,2,6
Koshi Province,Dhankuta,2,Chhathar Jorpati Rural Municipality,Rural Municipality,3,6
Koshi Province,Dhankuta,2,Chhathar Jorpati Rural Municipality,Rural Municipality,4,6
Koshi Province,Dhankuta,2,Chhathar Jorpati Rural Municipality,Rural Municipality,5,6
Koshi Province,Dhankuta,2,Chhathar Jorpati Rural Municipality,Rural Municipality,6,6
Koshi Province,Ilam,3,Suryodaya Municipality,Municipality,1,14
Koshi Province,Ilam,3,Suryodaya Municipality,Municipality,2,14
Koshi Province,Ilam,3,Suryodaya Municipality,Municipality,3,14
Koshi Province,Ilam,3,Suryodaya Municipality,Municipality,4,14
Koshi Province,Ilam,3,Suryodaya Municipality,Municipality,5,14
Koshi Province,Ilam,3,Suryodaya Municipality,Municipality,6,14
Koshi Province,Ilam,3,Suryodaya Municipality,Municipality,7,14
Koshi Province,Ilam,3,Suryodaya Municipality,Municipality,8,14
Koshi Province,Ilam,3,Suryodaya Municipality,Municipality,9,14
Koshi Province,Ilam,3,Suryodaya Municipality,Municipality,10,14
Koshi Province,Ilam,3,Suryodaya Municipality,Municipality,11,14
Koshi Province,Ilam,3,Suryodaya Municipality,Municipality,12,14
Koshi Province,Ilam,3,Suryodaya Municipality,Municipality,13,14
Koshi Province,Ilam,3,Suryodaya Municipality,Municipality,14,14
Koshi Province,Ilam,3,Ilam Municipality,Municipality,1,12
Koshi Province,Ilam,3,Ilam Municipality,Municipality,2,12
Koshi Province,Ilam,3,Ilam Municipality,Municipality,3,12
Koshi Province,Ilam,3,Ilam Municipality,Municipality,4,12
Koshi Province,Ilam,3,Ilam Municipality,Municipality,5,12
Koshi Province,Ilam,3,Ilam Municipality,Municipality,6,12
Koshi Province,Ilam,3,Ilam Municipality,Municipality,7,12
Koshi Province,Ilam,3,Ilam Municipality,Municipality,8,12
Koshi Province,Ilam,3,Ilam Municipality,Municipality,9,12
Koshi Province,Ilam,3,Ilam Municipality,Municipality,10,12
Koshi Province,Ilam,3,Ilam Municipality,Municipality,11,12
Koshi Province,Ilam,3,Ilam Municipality,Municipality,12,12
Koshi Province,Ilam,3,Deumai Municipality,Municipality,1,9
Koshi Province,Ilam,3,Deumai Municipality,Municipality,2,9
Koshi Province,Ilam,3,Deumai Municipality,Municipality,3,9
Koshi Province,Ilam,3,Deumai Municipality,Municipality,4,9
Koshi Province,Ilam,3,Deumai Municipality,Municipality,5,9
Koshi Province,Ilam,3,Deumai Municipality,Municipality,6,9
Koshi Province,Ilam,3,Deumai Municipality,Municipality,7,9
Koshi Province,Ilam,3,Deumai Municipality,Municipality,8,9
Koshi Province,Ilam,3,Deumai Municipality,Municipality,9,9
Koshi Province,Ilam,3,Maijogmai Rural Municipality,Rural Municipality,1,6
Koshi Province,Ilam,3,Maijogmai Rural Municipality,Rural Municipality,2,6
Koshi Province,Ilam,3,Maijogmai Rural Municipality,Rural Municipality,3,6
Koshi Province,Ilam,3,Maijogmai Rural Municipality,Rural Municipality,4,6
Koshi Province,Ilam,3,Maijogmai Rural Municipality,Rural Municipality,5,6
Koshi Province,Ilam,3,Maijogmai Rural Municipality,Rural Municipality,6,6
Koshi Province,Ilam,3,Phakphokthum Rural Municipality,Rural Municipality,1,7
Koshi Province,Ilam,3,Phakphokthum Rural Municipality,Rural Municipality,2,7
Koshi Province,Ilam,3,Phakphokthum Rural Municipality,Rural Municipality,3,7
Koshi Province,Ilam,3,Phakphokthum Rural Municipality,Rural Municipality,4,7
Koshi Province,Ilam,3,Phakphokthum Rural Municipality,Rural Municipality,5,7
Koshi Province,Ilam,3,Phakphokthum Rural Municipality,Rural Municipality,6,7
Koshi Province,Ilam,3,Phakphokthum Rural Municipality,Rural Municipality,7,7
Koshi Province,Ilam,3,Mai Municipality,Municipality,1,10
Koshi Province,Ilam,3,Mai Municipality,Municipality,2,10
Koshi Province,Ilam,3,Mai Municipality,Municipality,3,10
Koshi Province,Ilam,3,Mai Municipality,Municipality,4,10
Koshi Province,Ilam,3,Mai Municipality,Municipality,5,10
Koshi Province,Ilam,3,Mai Municipality,Municipality,6,10
Koshi Province,Ilam,3,Mai Municipality,Municipality,7,10
Koshi Province,Ilam,3,Mai Municipality,Municipality,8,10
Koshi Province,Ilam,3,Mai Municipality,Municipality,9,10
Koshi Province,Ilam,3,Mai Municipality,Municipality,10,10
Koshi Province,Ilam,3,Chulachuli Rural Municipality,Rural Municipality,1,6
Koshi Province,Ilam,3,Chulachuli Rural Municipality,Rural Municipality,2,6
Koshi Province,Ilam,3,Chulachuli Rural Municipality,Rural Municipality,3,6
Koshi Province,Ilam,3,Chulachuli Rural Municipality,Rural Municipality,4,6
Koshi Province,Ilam,3,Chulachuli Rural Municipality,Rural Municipality,5,6
Koshi Province,Ilam,3,Chulachuli Rural Municipality,Rural Municipality,6,6
Koshi Province,Ilam,3,Rong Rural Municipality,Rural Municipality,1,6
Koshi Province,Ilam,3,Rong Rural Municipality,Rural Municipality,2,6
Koshi Province,Ilam,3,Rong Rural Municipality,Rural Municipality,3,6
Koshi Province,Ilam,3,Rong Rural Municipality,Rural Municipality,4,6
Koshi Province,Ilam,3,Rong Rural Municipality,Rural Municipality,5,6
Koshi Province,Ilam,3,Rong Rural Municipality,Rural Municipality,6,6
Koshi Province,Ilam,3,Mangsebung Rural Municipality,Rural Municipality,1,6
Koshi Province,Ilam,3,Mangsebung Rural Municipality,Rural Municipality,2,6
Koshi Province,Ilam,3,Mangsebung Rural Municipality,Rural Municipality,3,6
Koshi Province,Ilam,3,Mangsebung Rural Municipality,Rural Municipality,4,6
Koshi Province,Ilam,3,Mangsebung Rural Municipality,Rural Municipality,5,6
Koshi Province,Ilam,3,Mangsebung Rural Municipality,Rural Municipality,6,6
Koshi Province,Ilam,3,Sandakpur Rural Municipality,Rural Municipality,1,5
Koshi Province,Ilam,3,Sandakpur Rural Municipality,Rural Municipality,2,5
Koshi Province,Ilam,3,Sandakpur Rural Municipality,Rural Municipality,3,5
Koshi Province,Ilam,3,Sandakpur Rural Municipality,Rural Municipality,4,5
Koshi Province,Ilam,3,Sandakpur Rural Municipality,Rural Municipality,5,5
Koshi Province,Jhapa,4,Mechinagar Municipality,Municipality,1,15
Koshi Province,Jhapa,4,Mechinagar Municipality,Municipality,2,15
Koshi Province,Jhapa,4,Mechinagar Municipality,Municipality,3,15
Koshi Province,Jhapa,4,Mechinagar Municipality,Municipality,4,15
Koshi Province,Jhapa,4,Mechinagar Municipality,Municipality,5,15
Koshi Province,Jhapa,4,Mechinagar Municipality,Municipality,6,15
Koshi Province,Jhapa,4,Mechinagar Municipality,Municipality,7,15
Koshi Province,Jhapa,4,Mechinagar Municipality,Municipality,8,15
Koshi Province,Jhapa,4,Mechinagar Municipality,Municipality,9,15
Koshi Province,Jhapa,4,Mechinagar Municipality,Municipality,10,15
Koshi Province,Jhapa,4,Mechinagar Municipality,Municipality,11,15
Koshi Province,Jhapa,4,Mechinagar Municipality,Municipality,12,15
Koshi Province,Jhapa,4,Mechinagar Municipality,Municipality,13,15
Koshi Province,Jhapa,4,Mechinagar Municipality,Municipality,14,15
Koshi Province,Jhapa,4,Mechinagar Municipality,Municipality,15,15
Koshi Province,Jhapa,4,Birtamod Municipality,Municipality,1,10
Koshi Province,Jhapa,4,Birtamod Municipality,Municipality,2,10
Koshi Province,Jhapa,4,Birtamod Municipality,Municipality,3,10
Koshi Province,Jhapa,4,Birtamod Municipality,Municipality,4,10
Koshi Province,Jhapa,4,Birtamod Municipality,Municipality,5,10
Koshi Province,Jhapa,4,Birtamod Municipality,Municipality,6,10
Koshi Province,Jhapa,4,Birtamod Municipality,Municipality,7,10
Koshi Province,Jhapa,4,Birtamod Municipality,Municipality,8,10
Koshi Province,Jhapa,4,Birtamod Municipality,Municipality,9,10
Koshi Province,Jhapa,4,Birtamod Municipality,Municipality,10,10
Koshi Province,Jhapa,4,Damak Municipality,Municipality,1,10
Koshi Province,Jhapa,4,Damak Municipality,Municipality,2,10
Koshi Province,Jhapa,4,Damak Municipality,Municipality,3,10
Koshi Province,Jhapa,4,Damak Municipality,Municipality,4,10
Koshi Province,Jhapa,4,Damak Municipality,Municipality,5,10
Koshi Province,Jhapa,4,Damak Municipality,Municipality,6,10
Koshi Province,Jhapa,4,Damak Municipality,Municipality,7,10
Koshi Province,Jhapa,4,Damak Municipality,Municipality,8,10
Koshi Province,Jhapa,4,Damak Municipality,Municipality,9,10
Koshi Province,Jhapa,4,Damak Municipality,Municipality,10,10
Koshi Province,Jhapa,4,Bhadrapur Municipality,Municipality,1,10
Koshi Province,Jhapa,4,Bhadrapur Municipality,Municipality,2,10
Koshi Province,Jhapa,4,Bhadrapur Municipality,Municipality,3,10
Koshi Province,Jhapa,4,Bhadrapur Municipality,Municipality,4,10
Koshi Province,Jhapa,4,Bhadrapur Municipality,Municipality,5,10
Koshi Province,Jhapa,4,Bhadrapur Municipality,Municipality,6,10
Koshi Province,Jhapa,4,Bhadrapur Municipality,Municipality,7,10
Koshi Province,Jhapa,4,Bhadrapur Municipality,Municipality,8,10
Koshi Province,Jhapa,4,Bhadrapur Municipality,Municipality,9,10
Koshi Province,Jhapa,4,Bhadrapur Municipality,Municipality,10,10
Koshi Province,Jhapa,4,Shivasatakshi Municipality,Municipality,1,11
Koshi Province,Jhapa,4,Shivasatakshi Municipality,Municipality,2,11
Koshi Province,Jhapa,4,Shivasatakshi Municipality,Municipality,3,11
Koshi Province,Jhapa,4,Shivasatakshi Municipality,Municipality,4,11
Koshi Province,Jhapa,4,Shivasatakshi Municipality,Municipality,5,11
Koshi Province,Jhapa,4,Shivasatakshi Municipality,Municipality,6,11
Koshi Province,Jhapa,4,Shivasatakshi Municipality,Municipality,7,11
Koshi Province,Jhapa,4,Shivasatakshi Municipality,Municipality,8,11
Koshi Province,Jhapa,4,Shivasatakshi Municipality,Municipality,9,11
Koshi Province,Jhapa,4,Shivasatakshi Municipality,Municipality,10,11
Koshi Province,Jhapa,4,Shivasatakshi Municipality,Municipality,11,11
Koshi Province,Jhapa,4,Arjundhara Municipality,Municipality,1,11
Koshi Province,Jhapa,4,Arjundhara Municipality,Municipality,2,11
Koshi Province,Jhapa,4,Arjundhara Municipality,Municipality,3,11
Koshi Province,Jhapa,4,Arjundhara Municipality,Municipality,4,11
Koshi Province,Jhapa,4,Arjundhara Municipality,Municipality,5,11
Koshi Province,Jhapa,4,Arjundhara Municipality,Municipality,6,11
Koshi Province,Jhapa,4,Arjundhara Municipality,Municipality,7,11
Koshi Province,Jhapa,4,Arjundhara Municipality,Municipality,8,11
Koshi Province,Jhapa,4,Arjundhara Municipality,Municipality,9,11
Koshi Province,Jhapa,4,Arjundhara Municipality,Municipality,10,11
Koshi Province,Jhapa,4,Arjundhara Municipality,Municipality,11,11
Koshi Province,Jhapa,4,Gauradaha Municipality,Municipality,1,9
Koshi Province,Jhapa,4,Gauradaha Municipality,Municipality,2,9
Koshi Province,Jhapa,4,Gauradaha Municipality,Municipality,3,9
Koshi Province,Jhapa,4,Gauradaha Municipality,Municipality,4,9
Koshi Province,Jhapa,4,Gauradaha Municipality,Municipality,5,9
Koshi Province,Jhapa,4,Gauradaha Municipality,Municipality,6,9
Koshi Province,Jhapa,4,Gauradaha Municipality,Municipality,7,9
Koshi Province,Jhapa,4,Gauradaha Municipality,Municipality,8,9
Koshi Province,Jhapa,4,Gauradaha Municipality,Municipality,9,9
Koshi Province,Jhapa,4,Kankai Municipality,Municipality,1,9
Koshi Province,Jhapa,4,Kankai Municipality,Municipality,2,9
Koshi Province,Jhapa,4,Kankai Municipality,Municipality,3,9
Koshi Province,Jhapa,4,Kankai Municipality,Municipality,4,9
Koshi Province,Jhapa,4,Kankai Municipality,Municipality,5,9
Koshi Province,Jhapa,4,Kankai Municipality,Municipality,6,9
Koshi Province,Jhapa,4,Kankai Municipality,Municipality,7,9
Koshi Province,Jhapa,4,Kankai Municipality,Municipality,8,9
Koshi Province,Jhapa,4,Kankai Municipality,Municipality,9,9
Koshi Province,Jhapa,4,Kamal Rural Municipality,Rural Municipality,1,7
Koshi Province,Jhapa,4,Kamal Rural Municipality,Rural Municipality,2,7
Koshi Province,Jhapa,4,Kamal Rural Municipality,Rural Municipality,3,7
Koshi Province,Jhapa,4,Kamal Rural Municipality,Rural Municipality,4,7
Koshi Province,Jhapa,4,Kamal Rural Municipality,Rural Municipality,5,7
Koshi Province,Jhapa,4,Kamal Rural Municipality,Rural Municipality,6,7
Koshi Province,Jhapa,4,Kamal Rural Municipality,Rural Municipality,7,7
Koshi Province,Jhapa,4,Buddha Shanti Rural Municipality,Rural Municipality,1,7
Koshi Province,Jhapa,4,Buddha Shanti Rural Municipality,Rural Municipality,2,7
Koshi Province,Jhapa,4,Buddha Shanti Rural Municipality,Rural Municipality,3,7
Koshi Province,Jhapa,4,Buddha Shanti Rural Municipality,Rural Municipality,4,7
Koshi Province,Jhapa,4,Buddha Shanti Rural Municipality,Rural Municipality,5,7
Koshi Province,Jhapa,4,Buddha Shanti Rural Municipality,Rural Municipality,6,7
Koshi Province,Jhapa,4,Buddha Shanti Rural Municipality,Rural Municipality,7,7
Koshi Province,Jhapa,4,Kachankawal Rural Municipality,Rural Municipality,1,7
Koshi Province,Jhapa,4,Kachankawal Rural Municipality,Rural Municipality,2,7
Koshi Province,Jhapa,4,Kachankawal Rural Municipality,Rural Municipality,3,7
Koshi Province,Jhapa,4,Kachankawal Rural Municipality,Rural Municipality,4,7
Koshi Province,Jhapa,4,Kachankawal Rural Municipality,Rural Municipality,5,7
Koshi Province,Jhapa,4,Kachankawal Rural Municipality,Rural Municipality,6,7
Koshi Province,Jhapa,4,Kachankawal Rural Municipality,Rural Municipality,7,7
Koshi Province,Jhapa,4,Jhapa Rural Municipality,Rural Municipality,1,7
Koshi Province,Jhapa,4,Jhapa Rural Municipality,Rural Municipality,2,7
Koshi Province,Jhapa,4,Jhapa Rural Municipality,Rural Municipality,3,7
Koshi Province,Jhapa,4,Jhapa Rural Municipality,Rural Municipality,4,7
Koshi Province,Jhapa,4,Jhapa Rural Municipality,Rural Municipality,5,7
Koshi Province,Jhapa,4,Jhapa Rural Municipality,Rural Municipality,6,7
Koshi Province,Jhapa,4,Jhapa Rural Municipality,Rural Municipality,7,7
Koshi Province,Jhapa,4,Barhadashi Rural Municipality,Rural Municipality,1,7
Koshi Province,Jhapa,4,Barhadashi Rural Municipality,Rural Municipality,2,7
Koshi Province,Jhapa,4,Barhadashi Rural Municipality,Rural Municipality,3,7
Koshi Province,Jhapa,4,Barhadashi Rural Municipality,Rural Municipality,4,7
Koshi Province,Jhapa,4,Barhadashi Rural Municipality,Rural Municipality,5,7
Koshi Province,Jhapa,4,Barhadashi Rural Municipality,Rural Municipality,6,7
Koshi Province,Jhapa,4,Barhadashi Rural Municipality,Rural Municipality,7,7
Koshi Province,Jhapa,4,Gaurigunj Rural Municipality,Rural Municipality,1,6
Koshi Province,Jhapa,4,Gaurigunj Rural Municipality,Rural Municipality,2,6
Koshi Province,Jhapa,4,Gaurigunj Rural Municipality,Rural Municipality,3,6
Koshi Province,Jhapa,4,Gaurigunj Rural Municipality,Rural Municipality,4,6
Koshi Province,Jhapa,4,Gaurigunj Rural Municipality,Rural Municipality,5,6
Koshi Province,Jhapa,4,Gaurigunj Rural Municipality,Rural Municipality,6,6
Koshi Province,Jhapa,4,Haldibari Rural Municipality,Rural Municipality,1,5
Koshi Province,Jhapa,4,Haldibari Rural Municipality,Rural Municipality,2,5
Koshi Province,Jhapa,4,Haldibari Rural Municipality,Rural Municipality,3,5
Koshi Province,Jhapa,4,Haldibari Rural Municipality,Rural Municipality,4,5
Koshi Province,Jhapa,4,Haldibari Rural Municipality,Rural Municipality,5,5
Koshi Province,Khotang,5,Diktel Rupakot Majhuwagadhi Municipality,Municipality,1,15
Koshi Province,Khotang,5,Diktel Rupakot Majhuwagadhi Municipality,Municipality,2,15
Koshi Province,Khotang,5,Diktel Rupakot Majhuwagadhi Municipality,Municipality,3,15
Koshi Province,Khotang,5,Diktel Rupakot Majhuwagadhi Municipality,Municipality,4,15
Koshi Province,Khotang,5,Diktel Rupakot Majhuwagadhi Municipality,Municipality,5,15
Koshi Province,Khotang,5,Diktel Rupakot Majhuwagadhi Municipality,Municipality,6,15
Koshi Province,Khotang,5,Diktel Rupakot Majhuwagadhi Municipality,Municipality,7,15
Koshi Province,Khotang,5,Diktel Rupakot Majhuwagadhi Municipality,Municipality,8,15
Koshi Province,Khotang,5,Diktel Rupakot Majhuwagadhi Municipality,Municipality,9,15
Koshi Province,Khotang,5,Diktel Rupakot Majhuwagadhi Municipality,Municipality,10,15
Koshi Province,Khotang,5,Diktel Rupakot Majhuwagadhi Municipality,Municipality,11,15
Koshi Province,Khotang,5,Diktel Rupakot Majhuwagadhi Municipality,Municipality,12,15
Koshi Province,Khotang,5,Diktel Rupakot Majhuwagadhi Municipality,Municipality,13,15
Koshi Province,Khotang,5,Diktel Rupakot Majhuwagadhi Municipality,Municipality,14,15
Koshi Province,Khotang,5,Diktel Rupakot Majhuwagadhi Municipality,Municipality,15,15
Koshi Province,Khotang,5,Halesi Tuwachung Municipality,Municipality,1,11
Koshi Province,Khotang,5,Halesi Tuwachung Municipality,Municipality,2,11
Koshi Province,Khotang,5,Halesi Tuwachung Municipality,Municipality,3,11
Koshi Province,Khotang,5,Halesi Tuwachung Municipality,Municipality,4,11
Koshi Province,Khotang,5,Halesi Tuwachung Municipality,Municipality,5,11
Koshi Province,Khotang,5,Halesi Tuwachung Municipality,Municipality,6,11
Koshi Province,Khotang,5,Halesi Tuwachung Municipality,Municipality,7,11
Koshi Province,Khotang,5,Halesi Tuwachung Municipality,Municipality,8,11
Koshi Province,Khotang,5,Halesi Tuwachung Municipality,Municipality,9,11
Koshi Province,Khotang,5,Halesi Tuwachung Municipality,Municipality,10,11
Koshi Province,Khotang,5,Halesi Tuwachung Municipality,Municipality,11,11
Koshi Province,Khotang,5,Khotehang Rural Municipality,Rural Municipality,1,9
Koshi Province,Khotang,5,Khotehang Rural Municipality,Rural Municipality,2,9
Koshi Province,Khotang,5,Khotehang Rural Municipality,Rural Municipality,3,9
Koshi Province,Khotang,5,Khotehang Rural Municipality,Rural Municipality,4,9
Koshi Province,Khotang,5,Khotehang Rural Municipality,Rural Municipality,5,9
Koshi Province,Khotang,5,Khotehang Rural Municipality,Rural Municipality,6,9
Koshi Province,Khotang,5,Khotehang Rural Municipality,Rural Municipality,7,9
Koshi Province,Khotang,5,Khotehang Rural Municipality,Rural Municipality,8,9
Koshi Province,Khotang,5,Khotehang Rural Municipality,Rural Municipality,9,9
Koshi Province,Khotang,5,Diprung Chuichumma Rural Municipality,Rural Municipality,1,7
Koshi Province,Khotang,5,Diprung Chuichumma Rural Municipality,Rural Municipality,2,7
Koshi Province,Khotang,5,Diprung Chuichumma Rural Municipality,Rural Municipality,3,7
Koshi Province,Khotang,5,Diprung Chuichumma Rural Municipality,Rural Municipality,4,7
Koshi Province,Khotang,5,Diprung Chuichumma Rural Municipality,Rural Municipality,5,7
Koshi Province,Khotang,5,Diprung Chuichumma Rural Municipality,Rural Municipality,6,7
Koshi Province,Khotang,5,Diprung Chuichumma Rural Municipality,Rural Municipality,7,7
Koshi Province,Khotang,5,Aiselukharka Rural Municipality,Rural Municipality,1,7
Koshi Province,Khotang,5,Aiselukharka Rural Municipality,Rural Municipality,2,7
Koshi Province,Khotang,5,Aiselukharka Rural Municipality,Rural Municipality,3,7
Koshi Province,Khotang,5,Aiselukharka Rural Municipality,Rural Municipality,4,7
Koshi Province,Khotang,5,Aiselukharka Rural Municipality,Rural Municipality,5,7
Koshi Province,Khotang,5,Aiselukharka Rural Municipality,Rural Municipality,6,7
Koshi Province,Khotang,5,Aiselukharka Rural Municipality,Rural Municipality,7,7
Koshi Province,Khotang,5,Jantedhunga Rural Municipality,Rural Municipality,1,6
Koshi Province,Khotang,5,Jantedhunga Rural Municipality,Rural Municipality,2,6
Koshi Province,Khotang,5,Jantedhunga Rural Municipality,Rural Municipality,3,6
Koshi Province,Khotang,5,Jantedhunga Rural Municipality,Rural Municipality,4,6
Koshi Province,Khotang,5,Jantedhunga Rural Municipality,Rural Municipality,5,6
Koshi Province,Khotang,5,Jantedhunga Rural Municipality,Rural Municipality,6,6
Koshi Province,Khotang,5,Kepilasgadhi Rural Municipality,Rural Municipality,1,7
Koshi Province,Khotang,5,Kepilasgadhi Rural Municipality,Rural Municipality,2,7
Koshi Province,Khotang,5,Kepilasgadhi Rural Municipality,Rural Municipality,3,7
Koshi Province,Khotang,5,Kepilasgadhi Rural Municipality,Rural Municipality,4,7
Koshi Province,Khotang,5,Kepilasgadhi Rural Municipality,Rural Municipality,5,7
Koshi Province,Khotang,5,Kepilasgadhi Rural Municipality,Rural Municipality,6,7
Koshi Province,Khotang,5,Kepilasgadhi Rural Municipality,Rural Municipality,7,7
Koshi Province,Khotang,5,Barahpokhari Rural Municipality,Rural Municipality,1,6
Koshi Province,Khotang,5,Barahpokhari Rural Municipality,Rural Municipality,2,6
Koshi Province,Khotang,5,Barahpokhari Rural Municipality,Rural Municipality,3,6
Koshi Province,Khotang,5,Barahpokhari Rural Municipality,Rural Municipality,4,6
Koshi Province,Khotang,5,Barahpokhari Rural Municipality,Rural Municipality,5,6
Koshi Province,Khotang,5,Barahpokhari Rural Municipality,Rural Municipality,6,6
Koshi Province,Khotang,5,Rawa Besi Rural Municipality,Rural Municipality,1,6
Koshi Province,Khotang,5,Rawa Besi Rural Municipality,Rural Municipality,2,6
Koshi Province,Khotang,5,Rawa Besi Rural Municipality,Rural Municipality,3,6
Koshi Province,Khotang,5,Rawa Besi Rural Municipality,Rural Municipality,4,6
Koshi Province,Khotang,5,Rawa Besi Rural Municipality,Rural Municipality,5,6
Koshi Province,Khotang,5,Rawa Besi Rural Municipality,Rural Municipality,6,6
Koshi Province,Khotang,5,Sakela Rural Municipality,Rural Municipality,1,5
Koshi Province,Khotang,5,Sakela Rural Municipality,Rural Municipality,2,5
Koshi Province,Khotang,5,Sakela Rural Municipality,Rural Municipality,3,5
Koshi Province,Khotang,5,Sakela Rural Municipality,Rural Municipality,4,5
Koshi Province,Khotang,5,Sakela Rural Municipality,Rural Municipality,5,5
Koshi Province,Morang,6,Sundar Haraicha Municipality,Municipality,1,12
Koshi Province,Morang,6,Sundar Haraicha Municipality,Municipality,2,12
Koshi Province,Morang,6,Sundar Haraicha Municipality,Municipality,3,12
Koshi Province,Morang,6,Sundar Haraicha Municipality,Municipality,4,12
Koshi Province,Morang,6,Sundar Haraicha Municipality,Municipality,5,12
Koshi Province,Morang,6,Sundar Haraicha Municipality,Municipality,6,12
Koshi Province,Morang,6,Sundar Haraicha Municipality,Municipality,7,12
Koshi Province,Morang,6,Sundar Haraicha Municipality,Municipality,8,12
Koshi Province,Morang,6,Sundar Haraicha Municipality,Municipality,9,12
Koshi Province,Morang,6,Sundar Haraicha Municipality,Municipality,10,12
Koshi Province,Morang,6,Sundar Haraicha Municipality,Municipality,11,12
Koshi Province,Morang,6,Sundar Haraicha Municipality,Municipality,12,12
Koshi Province,Morang,6,Belbari Municipality,Municipality,1,11
Koshi Province,Morang,6,Belbari Municipality,Municipality,2,11
Koshi Province,Morang,6,Belbari Municipality,Municipality,3,11
Koshi Province,Morang,6,Belbari Municipality,Municipality,4,11
Koshi Province,Morang,6,Belbari Municipality,Municipality,5,11
Koshi Province,Morang,6,Belbari Municipality,Municipality,6,11
Koshi Province,Morang,6,Belbari Municipality,Municipality,7,11
Koshi Province,Morang,6,Belbari Municipality,Municipality,8,11
Koshi Province,Morang,6,Belbari Municipality,Municipality,9,11
Koshi Province,Morang,6,Belbari Municipality,Municipality,10,11
Koshi Province,Morang,6,Belbari Municipality,Municipality,11,11
Koshi Province,Morang,6,Pathari Shanischare Municipality,Municipality,1,10
Koshi Province,Morang,6,Pathari Shanischare Municipality,Municipality,2,10
Koshi Province,Morang,6,Pathari Shanischare Municipality,Municipality,3,10
Koshi Province,Morang,6,Pathari Shanischare Municipality,Municipality,4,10
Koshi Province,Morang,6,Pathari Shanischare Municipality,Municipality,5,10
Koshi Province,Morang,6,Pathari Shanischare Municipality,Municipality,6,10
Koshi Province,Morang,6,Pathari Shanischare Municipality,Municipality,7,10
Koshi Province,Morang,6,Pathari Shanischare Municipality,Municipality,8,10
Koshi Province,Morang,6,Pathari Shanischare Municipality,Municipality,9,10
Koshi Province,Morang,6,Pathari Shanischare Municipality,Municipality,10,10
Koshi Province,Morang,6,Ratuwamai Municipality,Municipality,1,10
Koshi Province,Morang,6,Ratuwamai Municipality,Municipality,2,10
Koshi Province,Morang,6,Ratuwamai Municipality,Municipality,3,10
Koshi Province,Morang,6,Ratuwamai Municipality,Municipality,4,10
Koshi Province,Morang,6,Ratuwamai Municipality,Municipality,5,10
Koshi Province,Morang,6,Ratuwamai Municipality,Municipality,6,10
Koshi Province,Morang,6,Ratuwamai Municipality,Municipality,7,10
Koshi Province,Morang,6,Ratuwamai Municipality,Municipality,8,10
Koshi Province,Morang,6,Ratuwamai Municipality,Municipality,9,10
Koshi Province,Morang,6,Ratuwamai Municipality,Municipality,10,10
Koshi Province,Morang,6,Urlabari Municipality,Municipality,1,9
Koshi Province,Morang,6,Urlabari Municipality,Municipality,2,9
Koshi Province,Morang,6,Urlabari Municipality,Municipality,3,9
Koshi Province,Morang,6,Urlabari Municipality,Municipality,4,9
Koshi Province,Morang,6,Urlabari Municipality,Municipality,5,9
Koshi Province,Morang,6,Urlabari Municipality,Municipality,6,9
Koshi Province,Morang,6,Urlabari Municipality,Municipality,7,9
Koshi Province,Morang,6,Urlabari Municipality,Municipality,8,9
Koshi Province,Morang,6,Urlabari Municipality,Municipality,9,9
Koshi Province,Morang,6,Rangeli Municipality,Municipality,1,9
Koshi Province,Morang,6,Rangeli Municipality,Municipality,2,9
Koshi Province,Morang,6,Rangeli Municipality,Municipality,3,9
Koshi Province,Morang,6,Rangeli Municipality,Municipality,4,9
Koshi Province,Morang,6,Rangeli Municipality,Municipality,5,9
Koshi Province,Morang,6,Rangeli Municipality,Municipality,6,9
Koshi Province,Morang,6,Rangeli Municipality,Municipality,7,9
Koshi Province,Morang,6,Rangeli Municipality,Municipality,8,9
Koshi Province,Morang,6,Rangeli Municipality,Municipality,9,9
Koshi Province,Morang,6,Sunawarshi Municipality,Municipality,1,9
Koshi Province,Morang,6,Sunawarshi Municipality,Municipality,2,9
Koshi Province,Morang,6,Sunawarshi Municipality,Municipality,3,9
Koshi Province,Morang,6,Sunawarshi Municipality,Municipality,4,9
Koshi Province,Morang,6,Sunawarshi Municipality,Municipality,5,9
Koshi Province,Morang,6,Sunawarshi Municipality,Municipality,6,9
Koshi Province,Morang,6,Sunawarshi Municipality,Municipality,7,9
Koshi Province,Morang,6,Sunawarshi Municipality,Municipality,8,9
Koshi Province,Morang,6,Sunawarshi Municipality,Municipality,9,9
Koshi Province,Morang,6,Letang Municipality,Municipality,1,9
Koshi Province,Morang,6,Letang Municipality,Municipality,2,9
Koshi Province,Morang,6,Letang Municipality,Municipality,3,9
Koshi Province,Morang,6,Letang Municipality,Municipality,4,9
Koshi Province,Morang,6,Letang Municipality,Municipality,5,9
Koshi Province,Morang,6,Letang Municipality,Municipality,6,9
Koshi Province,Morang,6,Letang Municipality,Municipality,7,9
Koshi Province,Morang,6,Letang Municipality,Municipality,8,9
Koshi Province,Morang,6,Letang Municipality,Municipality,9,9
Koshi Province,Morang,6,Biratnagar Metropolitan City,Metropolitan City,1,19
Koshi Province,Morang,6,Biratnagar Metropolitan City,Metropolitan City,2,19
Koshi Province,Morang,6,Biratnagar Metropolitan City,Metropolitan City,3,19
Koshi Province,Morang,6,Biratnagar Metropolitan City,Metropolitan City,4,19
Koshi Province,Morang,6,Biratnagar Metropolitan City,Metropolitan City,5,19
Koshi Province,Morang,6,Biratnagar Metropolitan City,Metropolitan City,6,19
Koshi Province,Morang,6,Biratnagar Metropolitan City,Metropolitan City,7,19
Koshi Province,Morang,6,Biratnagar Metropolitan City,Metropolitan City,8,19
Koshi Province,Morang,6,Biratnagar Metropolitan City,Metropolitan City,9,19
Koshi Province,Morang,6,Biratnagar Metropolitan City,Metropolitan City,10,19
Koshi Province,Morang,6,Biratnagar Metropolitan City,Metropolitan City,11,19
Koshi Province,Morang,6,Biratnagar Metropolitan City,Metropolitan City,12,19
Koshi Province,Morang,6,Biratnagar Metropolitan City,Metropolitan City,13,19
Koshi Province,Morang,6,Biratnagar Metropolitan City,Metropolitan City,14,19
Koshi Province,Morang,6,Biratnagar Metropolitan City,Metropolitan City,15,19
Koshi Province,Morang,6,Biratnagar Metropolitan City,Metropolitan City,16,19
Koshi Province,Morang,6,Biratnagar Metropolitan City,Metropolitan City,17,19
Koshi Province,Morang,6,Biratnagar Metropolitan City,Metropolitan City,18,19
Koshi Province,Morang,6,Biratnagar Metropolitan City,Metropolitan City,19,19
Koshi Province,Morang,6,Jahada Rural Municipality,Rural Municipality,1,7
Koshi Province,Morang,6,Jahada Rural Municipality,Rural Municipality,2,7
Koshi Province,Morang,6,Jahada Rural Municipality,Rural Municipality,3,7
Koshi Province,Morang,6,Jahada Rural Municipality,Rural Municipality,4,7
Koshi Province,Morang,6,Jahada Rural Municipality,Rural Municipality,5,7
Koshi Province,Morang,6,Jahada Rural Municipality,Rural Municipality,6,7
Koshi Province,Morang,6,Jahada Rural Municipality,Rural Municipality,7,7
Koshi Province,Morang,6,Budi Ganga Rural Municipality,Rural Municipality,1,7
Koshi Province,Morang,6,Budi Ganga Rural Municipality,Rural Municipality,2,7
Koshi Province,Morang,6,Budi Ganga Rural Municipality,Rural Municipality,3,7
Koshi Province,Morang,6,Budi Ganga Rural Municipality,Rural Municipality,4,7
Koshi Province,Morang,6,Budi Ganga Rural Municipality,Rural Municipality,5,7
Koshi Province,Morang,6,Budi Ganga Rural Municipality,Rural Municipality,6,7
Koshi Province,Morang,6,Budi Ganga Rural Municipality,Rural Municipality,7,7
Koshi Province,Morang,6,Katahari Rural Municipality,Rural Municipality,1,7
Koshi Province,Morang,6,Katahari Rural Municipality,Rural Municipality,2,7
Koshi Province,Morang,6,Katahari Rural Municipality,Rural Municipality,3,7
Koshi Province,Morang,6,Katahari Rural Municipality,Rural Municipality,4,7
Koshi Province,Morang,6,Katahari Rural Municipality,Rural Municipality,5,7
Koshi Province,Morang,6,Katahari Rural Municipality,Rural Municipality,6,7
Koshi Province,Morang,6,Katahari Rural Municipality,Rural Municipality,7,7
Koshi Province,Morang,6,Dhanpalthan Rural Municipality,Rural Municipality,1,7
Koshi Province,Morang,6,Dhanpalthan Rural Municipality,Rural Municipality,2,7
Koshi Province,Morang,6,Dhanpalthan Rural Municipality,Rural Municipality,3,7
Koshi Province,Morang,6,Dhanpalthan Rural Municipality,Rural Municipality,4,7
Koshi Province,Morang,6,Dhanpalthan Rural Municipality,Rural Municipality,5,7
Koshi Province,Morang,6,Dhanpalthan Rural Municipality,Rural Municipality,6,7
Koshi Province,Morang,6,Dhanpalthan Rural Municipality,Rural Municipality,7,7
Koshi Province,Morang,6,Kanepokhari Rural Municipality,Rural Municipality,1,7
Koshi Province,Morang,6,Kanepokhari Rural Municipality,Rural Municipality,2,7
Koshi Province,Morang,6,Kanepokhari Rural Municipality,Rural Municipality,3,7
Koshi Province,Morang,6,Kanepokhari Rural Municipality,Rural Municipality,4,7
Koshi Province,Morang,6,Kanepokhari Rural Municipality,Rural Municipality,5,7
Koshi Province,Morang,6,Kanepokhari Rural Municipality,Rural Municipality,6,7
Koshi Province,Morang,6,Kanepokhari Rural Municipality,Rural Municipality,7,7
Koshi Province,Morang,6,Gramthan Rural Municipality,Rural Municipality,1,7
Koshi Province,Morang,6,Gramthan Rural Municipality,Rural Municipality,2,7
Koshi Province,Morang,6,Gramthan Rural Municipality,Rural Municipality,3,7
Koshi Province,Morang,6,Gramthan Rural Municipality,Rural Municipality,4,7
Koshi Province,Morang,6,Gramthan Rural Municipality,Rural Municipality,5,7
Koshi Province,Morang,6,Gramthan Rural Municipality,Rural Municipality,6,7
Koshi Province,Morang,6,Gramthan Rural Municipality,Rural Municipality,7,7
Koshi Province,Morang,6,Kerabari Rural Municipality,Rural Municipality,1,10
Koshi Province,Morang,6,Kerabari Rural Municipality,Rural Municipality,2,10
Koshi Province,Morang,6,Kerabari Rural Municipality,Rural Municipality,3,10
Koshi Province,Morang,6,Kerabari Rural Municipality,Rural Municipality,4,10
Koshi Province,Morang,6,Kerabari Rural Municipality,Rural Municipality,5,10
Koshi Province,Morang,6,Kerabari Rural Municipality,Rural Municipality,6,10
Koshi Province,Morang,6,Kerabari Rural Municipality,Rural Municipality,7,10
Koshi Province,Morang,6,Kerabari Rural Municipality,Rural Municipality,8,10
Koshi Province,Morang,6,Kerabari Rural Municipality,Rural Municipality,9,10
Koshi Province,Morang,6,Kerabari Rural Municipality,Rural Municipality,10,10
Koshi Province,Morang,6,Miklajung Rural Municipality,Rural Municipality,1,9
Koshi Province,Morang,6,Miklajung Rural Municipality,Rural Municipality,2,9
Koshi Province,Morang,6,Miklajung Rural Municipality,Rural Municipality,3,9
Koshi Province,Morang,6,Miklajung Rural Municipality,Rural Municipality,4,9
Koshi Province,Morang,6,Miklajung Rural Municipality,Rural Municipality,5,9
Koshi Province,Morang,6,Miklajung Rural Municipality,Rural Municipality,6,9
Koshi Province,Morang,6,Miklajung Rural Municipality,Rural Municipality,7,9
Koshi Province,Morang,6,Miklajung Rural Municipality,Rural Municipality,8,9
Koshi Province,Morang,6,Miklajung Rural Municipality,Rural Municipality,9,9
Koshi Province,Okhaldhunga,7,Siddhicharan Municipality,Municipality,1,12
Koshi Province,Okhaldhunga,7,Siddhicharan Municipality,Municipality,2,12
Koshi Province,Okhaldhunga,7,Siddhicharan Municipality,Municipality,3,12
Koshi Province,Okhaldhunga,7,Siddhicharan Municipality,Municipality,4,12
Koshi Province,Okhaldhunga,7,Siddhicharan Municipality,Municipality,5,12
Koshi Province,Okhaldhunga,7,Siddhicharan Municipality,Municipality,6,12
Koshi Province,Okhaldhunga,7,Siddhicharan Municipality,Municipality,7,12
Koshi Province,Okhaldhunga,7,Siddhicharan Municipality,Municipality,8,12
Koshi Province,Okhaldhunga,7,Siddhicharan Municipality,Municipality,9,12
Koshi Province,Okhaldhunga,7,Siddhicharan Municipality,Municipality,10,12
Koshi Province,Okhaldhunga,7,Siddhicharan Municipality,Municipality,11,12
Koshi Province,Okhaldhunga,7,Siddhicharan Municipality,Municipality,12,12
Koshi Province,Okhaldhunga,7,Khiji Demba Rural Municipality,Rural Municipality,1,9
Koshi Province,Okhaldhunga,7,Khiji Demba Rural Municipality,Rural Municipality,2,9
Koshi Province,Okhaldhunga,7,Khiji Demba Rural Municipality,Rural Municipality,3,9
Koshi Province,Okhaldhunga,7,Khiji Demba Rural Municipality,Rural Municipality,4,9
Koshi Province,Okhaldhunga,7,Khiji Demba Rural Municipality,Rural Municipality,5,9
Koshi Province,Okhaldhunga,7,Khiji Demba Rural Municipality,Rural Municipality,6,9
Koshi Province,Okhaldhunga,7,Khiji Demba Rural Municipality,Rural Municipality,7,9
Koshi Province,Okhaldhunga,7,Khiji Demba Rural Municipality,Rural Municipality,8,9
Koshi Province,Okhaldhunga,7,Khiji Demba Rural Municipality,Rural Municipality,9,9
Koshi Province,Okhaldhunga,7,Chisankhugadhi Rural Municipality,Rural Municipality,1,8
Koshi Province,Okhaldhunga,7,Chisankhugadhi Rural Municipality,Rural Municipality,2,8
Koshi Province,Okhaldhunga,7,Chisankhugadhi Rural Municipality,Rural Municipality,3,8
Koshi Province,Okhaldhunga,7,Chisankhugadhi Rural Municipality,Rural Municipality,4,8
Koshi Province,Okhaldhunga,7,Chisankhugadhi Rural Municipality,Rural Municipality,5,8
Koshi Province,Okhaldhunga,7,Chisankhugadhi Rural Municipality,Rural Municipality,6,8
Koshi Province,Okhaldhunga,7,Chisankhugadhi Rural Municipality,Rural Municipality,7,8
Koshi Province,Okhaldhunga,7,Chisankhugadhi Rural Municipality,Rural Municipality,8,8
Koshi Province,Okhaldhunga,7,Molung Rural Municipality,Rural Municipality,1,8
Koshi Province,Okhaldhunga,7,Molung Rural Municipality,Rural Municipality,2,8
Koshi Province,Okhaldhunga,7,Molung Rural Municipality,Rural Municipality,3,8
Koshi Province,Okhaldhunga,7,Molung Rural Municipality,Rural Municipality,4,8
Koshi Province,Okhaldhunga,7,Molung Rural Municipality,Rural Municipality,5,8
Koshi Province,Okhaldhunga,7,Molung Rural Municipality,Rural Municipality,6,8
Koshi Province,Okhaldhunga,7,Molung Rural Municipality,Rural Municipality,7,8
Koshi Province,Okhaldhunga,7,Molung Rural Municipality,Rural Municipality,8,8
Koshi Province,Okhaldhunga,7,Sunkoshi Rural Municipality,Rural Municipality,1,10
Koshi Province,Okhaldhunga,7,Sunkoshi Rural Municipality,Rural Municipality,2,10
Koshi Province,Okhaldhunga,7,Sunkoshi Rural Municipality,Rural Municipality,3,10
Koshi Province,Okhaldhunga,7,Sunkoshi Rural Municipality,Rural Municipality,4,10
Koshi Province,Okhaldhunga,7,Sunkoshi Rural Municipality,Rural Municipality,5,10
Koshi Province,Okhaldhunga,7,Sunkoshi Rural Municipality,Rural Municipality,6,10
Koshi Province,Okhaldhunga,7,Sunkoshi Rural Municipality,Rural Municipality,7,10
Koshi Province,Okhaldhunga,7,Sunkoshi Rural Municipality,Rural Municipality,8,10
Koshi Province,Okhaldhunga,7,Sunkoshi Rural Municipality,Rural Municipality,9,10
Koshi Province,Okhaldhunga,7,Sunkoshi Rural Municipality,Rural Municipality,10,10
Koshi Province,Okhaldhunga,7,Champadevi Rural Municipality,Rural Municipality,1,10
Koshi Province,Okhaldhunga,7,Champadevi Rural Municipality,Rural Municipality,2,10
Koshi Province,Okhaldhunga,7,Champadevi Rural Municipality,Rural Municipality,3,10
Koshi Province,Okhaldhunga,7,Champadevi Rural Municipality,Rural Municipality,4,10
Koshi Province,Okhaldhunga,7,Champadevi Rural Municipality,Rural Municipality,5,10
Koshi Province,Okhaldhunga,7,Champadevi Rural Municipality,Rural Municipality,6,10
Koshi Province,Okhaldhunga,7,Champadevi Rural Municipality,Rural Municipality,7,10
Koshi Province,Okhaldhunga,7,Champadevi Rural Municipality,Rural Municipality,8,10
Koshi Province,Okhaldhunga,7,Champadevi Rural Municipality,Rural Municipality,9,10
Koshi Province,Okhaldhunga,7,Champadevi Rural Municipality,Rural Municipality,10,10
Koshi Province,Okhaldhunga,7,Manebhanjyang Rural Municipality,Rural Municipality,1,9
Koshi Province,Okhaldhunga,7,Manebhanjyang Rural Municipality,Rural Municipality,2,9
Koshi Province,Okhaldhunga,7,Manebhanjyang Rural Municipality,Rural Municipality,3,9
Koshi Province,Okhaldhunga,7,Manebhanjyang Rural Municipality,Rural Municipality,4,9
Koshi Province,Okhaldhunga,7,Manebhanjyang Rural Municipality,Rural Municipality,5,9
Koshi Province,Okhaldhunga,7,Manebhanjyang Rural Municipality,Rural Municipality,6,9
Koshi Province,Okhaldhunga,7,Manebhanjyang Rural Municipality,Rural Municipality,7,9
Koshi Province,Okhaldhunga,7,Manebhanjyang Rural Municipality,Rural Municipality,8,9
Koshi Province,Okhaldhunga,7,Manebhanjyang Rural Municipality,Rural Municipality,9,9
Koshi Province,Okhaldhunga,7,Likhu Rural Municipality,Rural Municipality,1,9
Koshi Province,Okhaldhunga,7,Likhu Rural Municipality,Rural Municipality,2,9
Koshi Province,Okhaldhunga,7,Likhu Rural Municipality,Rural Municipality,3,9
Koshi Province,Okhaldhunga,7,Likhu Rural Municipality,Rural Municipality,4,9
Koshi Province,Okhaldhunga,7,Likhu Rural Municipality,Rural Municipality,5,9
Koshi Province,Okhaldhunga,7,Likhu Rural Municipality,Rural Municipality,6,9
Koshi Province,Okhaldhunga,7,Likhu Rural Municipality,Rural Municipality,7,9
Koshi Province,Okhaldhunga,7,Likhu Rural Municipality,Rural Municipality,8,9
Koshi Province,Okhaldhunga,7,Likhu Rural Municipality,Rural Municipality,9,9
Koshi Province,Pachthar,8,Phidim Municipality,Municipality,1,14
Koshi Province,Pachthar,8,Phidim Municipality,Municipality,2,14
Koshi Province,Pachthar,8,Phidim Municipality,Municipality,3,14
Koshi Province,Pachthar,8,Phidim Municipality,Municipality,4,14
Koshi Province,Pachthar,8,Phidim Municipality,Municipality,5,14
Koshi Province,Pachthar,8,Phidim Municipality,Municipality,6,14
Koshi Province,Pachthar,8,Phidim Municipality,Municipality,7,14
Koshi Province,Pachthar,8,Phidim Municipality,Municipality,8,14
Koshi Province,Pachthar,8,Phidim Municipality,Municipality,9,14
Koshi Province,Pachthar,8,Phidim Municipality,Municipality,10,14
Koshi Province,Pachthar,8,Phidim Municipality,Municipality,11,14
Koshi Province,Pachthar,8,Phidim Municipality,Municipality,12,14
Koshi Province,Pachthar,8,Phidim Municipality,Municipality,13,14
Koshi Province,Pachthar,8,Phidim Municipality,Municipality,14,14
Koshi Province,Pachthar,8,Miklajung Rural Municipality,Rural Municipality,1,8
Koshi Province,Pachthar,8,Miklajung Rural Municipality,Rural Municipality,2,8
Koshi Province,Pachthar,8,Miklajung Rural Municipality,Rural Municipality,3,8
Koshi Province,Pachthar,8,Miklajung Rural Municipality,Rural Municipality,4,8
Koshi Province,Pachthar,8,Miklajung Rural Municipality,Rural Municipality,5,8
Koshi Province,Pachthar,8,Miklajung Rural Municipality,Rural Municipality,6,8
Koshi Province,Pachthar,8,Miklajung Rural Municipality,Rural Municipality,7,8
Koshi Province,Pachthar,8,Miklajung Rural Municipality,Rural Municipality,8,8
Koshi Province,Pachthar,8,Phalgunanda Rural Municipality,Rural Municipality,1,7
Koshi Province,Pachthar,8,Phalgunanda Rural Municipality,Rural Municipality,2,7
Koshi Province,Pachthar,8,Phalgunanda Rural Municipality,Rural Municipality,3,7
Koshi Province,Pachthar,8,Phalgunanda Rural Municipality,Rural Municipality,4,7
Koshi Province,Pachthar,8,Phalgunanda Rural Municipality,Rural Municipality,5,7
Koshi Province,Pachthar,8,Phalgunanda Rural Municipality,Rural Municipality,6,7
Koshi Province,Pachthar,8,Phalgunanda Rural Municipality,Rural Municipality,7,7
Koshi Province,Pachthar,8,Hilihang Rural Municipality,Rural Municipality,1,7
Koshi Province,Pachthar,8,Hilihang Rural Municipality,Rural Municipality,2,7
Koshi Province,Pachthar,8,Hilihang Rural Municipality,Rural Municipality,3,7
Koshi Province,Pachthar,8,Hilihang Rural Municipality,Rural Municipality,4,7
Koshi Province,Pachthar,8,Hilihang Rural Municipality,Rural Municipality,5,7
Koshi Province,Pachthar,8,Hilihang Rural Municipality,Rural Municipality,6,7
Koshi Province,Pachthar,8,Hilihang Rural Municipality,Rural Municipality,7,7
Koshi Province,Pachthar,8,Phalelung Rural Municipality,Rural Municipality,1,8
Koshi Province,Pachthar,8,Phalelung Rural Municipality,Rural Municipality,2,8
Koshi Province,Pachthar,8,Phalelung Rural Municipality,Rural Municipality,3,8
Koshi Province,Pachthar,8,Phalelung Rural Municipality,Rural Municipality,4,8
Koshi Province,Pachthar,8,Phalelung Rural Municipality,Rural Municipality,5,8
Koshi Province,Pachthar,8,Phalelung Rural Municipality,Rural Municipality,6,8
Koshi Province,Pachthar,8,Phalelung Rural Municipality,Rural Municipality,7,8
Koshi Province,Pachthar,8,Phalelung Rural Municipality,Rural Municipality,8,8
Koshi Province,Pachthar,8,Yangwarak Rural Municipality,Rural Municipality,1,6
Koshi Province,Pachthar,8,Yangwarak Rural Municipality,Rural Municipality,2,6
Koshi Province,Pachthar,8,Yangwarak Rural Municipality,Rural Municipality,3,6
Koshi Province,Pachthar,8,Yangwarak Rural Municipality,Rural Municipality,4,6
Koshi Province,Pachthar,8,Yangwarak Rural Municipality,Rural Municipality,5,6
Koshi Province,Pachthar,8,Yangwarak Rural Municipality,Rural Municipality,6,6
Koshi Province,Pachthar,8,Kummayak Rural Municipality,Rural Municipality,1,5
Koshi Province,Pachthar,8,Kummayak Rural Municipality,Rural Municipality,2,5
Koshi Province,Pachthar,8,Kummayak Rural Municipality,Rural Municipality,3,5
Koshi Province,Pachthar,8,Kummayak Rural Municipality,Rural Municipality,4,5
Koshi Province,Pachthar,8,Kummayak Rural Municipality,Rural Municipality,5,5
Koshi Province,Pachthar,8,Tumbewa Rural Municipality,Rural Municipality,1,5
Koshi Province,Pachthar,8,Tumbewa Rural Municipality,Rural Municipality,2,5
Koshi Province,Pachthar,8,Tumbewa Rural Municipality,Rural Municipality,3,5
Koshi Province,Pachthar,8,Tumbewa Rural Municipality,Rural Municipality,4,5
Koshi Province,Pachthar,8,Tumbewa Rural Municipality,Rural Municipality,5,5
Koshi Province,Sankhuwasabha,9,Khandbari Municipality,Municipality,1,11
Koshi Province,Sankhuwasabha,9,Khandbari Municipality,Municipality,2,11
Koshi Province,Sankhuwasabha,9,Khandbari Municipality,Municipality,3,11
Koshi Province,Sankhuwasabha,9,Khandbari Municipality,Municipality,4,11
Koshi Province,Sankhuwasabha,9,Khandbari Municipality,Municipality,5,11
Koshi Province,Sankhuwasabha,9,Khandbari Municipality,Municipality,6,11
Koshi Province,Sankhuwasabha,9,Khandbari Municipality,Municipality,7,11
Koshi Province,Sankhuwasabha,9,Khandbari Municipality,Municipality,8,11
Koshi Province,Sankhuwasabha,9,Khandbari Municipality,Municipality,9,11
Koshi Province,Sankhuwasabha,9,Khandbari Municipality,Municipality,10,11
Koshi Province,Sankhuwasabha,9,Khandbari Municipality,Municipality,11,11
Koshi Province,Sankhuwasabha,9,Chainpur Municipality,Municipality,1,11
Koshi Province,Sankhuwasabha,9,Chainpur Municipality,Municipality,2,11
Koshi Province,Sankhuwasabha,9,Chainpur Municipality,Municipality,3,11
Koshi Province,Sankhuwasabha,9,Chainpur Municipality,Municipality,4,11
Koshi Province,Sankhuwasabha,9,Chainpur Municipality,Municipality,5,11
Koshi Province,Sankhuwasabha,9,Chainpur Municipality,Municipality,6,11
Koshi Province,Sankhuwasabha,9,Chainpur Municipality,Municipality,7,11
Koshi Province,Sankhuwasabha,9,Chainpur Municipality,Municipality,8,11
Koshi Province,Sankhuwasabha,9,Chainpur Municipality,Municipality,9,11
Koshi Province,Sankhuwasabha,9,Chainpur Municipality,Municipality,10,11
Koshi Province,Sankhuwasabha,9,Chainpur Municipality,Municipality,11,11
Koshi Province,Sankhuwasabha,9,Dharmadevi Municipality,Municipality,1,9
Koshi Province,Sankhuwasabha,9,Dharmadevi Municipality,Municipality,2,9
Koshi Province,Sankhuwasabha,9,Dharmadevi Municipality,Municipality,3,9
Koshi Province,Sankhuwasabha,9,Dharmadevi Municipality,Municipality,4,9
Koshi Province,Sankhuwasabha,9,Dharmadevi Municipality,Municipality,5,9
Koshi Province,Sankhuwasabha,9,Dharmadevi Municipality,Municipality,6,9
Koshi Province,Sankhuwasabha,9,Dharmadevi Municipality,Municipality,7,9
Koshi Province,Sankhuwasabha,9,Dharmadevi Municipality,Municipality,8,9
Koshi Province,Sankhuwasabha,9,Dharmadevi Municipality,Municipality,9,9
Koshi Province,Sankhuwasabha,9,Panchkhapan Municipality,Municipality,1,9
Koshi Province,Sankhuwasabha,9,Panchkhapan Municipality,Municipality,2,9
Koshi Province,Sankhuwasabha,9,Panchkhapan Municipality,Municipality,3,9
Koshi Province,Sankhuwasabha,9,Panchkhapan Municipality,Municipality,4,9
Koshi Province,Sankhuwasabha,9,Panchkhapan Municipality,Municipality,5,9
Koshi Province,Sankhuwasabha,9,Panchkhapan Municipality,Municipality,6,9
Koshi Province,Sankhuwasabha,9,Panchkhapan Municipality,Municipality,7,9
Koshi Province,Sankhuwasabha,9,Panchkhapan Municipality,Municipality,8,9
Koshi Province,Sankhuwasabha,9,Panchkhapan Municipality,Municipality,9,9
Koshi Province,Sankhuwasabha,9,Madi Municipality,Municipality,1,9
Koshi Province,Sankhuwasabha,9,Madi Municipality,Municipality,2,9
Koshi Province,Sankhuwasabha,9,Madi Municipality,Municipality,3,9
Koshi Province,Sankhuwasabha,9,Madi Municipality,Municipality,4,9
Koshi Province,Sankhuwasabha,9,Madi Municipality,Municipality,5,9
Koshi Province,Sankhuwasabha,9,Madi Municipality,Municipality,6,9
Koshi Province,Sankhuwasabha,9,Madi Municipality,Municipality,7,9
Koshi Province,Sankhuwasabha,9,Madi Municipality,Municipality,8,9
Koshi Province,Sankhuwasabha,9,Madi Municipality,Municipality,9,9
Koshi Province,Sankhuwasabha,9,Makalu Rural Municipality,Rural Municipality,1,6
Koshi Province,Sankhuwasabha,9,Makalu Rural Municipality,Rural Municipality,2,6
Koshi Province,Sankhuwasabha,9,Makalu Rural Municipality,Rural Municipality,3,6
Koshi Province,Sankhuwasabha,9,Makalu Rural Municipality,Rural Municipality,4,6
Koshi Province,Sankhuwasabha,9,Makalu Rural Municipality,Rural Municipality,5,6
Koshi Province,Sankhuwasabha,9,Makalu Rural Municipality,Rural Municipality,6,6
Koshi Province,Sankhuwasabha,9,Silichong Rural Municipality,Rural Municipality,1,5
Koshi Province,Sankhuwasabha,9,Silichong Rural Municipality,Rural Municipality,2,5
Koshi Province,Sankhuwasabha,9,Silichong Rural Municipality,Rural Municipality,3,5
Koshi Province,Sankhuwasabha,9,Silichong Rural Municipality,Rural Municipality,4,5
Koshi Province,Sankhuwasabha,9,Silichong Rural Municipality,Rural Municipality,5,5
Koshi Province,Sankhuwasabha,9,Sabhapokhari Rural Municipality,Rural Municipality,1,6
Koshi Province,Sankhuwasabha,9,Sabhapokhari Rural Municipality,Rural Municipality,2,6
Koshi Province,Sankhuwasabha,9,Sabhapokhari Rural Municipality,Rural Municipality,3,6
Koshi Province,Sankhuwasabha,9,Sabhapokhari Rural Municipality,Rural Municipality,4,6
Koshi Province,Sankhuwasabha,9,Sabhapokhari Rural Municipality,Rural Municipality,5,6
Koshi Province,Sankhuwasabha,9,Sabhapokhari Rural Municipality,Rural Municipality,6,6
Koshi Province,Sankhuwasabha,9,Chichila Rural Municipality,Rural Municipality,1,5
Koshi Province,Sankhuwasabha,9,Chichila Rural Municipality,Rural Municipality,2,5
Koshi Province,Sankhuwasabha,9,Chichila Rural Municipality,Rural Municipality,3,5
Koshi Province,Sankhuwasabha,9,Chichila Rural Municipality,Rural Municipality,4,5
Koshi Province,Sankhuwasabha,9,Chichila Rural Municipality,Rural Municipality,5,5
Koshi Province,Sankhuwasabha,9,BhotKhola Rural Municipality,Rural Municipality,1,5
Koshi Province,Sankhuwasabha,9,BhotKhola Rural Municipality,Rural Municipality,2,5
Koshi Province,Sankhuwasabha,9,BhotKhola Rural Municipality,Rural Municipality,3,5
Koshi Province,Sankhuwasabha,9,BhotKhola Rural Municipality,Rural Municipality,4,5
Koshi Province,Sankhuwasabha,9,BhotKhola Rural Municipality,Rural Municipality,5,5
Koshi Province,Solukhumbu,10,Solu Dudhkunda Municipality,Municipality,1,11
Koshi Province,Solukhumbu,10,Solu Dudhkunda Municipality,Municipality,2,11
Koshi Province,Solukhumbu,10,Solu Dudhkunda Municipality,Municipality,3,11
Koshi Province,Solukhumbu,10,Solu Dudhkunda Municipality,Municipality,4,11
Koshi Province,Solukhumbu,10,Solu Dudhkunda Municipality,Municipality,5,11
Koshi Province,Solukhumbu,10,Solu Dudhkunda Municipality,Municipality,6,11
Koshi Province,Solukhumbu,10,Solu Dudhkunda Municipality,Municipality,7,11
Koshi Province,Solukhumbu,10,Solu Dudhkunda Municipality,Municipality,8,11
Koshi Province,Solukhumbu,10,Solu Dudhkunda Municipality,Municipality,9,11
Koshi Province,Solukhumbu,10,Solu Dudhkunda Municipality,Municipality,10,11
Koshi Province,Solukhumbu,10,Solu Dudhkunda Municipality,Municipality,11,11
Koshi Province,Solukhumbu,10,Mapya Dudhkoshi Rural Municipality,Rural Municipality,1,7
Koshi Province,Solukhumbu,10,Mapya Dudhkoshi Rural Municipality,Rural Municipality,2,7
Koshi Province,Solukhumbu,10,Mapya Dudhkoshi Rural Municipality,Rural Municipality,3,7
Koshi Province,Solukhumbu,10,Mapya Dudhkoshi Rural Municipality,Rural Municipality,4,7
Koshi Province,Solukhumbu,10,Mapya Dudhkoshi Rural Municipality,Rural Municipality,5,7
Koshi Province,Solukhumbu,10,Mapya Dudhkoshi Rural Municipality,Rural Municipality,6,7
Koshi Province,Solukhumbu,10,Mapya Dudhkoshi Rural Municipality,Rural Municipality,7,7
Koshi Province,Solukhumbu,10,Necha Salyan Rural Municipality,Rural Municipality,1,5
Koshi Province,Solukhumbu,10,Necha Salyan Rural Municipality,Rural Municipality,2,5
Koshi Province,Solukhumbu,10,Necha Salyan Rural Municipality,Rural Municipality,3,5
Koshi Province,Solukhumbu,10,Necha Salyan Rural Municipality,Rural Municipality,4,5
Koshi Province,Solukhumbu,10,Necha Salyan Rural Municipality,Rural Municipality,5,5
Koshi Province,Solukhumbu,10,Thulung Dudhkoshi Rural Municipality,Rural Municipality,1,9
Koshi Province,Solukhumbu,10,Thulung Dudhkoshi Rural Municipality,Rural Municipality,2,9
Koshi Province,Solukhumbu,10,Thulung Dudhkoshi Rural Municipality,Rural Municipality,3,9
Koshi Province,Solukhumbu,10,Thulung Dudhkoshi Rural Municipality,Rural Municipality,4,9
Koshi Province,Solukhumbu,10,Thulung Dudhkoshi Rural Municipality,Rural Municipality,5,9
Koshi Province,Solukhumbu,10,Thulung Dudhkoshi Rural Municipality,Rural Municipality,6,9
Koshi Province,Solukhumbu,10,Thulung Dudhkoshi Rural Municipality,Rural Municipality,7,9
Koshi Province,Solukhumbu,10,Thulung Dudhkoshi Rural Municipality,Rural Municipality,8,9
Koshi Province,Solukhumbu,10,Thulung Dudhkoshi Rural Municipality,Rural Municipality,9,9
Koshi Province,Solukhumbu,10,Maha Kulung Rural Municipality,Rural Municipality,1,5
Koshi Province,Solukhumbu,10,Maha Kulung Rural Municipality,Rural Municipality,2,5
Koshi Province,Solukhumbu,10,Maha Kulung Rural Municipality,Rural Municipality,3,5
Koshi Province,Solukhumbu,10,Maha Kulung Rural Municipality,Rural Municipality,4,5
Koshi Province,Solukhumbu,10,Maha Kulung Rural Municipality,Rural Municipality,5,5
Koshi Province,Solukhumbu,10,Sotang Rural Municipality,Rural Municipality,1,5
Koshi Province,Solukhumbu,10,Sotang Rural Municipality,Rural Municipality,2,5
Koshi Province,Solukhumbu,10,Sotang Rural Municipality,Rural Municipality,3,5
Koshi Province,Solukhumbu,10,Sotang Rural Municipality,Rural Municipality,4,5
Koshi Province,Solukhumbu,10,Sotang Rural Municipality,Rural Municipality,5,5
Koshi Province,Solukhumbu,10,Khumbu PasangLhamu Rural Municipality,Rural Municipality,1,5
Koshi Province,Solukhumbu,10,Khumbu PasangLhamu Rural Municipality,Rural Municipality,2,5
Koshi Province,Solukhumbu,10,Khumbu PasangLhamu Rural Municipality,Rural Municipality,3,5
Koshi Province,Solukhumbu,10,Khumbu PasangLhamu Rural Municipality,Rural Municipality,4,5
Koshi Province,Solukhumbu,10,Khumbu PasangLhamu Rural Municipality,Rural Municipality,5,5
Koshi Province,Solukhumbu,10,Likhu Pike Rural Municipality,Rural Municipality,1,5
Koshi Province,Solukhumbu,10,Likhu Pike Rural Municipality,Rural Municipality,2,5
Koshi Province,Solukhumbu,10,Likhu Pike Rural Municipality,Rural Municipality,3,5
Koshi Province,Solukhumbu,10,Likhu Pike Rural Municipality,Rural Municipality,4,5
Koshi Province,Solukhumbu,10,Likhu Pike Rural Municipality,Rural Municipality,5,5
Koshi Province,Sunsari,11,BarahaKshetra Municipality,Municipality,1,11
Koshi Province,Sunsari,11,BarahaKshetra Municipality,Municipality,2,11
Koshi Province,Sunsari,11,BarahaKshetra Municipality,Municipality,3,11
Koshi Province,Sunsari,11,BarahaKshetra Municipality,Municipality,4,11
Koshi Province,Sunsari,11,BarahaKshetra Municipality,Municipality,5,11
Koshi Province,Sunsari,11,BarahaKshetra Municipality,Municipality,6,11
Koshi Province,Sunsari,11,BarahaKshetra Municipality,Municipality,7,11
Koshi Province,Sunsari,11,BarahaKshetra Municipality,Municipality,8,11
Koshi Province,Sunsari,11,BarahaKshetra Municipality,Municipality,9,11
Koshi Province,Sunsari,11,BarahaKshetra Municipality,Municipality,10,11
Koshi Province,Sunsari,11,BarahaKshetra Municipality,Municipality,11,11
Koshi Province,Sunsari,11,Inaruwa Municipality,Municipality,1,10
Koshi Province,Sunsari,11,Inaruwa Municipality,Municipality,2,10
Koshi Province,Sunsari,11,Inaruwa Municipality,Municipality,3,10
Koshi Province,Sunsari,11,Inaruwa Municipality,Municipality,4,10
Koshi Province,Sunsari,11,Inaruwa Municipality,Municipality,5,10
Koshi Province,Sunsari,11,Inaruwa Municipality,Municipality,6,10
Koshi Province,Sunsari,11,Inaruwa Municipality,Municipality,7,10
Koshi Province,Sunsari,11,Inaruwa Municipality,Municipality,8,10
Koshi Province,Sunsari,11,Inaruwa Municipality,Municipality,9,10
Koshi Province,Sunsari,11,Inaruwa Municipality,Municipality,10,10
Koshi Province,Sunsari,11,Duhabi Municipality,Municipality,1,12
Koshi Province,Sunsari,11,Duhabi Municipality,Municipality,2,12
Koshi Province,Sunsari,11,Duhabi Municipality,Municipality,3,12
Koshi Province,Sunsari,11,Duhabi Municipality,Municipality,4,12
Koshi Province,Sunsari,11,Duhabi Municipality,Municipality,5,12
Koshi Province,Sunsari,11,Duhabi Municipality,Municipality,6,12
Koshi Province,Sunsari,11,Duhabi Municipality,Municipality,7,12
Koshi Province,Sunsari,11,Duhabi Municipality,Municipality,8,12
Koshi Province,Sunsari,11,Duhabi Municipality,Municipality,9,12
Koshi Province,Sunsari,11,Duhabi Municipality,Municipality,10,12
Koshi Province,Sunsari,11,Duhabi Municipality,Municipality,11,12
Koshi Province,Sunsari,11,Duhabi Municipality,Municipality,12,12
Koshi Province,Sunsari,11,Ramdhuni Municipality,Municipality,1,9
Koshi Province,Sunsari,11,Ramdhuni Municipality,Municipality,2,9
Koshi Province,Sunsari,11,Ramdhuni Municipality,Municipality,3,9
Koshi Province,Sunsari,11,Ramdhuni Municipality,Municipality,4,9
Koshi Province,Sunsari,11,Ramdhuni Municipality,Municipality,5,9
Koshi Province,Sunsari,11,Ramdhuni Municipality,Municipality,6,9
Koshi Province,Sunsari,11,Ramdhuni Municipality,Municipality,7,9
Koshi Province,Sunsari,11,Ramdhuni Municipality,Municipality,8,9
Koshi Province,Sunsari,11,Ramdhuni Municipality,Municipality,9,9
Koshi Province,Sunsari,11,Itahari Sub-Metropolitan City,Sub-Metropolitan City,1,20
Koshi Province,Sunsari,11,Itahari Sub-Metropolitan City,Sub-Metropolitan City,2,20
Koshi Province,Sunsari,11,Itahari Sub-Metropolitan City,Sub-Metropolitan City,3,20
Koshi Province,Sunsari,11,Itahari Sub-Metropolitan City,Sub-Metropolitan City,4,20
Koshi Province,Sunsari,11,Itahari Sub-Metropolitan City,Sub-Metropolitan City,5,20
Koshi Province,Sunsari,11,Itahari Sub-Metropolitan City,Sub-Metropolitan City,6,20
Koshi Province,Sunsari,11,Itahari Sub-Metropolitan City,Sub-Metropolitan City,7,20
Koshi Province,Sunsari,11,Itahari Sub-Metropolitan City,Sub-Metropolitan City,8,20
Koshi Province,Sunsari,11,Itahari Sub-Metropolitan City,Sub-Metropolitan City,9,20
Koshi Province,Sunsari,11,Itahari Sub-Metropolitan City,Sub-Metropolitan City,10,20
Koshi Province,Sunsari,11,Itahari Sub-Metropolitan City,Sub-Metropolitan City,11,20
Koshi Province,Sunsari,11,Itahari Sub-Metropolitan City,Sub-Metropolitan City,12,20
Koshi Province,Sunsari,11,Itahari Sub-Metropolitan City,Sub-Metropolitan City,13,20
Koshi Province,Sunsari,11,Itahari Sub-Metropolitan City,Sub-Metropolitan City,14,20
Koshi Province,Sunsari,11,Itahari Sub-Metropolitan City,Sub-Metropolitan City,15,20
Koshi Province,Sunsari,11,Itahari Sub-Metropolitan City,Sub-Metropolitan City,16,20
Koshi Province,Sunsari,11,Itahari Sub-Metropolitan City,Sub-Metropolitan City,17,20
Koshi Province,Sunsari,11,Itahari Sub-Metropolitan City,Sub-Metropolitan City,18,20
Koshi Province,Sunsari,11,Itahari Sub-Metropolitan City,Sub-Metropolitan City,19,20
Koshi Province,Sunsari,11,Itahari Sub-Metropolitan City,Sub-Metropolitan City,20,20
Koshi Province,Sunsari,11,Dharan Sub-Metropolitan City,Sub-Metropolitan City,1,20
Koshi Province,Sunsari,11,Dharan Sub-Metropolitan City,Sub-Metropolitan City,2,20
Koshi Province,Sunsari,11,Dharan Sub-Metropolitan City,Sub-Metropolitan City,3,20
Koshi Province,Sunsari,11,Dharan Sub-Metropolitan City,Sub-Metropolitan City,4,20
Koshi Province,Sunsari,11,Dharan Sub-Metropolitan City,Sub-Metropolitan City,5,20
Koshi Province,Sunsari,11,Dharan Sub-Metropolitan City,Sub-Metropolitan City,6,20
Koshi Province,Sunsari,11,Dharan Sub-Metropolitan City,Sub-Metropolitan City,7,20
Koshi Province,Sunsari,11,Dharan Sub-Metropolitan City,Sub-Metropolitan City,8,20
Koshi Province,Sunsari,11,Dharan Sub-Metropolitan City,Sub-Metropolitan City,9,20
Koshi Province,Sunsari,11,Dharan Sub-Metropolitan City,Sub-Metropolitan City,10,20
Koshi Province,Sunsari,11,Dharan Sub-Metropolitan City,Sub-Metropolitan City,11,20
Koshi Province,Sunsari,11,Dharan Sub-Metropolitan City,Sub-Metropolitan City,12,20
Koshi Province,Sunsari,11,Dharan Sub-Metropolitan City,Sub-Metropolitan City,13,20
Koshi Province,Sunsari,11,Dharan Sub-Metropolitan City,Sub-Metropolitan City,14,20
Koshi Province,Sunsari,11,Dharan Sub-Metropolitan City,Sub-Metropolitan City,15,20
Koshi Province,Sunsari,11,Dharan Sub-Metropolitan City,Sub-Metropolitan City,16,20
Koshi Province,Sunsari,11,Dharan Sub-Metropolitan City,Sub-Metropolitan City,17,20
Koshi Province,Sunsari,11,Dharan Sub-Metropolitan City,Sub-Metropolitan City,18,20
Koshi Province,Sunsari,11,Dharan Sub-Metropolitan City,Sub-Metropolitan City,19,20
Koshi Province,Sunsari,11,Dharan Sub-Metropolitan City,Sub-Metropolitan City,20,20
Koshi Province,Sunsari,11,Koshi Rural Municipality,Rural Municipality,1,8
Koshi Province,Sunsari,11,Koshi Rural Municipality,Rural Municipality,2,8
Koshi Province,Sunsari,11,Koshi Rural Municipality,Rural Municipality,3,8
Koshi Province,Sunsari,11,Koshi Rural Municipality,Rural Municipality,4,8
Koshi Province,Sunsari,11,Koshi Rural Municipality,Rural Municipality,5,8
Koshi Province,Sunsari,11,Koshi Rural Municipality,Rural Municipality,6,8
Koshi Province,Sunsari,11,Koshi Rural Municipality,Rural Municipality,7,8
Koshi Province,Sunsari,11,Koshi Rural Municipality,Rural Municipality,8,8
Koshi Province,Sunsari,11,Harinagar Rural Municipality,Rural Municipality,1,7
Koshi Province,Sunsari,11,Harinagar Rural Municipality,Rural Municipality,2,7
Koshi Province,Sunsari,11,Harinagar Rural Municipality,Rural Municipality,3,7
Koshi Province,Sunsari,11,Harinagar Rural Municipality,Rural Municipality,4,7
Koshi Province,Sunsari,11,Harinagar Rural Municipality,Rural Municipality,5,7
Koshi Province,Sunsari,11,Harinagar Rural Municipality,Rural Municipality,6,7
Koshi Province,Sunsari,11,Harinagar Rural Municipality,Rural Municipality,7,7
Koshi Province,Sunsari,11,Bhokraha Narsingh Rural Municipality,Rural Municipality,1,8
Koshi Province,Sunsari,11,Bhokraha Narsingh Rural Municipality,Rural Municipality,2,8
Koshi Province,Sunsari,11,Bhokraha Narsingh Rural Municipality,Rural Municipality,3,8
Koshi Province,Sunsari,11,Bhokraha Narsingh Rural Municipality,Rural Municipality,4,8
Koshi Province,Sunsari,11,Bhokraha Narsingh Rural Municipality,Rural Municipality,5,8
Koshi Province,Sunsari,11,Bhokraha Narsingh Rural Municipality,Rural Municipality,6,8
Koshi Province,Sunsari,11,Bhokraha Narsingh Rural Municipality,Rural Municipality,7,8
Koshi Province,Sunsari,11,Bhokraha Narsingh Rural Municipality,Rural Municipality,8,8
Koshi Province,Sunsari,11,Dewangunj Rural Municipality,Rural Municipality,1,7
Koshi Province,Sunsari,11,Dewangunj Rural Municipality,Rural Municipality,2,7
Koshi Province,Sunsari,11,Dewangunj Rural Municipality,Rural Municipality,3,7
Koshi Province,Sunsari,11,Dewangunj Rural Municipality,Rural Municipality,4,7
Koshi Province,Sunsari,11,Dewangunj Rural Municipality,Rural Municipality,5,7
Koshi Province,Sunsari,11,Dewangunj Rural Municipality,Rural Municipality,6,7
Koshi Province,Sunsari,11,Dewangunj Rural Municipality,Rural Municipality,7,7
Koshi Province,Sunsari,11,Gadhi Rural Municipality,Rural Municipality,1,6
Koshi Province,Sunsari,11,Gadhi Rural Municipality,Rural Municipality,2,6
Koshi Province,Sunsari,11,Gadhi Rural Municipality,Rural Municipality,3,6
Koshi Province,Sunsari,11,Gadhi Rural Municipality,Rural Municipality,4,6
Koshi Province,Sunsari,11,Gadhi Rural Municipality,Rural Municipality,5,6
Koshi Province,Sunsari,11,Gadhi Rural Municipality,Rural Municipality,6,6
Koshi Province,Sunsari,11,Barju Rural Municipality,Rural Municipality,1,6
Koshi Province,Sunsari,11,Barju Rural Municipality,Rural Municipality,2,6
Koshi Province,Sunsari,11,Barju Rural Municipality,Rural Municipality,3,6
Koshi Province,Sunsari,11,Barju Rural Municipality,Rural Municipality,4,6
Koshi Province,Sunsari,11,Barju Rural Municipality,Rural Municipality,5,6
Koshi Province,Sunsari,11,Barju Rural Municipality,Rural Municipality,6,6
Koshi Province,Taplejung,12,Phungling Municipality,Municipality,1,11
Koshi Province,Taplejung,12,Phungling Municipality,Municipality,2,11
Koshi Province,Taplejung,12,Phungling Municipality,Municipality,3,11
Koshi Province,Taplejung,12,Phungling Municipality,Municipality,4,11
Koshi Province,Taplejung,12,Phungling Municipality,Municipality,5,11
Koshi Province,Taplejung,12,Phungling Municipality,Municipality,6,11
Koshi Province,Taplejung,12,Phungling Municipality,Municipality,7,11
Koshi Province,Taplejung,12,Phungling Municipality,Municipality,8,11
Koshi Province,Taplejung,12,Phungling Municipality,Municipality,9,11
Koshi Province,Taplejung,12,Phungling Municipality,Municipality,10,11
Koshi Province,Taplejung,12,Phungling Municipality,Municipality,11,11
Koshi Province,Taplejung,12,Sirijangha Rural Municipality,Rural Municipality,1,8
Koshi Province,Taplejung,12,Sirijangha Rural Municipality,Rural Municipality,2,8
Koshi Province,Taplejung,12,Sirijangha Rural Municipality,Rural Municipality,3,8
Koshi Province,Taplejung,12,Sirijangha Rural Municipality,Rural Municipality,4,8
Koshi Province,Taplejung,12,Sirijangha Rural Municipality,Rural Municipality,5,8
Koshi Province,Taplejung,12,Sirijangha Rural Municipality,Rural Municipality,6,8
Koshi Province,Taplejung,12,Sirijangha Rural Municipality,Rural Municipality,7,8
Koshi Province,Taplejung,12,Sirijangha Rural Municipality,Rural Municipality,8,8
Koshi Province,Taplejung,12,Aathrai Triveni Rural Municipality,Rural Municipality,1,5
Koshi Province,Taplejung,12,Aathrai Triveni Rural Municipality,Rural Municipality,2,5
Koshi Province,Taplejung,12,Aathrai Triveni Rural Municipality,Rural Municipality,3,5
Koshi Province,Taplejung,12,Aathrai Triveni Rural Municipality,Rural Municipality,4,5
Koshi Province,Taplejung,12,Aathrai Triveni Rural Municipality,Rural Municipality,5,5
Koshi Province,Taplejung,12,Pathibhara Yangwarak Rural Municipality,Rural Municipality,1,6
Koshi Province,Taplejung,12,Pathibhara Yangwarak Rural Municipality,Rural Municipality,2,6
Koshi Province,Taplejung,12,Pathibhara Yangwarak Rural Municipality,Rural Municipality,3,6
Koshi Province,Taplejung,12,Pathibhara Yangwarak Rural Municipality,Rural Municipality,4,6
Koshi Province,Taplejung,12,Pathibhara Yangwarak Rural Municipality,Rural Municipality,5,6
Koshi Province,Taplejung,12,Pathibhara Yangwarak Rural Municipality,Rural Municipality,6,6
Koshi Province,Taplejung,12,Meringden Rural Municipality,Rural Municipality,1,6
Koshi Province,Taplejung,12,Meringden Rural Municipality,Rural Municipality,2,6
Koshi Province,Taplejung,12,Meringden Rural Municipality,Rural Municipality,3,6
Koshi Province,Taplejung,12,Meringden Rural Municipality,Rural Municipality,4,6
Koshi Province,Taplejung,12,Meringden Rural Municipality,Rural Municipality,5,6
Koshi Province,Taplejung,12,Meringden Rural Municipality,Rural Municipality,6,6
Koshi Province,Taplejung,12,Sidingwa Rural Municipality,Rural Municipality,1,7
Koshi Province,Taplejung,12,Sidingwa Rural Municipality,Rural Municipality,2,7
Koshi Province,Taplejung,12,Sidingwa Rural Municipality,Rural Municipality,3,7
Koshi Province,Taplejung,12,Sidingwa Rural Municipality,Rural Municipality,4,7
Koshi Province,Taplejung,12,Sidingwa Rural Municipality,Rural Municipality,5,7
Koshi Province,Taplejung,12,Sidingwa Rural Municipality,Rural Municipality,6,7
Koshi Province,Taplejung,12,Sidingwa Rural Municipality,Rural Municipality,7,7
Koshi Province,Taplejung,12,Phaktanglung Rural Municipality,Rural Municipality,1,7
Koshi Province,Taplejung,12,Phaktanglung Rural Municipality,Rural Municipality,2,7
Koshi Province,Taplejung,12,Phaktanglung Rural Municipality,Rural Municipality,3,7
Koshi Province,Taplejung,12,Phaktanglung Rural Municipality,Rural Municipality,4,7
Koshi Province,Taplejung,12,Phaktanglung Rural Municipality,Rural Municipality,5,7
Koshi Province,Taplejung,12,Phaktanglung Rural Municipality,Rural Municipality,6,7
Koshi Province,Taplejung,12,Phaktanglung Rural Municipality,Rural Municipality,7,7
Koshi Province,Taplejung,12,Maiwa Khola Rural Municipality,Rural Municipality,1,6
Koshi Province,Taplejung,12,Maiwa Khola Rural Municipality,Rural Municipality,2,6
Koshi Province,Taplejung,12,Maiwa Khola Rural Municipality,Rural Municipality,3,6
Koshi Province,Taplejung,12,Maiwa Khola Rural Municipality,Rural Municipality,4,6
Koshi Province,Taplejung,12,Maiwa Khola Rural Municipality,Rural Municipality,5,6
Koshi Province,Taplejung,12,Maiwa Khola Rural Municipality,Rural Municipality,6,6
Koshi Province,Taplejung,12,Mikwa Khola Rural Municipality,Rural Municipality,1,5
Koshi Province,Taplejung,12,Mikwa Khola Rural Municipality,Rural Municipality,2,5
Koshi Province,Taplejung,12,Mikwa Khola Rural Municipality,Rural Municipality,3,5
Koshi Province,Taplejung,12,Mikwa Khola Rural Municipality,Rural Municipality,4,5
Koshi Province,Taplejung,12,Mikwa Khola Rural Municipality,Rural Municipality,5,5
Koshi Province,Terhathum,13,Myanglung Municipality,Municipality,1,10
Koshi Province,Terhathum,13,Myanglung Municipality,Municipality,2,10
Koshi Province,Terhathum,13,Myanglung Municipality,Municipality,3,10
Koshi Province,Terhathum,13,Myanglung Municipality,Municipality,4,10
Koshi Province,Terhathum,13,Myanglung Municipality,Municipality,5,10
Koshi Province,Terhathum,13,Myanglung Municipality,Municipality,6,10
Koshi Province,Terhathum,13,Myanglung Municipality,Municipality,7,10
Koshi Province,Terhathum,13,Myanglung Municipality,Municipality,8,10
Koshi Province,Terhathum,13,Myanglung Municipality,Municipality,9,10
Koshi Province,Terhathum,13,Myanglung Municipality,Municipality,10,10
Koshi Province,Terhathum,13,Laligurans Municipality,Municipality,1,9
Koshi Province,Terhathum,13,Laligurans Municipality,Municipality,2,9
Koshi Province,Terhathum,13,Laligurans Municipality,Municipality,3,9
Koshi Province,Terhathum,13,Laligurans Municipality,Municipality,4,9
Koshi Province,Terhathum,13,Laligurans Municipality,Municipality,5,9
Koshi Province,Terhathum,13,Laligurans Municipality,Municipality,6,9
Koshi Province,Terhathum,13,Laligurans Municipality,Municipality,7,9
Koshi Province,Terhathum,13,Laligurans Municipality,Municipality,8,9
Koshi Province,Terhathum,13,Laligurans Municipality,Municipality,9,9
Koshi Province,Terhathum,13,Aathrai Rural Municipality,Rural Municipality,1,7
Koshi Province,Terhathum,13,Aathrai Rural Municipality,Rural Municipality,2,7
Koshi Province,Terhathum,13,Aathrai Rural Municipality,Rural Municipality,3,7
Koshi Province,Terhathum,13,Aathrai Rural Municipality,Rural Municipality,4,7
Koshi Province,Terhathum,13,Aathrai Rural Municipality,Rural Municipality,5,7
Koshi Province,Terhathum,13,Aathrai Rural Municipality,Rural Municipality,6,7
Koshi Province,Terhathum,13,Aathrai Rural Municipality,Rural Municipality,7,7
Koshi Province,Terhathum,13,Phedap Rural Municipality,Rural Municipality,1,5
Koshi Province,Terhathum,13,Phedap Rural Municipality,Rural Municipality,2,5
Koshi Province,Terhathum,13,Phedap Rural Municipality,Rural Municipality,3,5
Koshi Province,Terhathum,13,Phedap Rural Municipality,Rural Municipality,4,5
Koshi Province,Terhathum,13,Phedap Rural Municipality,Rural Municipality,5,5
Koshi Province,Terhathum,13,Chhathar Rural Municipality,Rural Municipality,1,6
Koshi Province,Terhathum,13,Chhathar Rural Municipality,Rural Municipality,2,6
Koshi Province,Terhathum,13,Chhathar Rural Municipality,Rural Municipality,3,6
Koshi Province,Terhathum,13,Chhathar Rural Municipality,Rural Municipality,4,6
Koshi Province,Terhathum,13,Chhathar Rural Municipality,Rural Municipality,5,6
Koshi Province,Terhathum,13,Chhathar Rural Municipality,Rural Municipality,6,6
Koshi Province,Terhathum,13,Menchayayem Rural Municipality,Rural Municipality,1,6
Koshi Province,Terhathum,13,Menchayayem Rural Municipality,Rural Municipality,2,6
Koshi Province,Terhathum,13,Menchayayem Rural Municipality,Rural Municipality,3,6
Koshi Province,Terhathum,13,Menchayayem Rural Municipality,Rural Municipality,4,6
Koshi Province,Terhathum,13,Menchayayem Rural Municipality,Rural Municipality,5,6
Koshi Province,Terhathum,13,Menchayayem Rural Municipality,Rural Municipality,6,6
Koshi Province,Udayapur,14,Triyuga Municipality,Municipality,1,16
Koshi Province,Udayapur,14,Triyuga Municipality,Municipality,2,16
Koshi Province,Udayapur,14,Triyuga Municipality,Municipality,3,16
Koshi Province,Udayapur,14,Triyuga Municipality,Municipality,4,16
Koshi Province,Udayapur,14,Triyuga Municipality,Municipality,5,16
Koshi Province,Udayapur,14,Triyuga Municipality,Municipality,6,16
Koshi Province,Udayapur,14,Triyuga Municipality,Municipality,7,16
Koshi Province,Udayapur,14,Triyuga Municipality,Municipality,8,16
Koshi Province,Udayapur,14,Triyuga Municipality,Municipality,9,16
Koshi Province,Udayapur,14,Triyuga Municipality,Municipality,10,16
Koshi Province,Udayapur,14,Triyuga Municipality,Municipality,11,16
Koshi Province,Udayapur,14,Triyuga Municipality,Municipality,12,16
Koshi Province,Udayapur,14,Triyuga Municipality,Municipality,13,16
Koshi Province,Udayapur,14,Triyuga Municipality,Municipality,14,16
Koshi Province,Udayapur,14,Triyuga Municipality,Municipality,15,16
Koshi Province,Udayapur,14,Triyuga Municipality,Municipality,16,16
Koshi Province,Udayapur,14,Katari Municipality,Municipality,1,14
Koshi Province,Udayapur,14,Katari Municipality,Municipality,2,14
Koshi Province,Udayapur,14,Katari Municipality,Municipality,3,14
Koshi Province,Udayapur,14,Katari Municipality,Municipality,4,14
Koshi Province,Udayapur,14,Katari Municipality,Municipality,5,14
Koshi Province,Udayapur,14,Katari Municipality,Municipality,6,14
Koshi Province,Udayapur,14,Katari Municipality,Municipality,7,14
Koshi Province,Udayapur,14,Katari Municipality,Municipality,8,14
Koshi Province,Udayapur,14,Katari Municipality,Municipality,9,14
Koshi Province,Udayapur,14,Katari Municipality,Municipality,10,14
Koshi Province,Udayapur,14,Katari Municipality,Municipality,11,14
Koshi Province,Udayapur,14,Katari Municipality,Municipality,12,14
Koshi Province,Udayapur,14,Katari Municipality,Municipality,13,14
Koshi Province,Udayapur,14,Katari Municipality,Municipality,14,14
Koshi Province,Udayapur,14,Chaudandigadhi Municipality,Municipality,1,10
Koshi Province,Udayapur,14,Chaudandigadhi Municipality,Municipality,2,10
Koshi Province,Udayapur,14,Chaudandigadhi Municipality,Municipality,3,10
Koshi Province,Udayapur,14,Chaudandigadhi Municipality,Municipality,4,10
Koshi Province,Udayapur,14,Chaudandigadhi Municipality,Municipality,5,10
Koshi Province,Udayapur,14,Chaudandigadhi Municipality,Municipality,6,10
Koshi Province,Udayapur,14,Chaudandigadhi Municipality,Municipality,7,10
Koshi Province,Udayapur,14,Chaudandigadhi Municipality,Municipality,8,10
Koshi Province,Udayapur,14,Chaudandigadhi Municipality,Municipality,9,10
Koshi Province,Udayapur,14,Chaudandigadhi Municipality,Municipality,10,10
Koshi Province,Udayapur,14,Belaka Municipality,Municipality,1,9
Koshi Province,Udayapur,14,Belaka Municipality,Municipality,2,9
Koshi Province,Udayapur,14,Belaka Municipality,Municipality,3,9
Koshi Province,Udayapur,14,Belaka Municipality,Municipality,4,9
Koshi Province,Udayapur,14,Belaka Municipality,Municipality,5,9
Koshi Province,Udayapur,14,Belaka Municipality,Municipality,6,9
Koshi Province,Udayapur,14,Belaka Municipality,Municipality,7,9
Koshi Province,Udayapur,14,Belaka Municipality,Municipality,8,9
Koshi Province,Udayapur,14,Belaka Municipality,Municipality,9,9
Koshi Province,Udayapur,14,Udayapurgadhi Rural Municipality,Rural Municipality,1,8
Koshi Province,Udayapur,14,Udayapurgadhi Rural Municipality,Rural Municipality,2,8
Koshi Province,Udayapur,14,Udayapurgadhi Rural Municipality,Rural Municipality,3,8
Koshi Province,Udayapur,14,Udayapurgadhi Rural Municipality,Rural Municipality,4,8
Koshi Province,Udayapur,14,Udayapurgadhi Rural Municipality,Rural Municipality,5,8
Koshi Province,Udayapur,14,Udayapurgadhi Rural Municipality,Rural Municipality,6,8
Koshi Province,Udayapur,14,Udayapurgadhi Rural Municipality,Rural Municipality,7,8
Koshi Province,Udayapur,14,Udayapurgadhi Rural Municipality,Rural Municipality,8,8
Koshi Province,Udayapur,14,Rautamai Rural Municipality,Rural Municipality,1,8
Koshi Province,Udayapur,14,Rautamai Rural Municipality,Rural Municipality,2,8
Koshi Province,Udayapur,14,Rautamai Rural Municipality,Rural Municipality,3,8
Koshi Province,Udayapur,14,Rautamai Rural Municipality,Rural Municipality,4,8
Koshi Province,Udayapur,14,Rautamai Rural Municipality,Rural Municipality,5,8
Koshi Province,Udayapur,14,Rautamai Rural Municipality,Rural Municipality,6,8
Koshi Province,Udayapur,14,Rautamai Rural Municipality,Rural Municipality,7,8
Koshi Province,Udayapur,14,Rautamai Rural Municipality,Rural Municipality,8,8
Koshi Province,Udayapur,14,Tapli Rural Municipality,Rural Municipality,1,5
Koshi Province,Udayapur,14,Tapli Rural Municipality,Rural Municipality,2,5
Koshi Province,Udayapur,14,Tapli Rural Municipality,Rural Municipality,3,5
Koshi Province,Udayapur,14,Tapli Rural Municipality,Rural Municipality,4,5
Koshi Province,Udayapur,14,Tapli Rural Municipality,Rural Municipality,5,5
Koshi Province,Udayapur,14,Limchungbung Rural Municipality,Rural Municipality,1,5
Koshi Province,Udayapur,14,Limchungbung Rural Municipality,Rural Municipality,2,5
Koshi Province,Udayapur,14,Limchungbung Rural Municipality,Rural Municipality,3,5
Koshi Province,Udayapur,14,Limchungbung Rural Municipality,Rural Municipality,4,5
Koshi Province,Udayapur,14,Limchungbung Rural Municipality,Rural Municipality,5,5
Madhesh Province,Parsa,15,Birgunj Metropolitan City,Metropolitan City,1,32
Madhesh Province,Parsa,15,Birgunj Metropolitan City,Metropolitan City,2,32
Madhesh Province,Parsa,15,Birgunj Metropolitan City,Metropolitan City,3,32
Madhesh Province,Parsa,15,Birgunj Metropolitan City,Metropolitan City,4,32
Madhesh Province,Parsa,15,Birgunj Metropolitan City,Metropolitan City,5,32
Madhesh Province,Parsa,15,Birgunj Metropolitan City,Metropolitan City,6,32
Madhesh Province,Parsa,15,Birgunj Metropolitan City,Metropolitan City,7,32
Madhesh Province,Parsa,15,Birgunj Metropolitan City,Metropolitan City,8,32
Madhesh Province,Parsa,15,Birgunj Metropolitan City,Metropolitan City,9,32
Madhesh Province,Parsa,15,Birgunj Metropolitan City,Metropolitan City,10,32
Madhesh Province,Parsa,15,Birgunj Metropolitan City,Metropolitan City,11,32
Madhesh Province,Parsa,15,Birgunj Metropolitan City,Metropolitan City,12,32
Madhesh Province,Parsa,15,Birgunj Metropolitan City,Metropolitan City,13,32
Madhesh Province,Parsa,15,Birgunj Metropolitan City,Metropolitan City,14,32
Madhesh Province,Parsa,15,Birgunj Metropolitan City,Metropolitan City,15,32
Madhesh Province,Parsa,15,Birgunj Metropolitan City,Metropolitan City,16,32
Madhesh Province,Parsa,15,Birgunj Metropolitan City,Metropolitan City,17,32
Madhesh Province,Parsa,15,Birgunj Metropolitan City,Metropolitan City,18,32
Madhesh Province,Parsa,15,Birgunj Metropolitan City,Metropolitan City,19,32
Madhesh Province,Parsa,15,Birgunj Metropolitan City,Metropolitan City,20,32
Madhesh Province,Parsa,15,Birgunj Metropolitan City,Metropolitan City,21,32
Madhesh Province,Parsa,15,Birgunj Metropolitan City,Metropolitan City,22,32
Madhesh Province,Parsa,15,Birgunj Metropolitan City,Metropolitan City,23,32
Madhesh Province,Parsa,15,Birgunj Metropolitan City,Metropolitan City,24,32
Madhesh Province,Parsa,15,Birgunj Metropolitan City,Metropolitan City,25,32
Madhesh Province,Parsa,15,Birgunj Metropolitan City,Metropolitan City,26,32
Madhesh Province,Parsa,15,Birgunj Metropolitan City,Metropolitan City,27,32
Madhesh Province,Parsa,15,Birgunj Metropolitan City,Metropolitan City,28,32
Madhesh Province,Parsa,15,Birgunj Metropolitan City,Metropolitan City,29,32
Madhesh Province,Parsa,15,Birgunj Metropolitan City,Metropolitan City,30,32
Madhesh Province,Parsa,15,Birgunj Metropolitan City,Metropolitan City,31,32
Madhesh Province,Parsa,15,Birgunj Metropolitan City,Metropolitan City,32,32
Madhesh Province,Parsa,15,Bahudarmai Municipality,Municipality,1,9
Madhesh Province,Parsa,15,Bahudarmai Municipality,Municipality,2,9
Madhesh Province,Parsa,15,Bahudarmai Municipality,Municipality,3,9
Madhesh Province,Parsa,15,Bahudarmai Municipality,Municipality,4,9
Madhesh Province,Parsa,15,Bahudarmai Municipality,Municipality,5,9
Madhesh Province,Parsa,15,Bahudarmai Municipality,Municipality,6,9
Madhesh Province,Parsa,15,Bahudarmai Municipality,Municipality,7,9
Madhesh Province,Parsa,15,Bahudarmai Municipality,Municipality,8,9
Madhesh Province,Parsa,15,Bahudarmai Municipality,Municipality,9,9
Madhesh Province,Parsa,15,Parsagadhi Municipality,Municipality,1,9
Madhesh Province,Parsa,15,Parsagadhi Municipality,Municipality,2,9
Madhesh Province,Parsa,15,Parsagadhi Municipality,Municipality,3,9
Madhesh Province,Parsa,15,Parsagadhi Municipality,Municipality,4,9
Madhesh Province,Parsa,15,Parsagadhi Municipality,Municipality,5,9
Madhesh Province,Parsa,15,Parsagadhi Municipality,Municipality,6,9
Madhesh Province,Parsa,15,Parsagadhi Municipality,Municipality,7,9
Madhesh Province,Parsa,15,Parsagadhi Municipality,Municipality,8,9
Madhesh Province,Parsa,15,Parsagadhi Municipality,Municipality,9,9
Madhesh Province,Parsa,15,Pokhariya Municipality,Municipality,1,10
Madhesh Province,Parsa,15,Pokhariya Municipality,Municipality,2,10
Madhesh Province,Parsa,15,Pokhariya Municipality,Municipality,3,10
Madhesh Province,Parsa,15,Pokhariya Municipality,Municipality,4,10
Madhesh Province,Parsa,15,Pokhariya Municipality,Municipality,5,10
Madhesh Province,Parsa,15,Pokhariya Municipality,Municipality,6,10
Madhesh Province,Parsa,15,Pokhariya Municipality,Municipality,7,10
Madhesh Province,Parsa,15,Pokhariya Municipality,Municipality,8,10
Madhesh Province,Parsa,15,Pokhariya Municipality,Municipality,9,10
Madhesh Province,Parsa,15,Pokhariya Municipality,Municipality,10,10
Madhesh Province,Parsa,15,Bindabasini Rural Municipality,Rural Municipality,1,5
Madhesh Province,Parsa,15,Bindabasini Rural Municipality,Rural Municipality,2,5
Madhesh Province,Parsa,15,Bindabasini Rural Municipality,Rural Municipality,3,5
Madhesh Province,Parsa,15,Bindabasini Rural Municipality,Rural Municipality,4,5
Madhesh Province,Parsa,15,Bindabasini Rural Municipality,Rural Municipality,5,5
Madhesh Province,Parsa,15,Dhobini Rural Municipality,Rural Municipality,1,5
Madhesh Province,Parsa,15,Dhobini Rural Municipality,Rural Municipality,2,5
Madhesh Province,Parsa,15,Dhobini Rural Municipality,Rural Municipality,3,5
Madhesh Province,Parsa,15,Dhobini Rural Municipality,Rural Municipality,4,5
Madhesh Province,Parsa,15,Dhobini Rural Municipality,Rural Municipality,5,5
Madhesh Province,Parsa,15,Chhipaharmai Rural Municipality,Rural Municipality,1,5
Madhesh Province,Parsa,15,Chhipaharmai Rural Municipality,Rural Municipality,2,5
Madhesh Province,Parsa,15,Chhipaharmai Rural Municipality,Rural Municipality,3,5
Madhesh Province,Parsa,15,Chhipaharmai Rural Municipality,Rural Municipality,4,5
Madhesh Province,Parsa,15,Chhipaharmai Rural Municipality,Rural Municipality,5,5
Madhesh Province,Parsa,15,Jagarnathpur Rural Municipality,Rural Municipality,1,6
Madhesh Province,Parsa,15,Jagarnathpur Rural Municipality,Rural Municipality,2,6
Madhesh Province,Parsa,15,Jagarnathpur Rural Municipality,Rural Municipality,3,6
Madhesh Province,Parsa,15,Jagarnathpur Rural Municipality,Rural Municipality,4,6
Madhesh Province,Parsa,15,Jagarnathpur Rural Municipality,Rural Municipality,5,6
Madhesh Province,Parsa,15,Jagarnathpur Rural Municipality,Rural Municipality,6,6
Madhesh Province,Parsa,15,Jirabhawani Rural Municipality,Rural Municipality,1,5
Madhesh Province,Parsa,15,Jirabhawani Rural Municipality,Rural Municipality,2,5
Madhesh Province,Parsa,15,Jirabhawani Rural Municipality,Rural Municipality,3,5
Madhesh Province,Parsa,15,Jirabhawani Rural Municipality,Rural Municipality,4,5
Madhesh Province,Parsa,15,Jirabhawani Rural Municipality,Rural Municipality,5,5
Madhesh Province,Parsa,15,Kalikamai Rural Municipality,Rural Municipality,1,5
Madhesh Province,Parsa,15,Kalikamai Rural Municipality,Rural Municipality,2,5
Madhesh Province,Parsa,15,Kalikamai Rural Municipality,Rural Municipality,3,5
Madhesh Province,Parsa,15,Kalikamai Rural Municipality,Rural Municipality,4,5
Madhesh Province,Parsa,15,Kalikamai Rural Municipality,Rural Municipality,5,5
Madhesh Province,Parsa,15,Pakaha Mainpur Rural Municipality,Rural Municipality,1,5
Madhesh Province,Parsa,15,Pakaha Mainpur Rural Municipality,Rural Municipality,2,5
Madhesh Province,Parsa,15,Pakaha Mainpur Rural Municipality,Rural Municipality,3,5
Madhesh Province,Parsa,15,Pakaha Mainpur Rural Municipality,Rural Municipality,4,5
Madhesh Province,Parsa,15,Pakaha Mainpur Rural Municipality,Rural Municipality,5,5
Madhesh Province,Parsa,15,Paterwa Sugauli Rural Municipality,Rural Municipality,1,5
Madhesh Province,Parsa,15,Paterwa Sugauli Rural Municipality,Rural Municipality,2,5
Madhesh Province,Parsa,15,Paterwa Sugauli Rural Municipality,Rural Municipality,3,5
Madhesh Province,Parsa,15,Paterwa Sugauli Rural Municipality,Rural Municipality,4,5
Madhesh Province,Parsa,15,Paterwa Sugauli Rural Municipality,Rural Municipality,5,5
Madhesh Province,Parsa,15,Sakhuwa Prasauni Rural Municipality,Rural Municipality,1,6
Madhesh Province,Parsa,15,Sakhuwa Prasauni Rural Municipality,Rural Municipality,2,6
Madhesh Province,Parsa,15,Sakhuwa Prasauni Rural Municipality,Rural Municipality,3,6
Madhesh Province,Parsa,15,Sakhuwa Prasauni Rural Municipality,Rural Municipality,4,6
Madhesh Province,Parsa,15,Sakhuwa Prasauni Rural Municipality,Rural Municipality,5,6
Madhesh Province,Parsa,15,Sakhuwa Prasauni Rural Municipality,Rural Municipality,6,6
Madhesh Province,Parsa,15,Thori Rural Municipality,Rural Municipality,1,5
Madhesh Province,Parsa,15,Thori Rural Municipality,Rural Municipality,2,5
Madhesh Province,Parsa,15,Thori Rural Municipality,Rural Municipality,3,5
Madhesh Province,Parsa,15,Thori Rural Municipality,Rural Municipality,4,5
Madhesh Province,Parsa,15,Thori Rural Municipality,Rural Municipality,5,5
Madhesh Province,Bara,16,Kalaiya Sub-Metropolitan City,Sub-Metropolitan City,1,27
Madhesh Province,Bara,16,Kalaiya Sub-Metropolitan City,Sub-Metropolitan City,2,27
Madhesh Province,Bara,16,Kalaiya Sub-Metropolitan City,Sub-Metropolitan City,3,27
Madhesh Province,Bara,16,Kalaiya Sub-Metropolitan City,Sub-Metropolitan City,4,27
Madhesh Province,Bara,16,Kalaiya Sub-Metropolitan City,Sub-Metropolitan City,5,27
Madhesh Province,Bara,16,Kalaiya Sub-Metropolitan City,Sub-Metropolitan City,6,27
Madhesh Province,Bara,16,Kalaiya Sub-Metropolitan City,Sub-Metropolitan City,7,27
Madhesh Province,Bara,16,Kalaiya Sub-Metropolitan City,Sub-Metropolitan City,8,27
Madhesh Province,Bara,16,Kalaiya Sub-Metropolitan City,Sub-Metropolitan City,9,27
Madhesh Province,Bara,16,Kalaiya Sub-Metropolitan City,Sub-Metropolitan City,10,27
Madhesh Province,Bara,16,Kalaiya Sub-Metropolitan City,Sub-Metropolitan City,11,27
Madhesh Province,Bara,16,Kalaiya Sub-Metropolitan City,Sub-Metropolitan City,12,27
Madhesh Province,Bara,16,Kalaiya Sub-Metropolitan City,Sub-Metropolitan City,13,27
Madhesh Province,Bara,16,Kalaiya Sub-Metropolitan City,Sub-Metropolitan City,14,27
Madhesh Province,Bara,16,Kalaiya Sub-Metropolitan City,Sub-Metropolitan City,15,27
Madhesh Province,Bara,16,Kalaiya Sub-Metropolitan City,Sub-Metropolitan City,16,27
Madhesh Province,Bara,16,Kalaiya Sub-Metropolitan City,Sub-Metropolitan City,17,27
Madhesh Province,Bara,16,Kalaiya Sub-Metropolitan City,Sub-Metropolitan City,18,27
Madhesh Province,Bara,16,Kalaiya Sub-Metropolitan City,Sub-Metropolitan City,19,27
Madhesh Province,Bara,16,Kalaiya Sub-Metropolitan City,Sub-Metropolitan City,20,27
Madhesh Province,Bara,16,Kalaiya Sub-Metropolitan City,Sub-Metropolitan City,21,27
Madhesh Province,Bara,16,Kalaiya Sub-Metropolitan City,Sub-Metropolitan City,22,27
Madhesh Province,Bara,16,Kalaiya Sub-Metropolitan City,Sub-Metropolitan City,23,27
Madhesh Province,Bara,16,Kalaiya Sub-Metropolitan City,Sub-Metropolitan City,24,27
Madhesh Province,Bara,16,Kalaiya Sub-Metropolitan City,Sub-Metropolitan City,25,27
Madhesh Province,Bara,16,Kalaiya Sub-Metropolitan City,Sub-Metropolitan City,26,27
Madhesh Province,Bara,16,Kalaiya Sub-Metropolitan City,Sub-Metropolitan City,27,27
Madhesh Province,Bara,16,Jitpur Simara Sub-Metropolitan City,Sub-Metropolitan City,1,24
Madhesh Province,Bara,16,Jitpur Simara Sub-Metropolitan City,Sub-Metropolitan City,2,24
Madhesh Province,Bara,16,Jitpur Simara Sub-Metropolitan City,Sub-Metropolitan City,3,24
Madhesh Province,Bara,16,Jitpur Simara Sub-Metropolitan City,Sub-Metropolitan City,4,24
Madhesh Province,Bara,16,Jitpur Simara Sub-Metropolitan City,Sub-Metropolitan City,5,24
Madhesh Province,Bara,16,Jitpur Simara Sub-Metropolitan City,Sub-Metropolitan City,6,24
Madhesh Province,Bara,16,Jitpur Simara Sub-Metropolitan City,Sub-Metropolitan City,7,24
Madhesh Province,Bara,16,Jitpur Simara Sub-Metropolitan City,Sub-Metropolitan City,8,24
Madhesh Province,Bara,16,Jitpur Simara Sub-Metropolitan City,Sub-Metropolitan City,9,24
Madhesh Province,Bara,16,Jitpur Simara Sub-Metropolitan City,Sub-Metropolitan City,10,24
Madhesh Province,Bara,16,Jitpur Simara Sub-Metropolitan City,Sub-Metropolitan City,11,24
Madhesh Province,Bara,16,Jitpur Simara Sub-Metropolitan City,Sub-Metropolitan City,12,24
Madhesh Province,Bara,16,Jitpur Simara Sub-Metropolitan City,Sub-Metropolitan City,13,24
Madhesh Province,Bara,16,Jitpur Simara Sub-Metropolitan City,Sub-Metropolitan City,14,24
Madhesh Province,Bara,16,Jitpur Simara Sub-Metropolitan City,Sub-Metropolitan City,15,24
Madhesh Province,Bara,16,Jitpur Simara Sub-Metropolitan City,Sub-Metropolitan City,16,24
Madhesh Province,Bara,16,Jitpur Simara Sub-Metropolitan City,Sub-Metropolitan City,17,24
Madhesh Province,Bara,16,Jitpur Simara Sub-Metropolitan City,Sub-Metropolitan City,18,24
Madhesh Province,Bara,16,Jitpur Simara Sub-Metropolitan City,Sub-Metropolitan City,19,24
Madhesh Province,Bara,16,Jitpur Simara Sub-Metropolitan City,Sub-Metropolitan City,20,24
Madhesh Province,Bara,16,Jitpur Simara Sub-Metropolitan City,Sub-Metropolitan City,21,24
Madhesh Province,Bara,16,Jitpur Simara Sub-Metropolitan City,Sub-Metropolitan City,22,24
Madhesh Province,Bara,16,Jitpur Simara Sub-Metropolitan City,Sub-Metropolitan City,23,24
Madhesh Province,Bara,16,Jitpur Simara Sub-Metropolitan City,Sub-Metropolitan City,24,24
Madhesh Province,Bara,16,Kolhabi Municipality,Municipality,1,11
Madhesh Province,Bara,16,Kolhabi Municipality,Municipality,2,11
Madhesh Province,Bara,16,Kolhabi Municipality,Municipality,3,11
Madhesh Province,Bara,16,Kolhabi Municipality,Municipality,4,11
Madhesh Province,Bara,16,Kolhabi Municipality,Municipality,5,11
Madhesh Province,Bara,16,Kolhabi Municipality,Municipality,6,11
Madhesh Province,Bara,16,Kolhabi Municipality,Municipality,7,11
Madhesh Province,Bara,16,Kolhabi Municipality,Municipality,8,11
Madhesh Province,Bara,16,Kolhabi Municipality,Municipality,9,11
Madhesh Province,Bara,16,Kolhabi Municipality,Municipality,10,11
Madhesh Province,Bara,16,Kolhabi Municipality,Municipality,11,11
Madhesh Province,Bara,16,Nijgadh Municipality,Municipality,1,13
Madhesh Province,Bara,16,Nijgadh Municipality,Municipality,2,13
Madhesh Province,Bara,16,Nijgadh Municipality,Municipality,3,13
Madhesh Province,Bara,16,Nijgadh Municipality,Municipality,4,13
Madhesh Province,Bara,16,Nijgadh Municipality,Municipality,5,13
Madhesh Province,Bara,16,Nijgadh Municipality,Municipality,6,13
Madhesh Province,Bara,16,Nijgadh Municipality,Municipality,7,13
Madhesh Province,Bara,16,Nijgadh Municipality,Municipality,8,13
Madhesh Province,Bara,16,Nijgadh Municipality,Municipality,9,13
Madhesh Province,Bara,16,Nijgadh Municipality,Municipality,10,13
Madhesh Province,Bara,16,Nijgadh Municipality,Municipality,11,13
Madhesh Province,Bara,16,Nijgadh Municipality,Municipality,12,13
Madhesh Province,Bara,16,Nijgadh Municipality,Municipality,13,13
Madhesh Province,Bara,16,Mahagadhimai Municipality,Municipality,1,11
Madhesh Province,Bara,16,Mahagadhimai Municipality,Municipality,2,11
Madhesh Province,Bara,16,Mahagadhimai Municipality,Municipality,3,11
Madhesh Province,Bara,16,Mahagadhimai Municipality,Municipality,4,11
Madhesh Province,Bara,16,Mahagadhimai Municipality,Municipality,5,11
Madhesh Province,Bara,16,Mahagadhimai Municipality,Municipality,6,11
Madhesh Province,Bara,16,Mahagadhimai Municipality,Municipality,7,11
Madhesh Province,Bara,16,Mahagadhimai Municipality,Municipality,8,11
Madhesh Province,Bara,16,Mahagadhimai Municipality,Municipality,9,11
Madhesh Province,Bara,16,Mahagadhimai Municipality,Municipality,10,11
Madhesh Province,Bara,16,Mahagadhimai Municipality,Municipality,11,11
Madhesh Province,Bara,16,Simaraungadh Municipality,Municipality,1,11
Madhesh Province,Bara,16,Simaraungadh Municipality,Municipality,2,11
Madhesh Province,Bara,16,Simaraungadh Municipality,Municipality,3,11
Madhesh Province,Bara,16,Simaraungadh Municipality,Municipality,4,11
Madhesh Province,Bara,16,Simaraungadh Municipality,Municipality,5,11
Madhesh Province,Bara,16,Simaraungadh Municipality,Municipality,6,11
Madhesh Province,Bara,16,Simaraungadh Municipality,Municipality,7,11
Madhesh Province,Bara,16,Simaraungadh Municipality,Municipality,8,11
Madhesh Province,Bara,16,Simaraungadh Municipality,Municipality,9,11
Madhesh Province,Bara,16,Simaraungadh Municipality,Municipality,10,11
Madhesh Province,Bara,16,Simaraungadh Municipality,Municipality,11,11
Madhesh Province,Bara,16,Pacharauta Municipality,Municipality,1,9
Madhesh Province,Bara,16,Pacharauta Municipality,Municipality,2,9
Madhesh Province,Bara,16,Pacharauta Municipality,Municipality,3,9
Madhesh Province,Bara,16,Pacharauta Municipality,Municipality,4,9
Madhesh Province,Bara,16,Pacharauta Municipality,Municipality,5,9
Madhesh Province,Bara,16,Pacharauta Municipality,Municipality,6,9
Madhesh Province,Bara,16,Pacharauta Municipality,Municipality,7,9
Madhesh Province,Bara,16,Pacharauta Municipality,Municipality,8,9
Madhesh Province,Bara,16,Pacharauta Municipality,Municipality,9,9
Madhesh Province,Bara,16,Pheta Rural Municipality,Rural Municipality,1,7
Madhesh Province,Bara,16,Pheta Rural Municipality,Rural Municipality,2,7
Madhesh Province,Bara,16,Pheta Rural Municipality,Rural Municipality,3,7
Madhesh Province,Bara,16,Pheta Rural Municipality,Rural Municipality,4,7
Madhesh Province,Bara,16,Pheta Rural Municipality,Rural Municipality,5,7
Madhesh Province,Bara,16,Pheta Rural Municipality,Rural Municipality,6,7
Madhesh Province,Bara,16,Pheta Rural Municipality,Rural Municipality,7,7
Madhesh Province,Bara,16,Bishrampur Rural Municipality,Rural Municipality,1,5
Madhesh Province,Bara,16,Bishrampur Rural Municipality,Rural Municipality,2,5
Madhesh Province,Bara,16,Bishrampur Rural Municipality,Rural Municipality,3,5
Madhesh Province,Bara,16,Bishrampur Rural Municipality,Rural Municipality,4,5
Madhesh Province,Bara,16,Bishrampur Rural Municipality,Rural Municipality,5,5
Madhesh Province,Bara,16,Prasauni Rural Municipality,Rural Municipality,1,7
Madhesh Province,Bara,16,Prasauni Rural Municipality,Rural Municipality,2,7
Madhesh Province,Bara,16,Prasauni Rural Municipality,Rural Municipality,3,7
Madhesh Province,Bara,16,Prasauni Rural Municipality,Rural Municipality,4,7
Madhesh Province,Bara,16,Prasauni Rural Municipality,Rural Municipality,5,7
Madhesh Province,Bara,16,Prasauni Rural Municipality,Rural Municipality,6,7
Madhesh Province,Bara,16,Prasauni Rural Municipality,Rural Municipality,7,7
Madhesh Province,Bara,16,Adarsh Kotwal Rural Municipality,Rural Municipality,1,8
Madhesh Province,Bara,16,Adarsh Kotwal Rural Municipality,Rural Municipality,2,8
Madhesh Province,Bara,16,Adarsh Kotwal Rural Municipality,Rural Municipality,3,8
Madhesh Province,Bara,16,Adarsh Kotwal Rural Municipality,Rural Municipality,4,8
Madhesh Province,Bara,16,Adarsh Kotwal Rural Municipality,Rural Municipality,5,8
Madhesh Province,Bara,16,Adarsh Kotwal Rural Municipality,Rural Municipality,6,8
Madhesh Province,Bara,16,Adarsh Kotwal Rural Municipality,Rural Municipality,7,8
Madhesh Province,Bara,16,Adarsh Kotwal Rural Municipality,Rural Municipality,8,8
Madhesh Province,Bara,16,Karaiyamai Rural Municipality,Rural Municipality,1,8
Madhesh Province,Bara,16,Karaiyamai Rural Municipality,Rural Municipality,2,8
Madhesh Province,Bara,16,Karaiyamai Rural Municipality,Rural Municipality,3,8
Madhesh Province,Bara,16,Karaiyamai Rural Municipality,Rural Municipality,4,8
Madhesh Province,Bara,16,Karaiyamai Rural Municipality,Rural Municipality,5,8
Madhesh Province,Bara,16,Karaiyamai Rural Municipality,Rural Municipality,6,8
Madhesh Province,Bara,16,Karaiyamai Rural Municipality,Rural Municipality,7,8
Madhesh Province,Bara,16,Karaiyamai Rural Municipality,Rural Municipality,8,8
Madhesh Province,Bara,16,Devtal Rural Municipality,Rural Municipality,1,7
Madhesh Province,Bara,16,Devtal Rural Municipality,Rural Municipality,2,7
Madhesh Province,Bara,16,Devtal Rural Municipality,Rural Municipality,3,7
Madhesh Province,Bara,16,Devtal Rural Municipality,Rural Municipality,4,7
Madhesh Province,Bara,16,Devtal Rural Municipality,Rural Municipality,5,7
Madhesh Province,Bara,16,Devtal Rural Municipality,Rural Municipality,6,7
Madhesh Province,Bara,16,Devtal Rural Municipality,Rural Municipality,7,7
Madhesh Province,Bara,16,Parwanipur Rural Municipality,Rural Municipality,1,5
Madhesh Province,Bara,16,Parwanipur Rural Municipality,Rural Municipality,2,5
Madhesh Province,Bara,16,Parwanipur Rural Municipality,Rural Municipality,3,5
Madhesh Province,Bara,16,Parwanipur Rural Municipality,Rural Municipality,4,5
Madhesh Province,Bara,16,Parwanipur Rural Municipality,Rural Municipality,5,5
Madhesh Province,Bara,16,Baragadhi Rural Municipality,Rural Municipality,1,6
Madhesh Province,Bara,16,Baragadhi Rural Municipality,Rural Municipality,2,6
Madhesh Province,Bara,16,Baragadhi Rural Municipality,Rural Municipality,3,6
Madhesh Province,Bara,16,Baragadhi Rural Municipality,Rural Municipality,4,6
Madhesh Province,Bara,16,Baragadhi Rural Municipality,Rural Municipality,5,6
Madhesh Province,Bara,16,Baragadhi Rural Municipality,Rural Municipality,6,6
Madhesh Province,Bara,16,Suwarna Rural Municipality,Rural Municipality,1,8
Madhesh Province,Bara,16,Suwarna Rural Municipality,Rural Municipality,2,8
Madhesh Province,Bara,16,Suwarna Rural Municipality,Rural Municipality,3,8
Madhesh Province,Bara,16,Suwarna Rural Municipality,Rural Municipality,4,8
Madhesh Province,Bara,16,Suwarna Rural Municipality,Rural Municipality,5,8
Madhesh Province,Bara,16,Suwarna Rural Municipality,Rural Municipality,6,8
Madhesh Province,Bara,16,Suwarna Rural Municipality,Rural Municipality,7,8
Madhesh Province,Bara,16,Suwarna Rural Municipality,Rural Municipality,8,8
Madhesh Province,Rautahat,17,Baudhimai Municipality,Municipality,1,9
Madhesh Province,Rautahat,17,Baudhimai Municipality,Municipality,2,9
Madhesh Province,Rautahat,17,Baudhimai Municipality,Municipality,3,9
Madhesh Province,Rautahat,17,Baudhimai Municipality,Municipality,4,9
Madhesh Province,Rautahat,17,Baudhimai Municipality,Municipality,5,9
Madhesh Province,Rautahat,17,Baudhimai Municipality,Municipality,6,9
Madhesh Province,Rautahat,17,Baudhimai Municipality,Municipality,7,9
Madhesh Province,Rautahat,17,Baudhimai Municipality,Municipality,8,9
Madhesh Province,Rautahat,17,Baudhimai Municipality,Municipality,9,9
Madhesh Province,Rautahat,17,Brindaban Municipality,Municipality,1,9
Madhesh Province,Rautahat,17,Brindaban Municipality,Municipality,2,9
Madhesh Province,Rautahat,17,Brindaban Municipality,Municipality,3,9
Madhesh Province,Rautahat,17,Brindaban Municipality,Municipality,4,9
Madhesh Province,Rautahat,17,Brindaban Municipality,Municipality,5,9
Madhesh Province,Rautahat,17,Brindaban Municipality,Municipality,6,9
Madhesh Province,Rautahat,17,Brindaban Municipality,Municipality,7,9
Madhesh Province,Rautahat,17,Brindaban Municipality,Municipality,8,9
Madhesh Province,Rautahat,17,Brindaban Municipality,Municipality,9,9
Madhesh Province,Rautahat,17,Chandrapur Municipality,Municipality,1,10
Madhesh Province,Rautahat,17,Chandrapur Municipality,Municipality,2,10
Madhesh Province,Rautahat,17,Chandrapur Municipality,Municipality,3,10
Madhesh Province,Rautahat,17,Chandrapur Municipality,Municipality,4,10
Madhesh Province,Rautahat,17,Chandrapur Municipality,Municipality,5,10
Madhesh Province,Rautahat,17,Chandrapur Municipality,Municipality,6,10
Madhesh Province,Rautahat,17,Chandrapur Municipality,Municipality,7,10
Madhesh Province,Rautahat,17,Chandrapur Municipality,Municipality,8,10
Madhesh Province,Rautahat,17,Chandrapur Municipality,Municipality,9,10
Madhesh Province,Rautahat,17,Chandrapur Municipality,Municipality,10,10
Madhesh Province,Rautahat,17,Dewahi Gonahi Municipality,Municipality,1,9
Madhesh Province,Rautahat,17,Dewahi Gonahi Municipality,Municipality,2,9
Madhesh Province,Rautahat,17,Dewahi Gonahi Municipality,Municipality,3,9
Madhesh Province,Rautahat,17,Dewahi Gonahi Municipality,Municipality,4,9
Madhesh Province,Rautahat,17,Dewahi Gonahi Municipality,Municipality,5,9
Madhesh Province,Rautahat,17,Dewahi Gonahi Municipality,Municipality,6,9
Madhesh Province,Rautahat,17,Dewahi Gonahi Municipality,Municipality,7,9
Madhesh Province,Rautahat,17,Dewahi Gonahi Municipality,Municipality,8,9
Madhesh Province,Rautahat,17,Dewahi Gonahi Municipality,Municipality,9,9
Madhesh Province,Rautahat,17,Gadhimai Municipality,Municipality,1,9
Madhesh Province,Rautahat,17,Gadhimai Municipality,Municipality,2,9
Madhesh Province,Rautahat,17,Gadhimai Municipality,Municipality,3,9
Madhesh Province,Rautahat,17,Gadhimai Municipality,Municipality,4,9
Madhesh Province,Rautahat,17,Gadhimai Municipality,Municipality,5,9
Madhesh Province,Rautahat,17,Gadhimai Municipality,Municipality,6,9
Madhesh Province,Rautahat,17,Gadhimai Municipality,Municipality,7,9
Madhesh Province,Rautahat,17,Gadhimai Municipality,Municipality,8,9
Madhesh Province,Rautahat,17,Gadhimai Municipality,Municipality,9,9
Madhesh Province,Rautahat,17,Guruda Municipality,Municipality,1,9
Madhesh Province,Rautahat,17,Guruda Municipality,Municipality,2,9
Madhesh Province,Rautahat,17,Guruda Municipality,Municipality,3,9
Madhesh Province,Rautahat,17,Guruda Municipality,Municipality,4,9
Madhesh Province,Rautahat,17,Guruda Municipality,Municipality,5,9
Madhesh Province,Rautahat,17,Guruda Municipality,Municipality,6,9
Madhesh Province,Rautahat,17,Guruda Municipality,Municipality,7,9
Madhesh Province,Rautahat,17,Guruda Municipality,Municipality,8,9
Madhesh Province,Rautahat,17,Guruda Municipality,Municipality,9,9
Madhesh Province,Rautahat,17,Gaur Municipality,Municipality,1,9
Madhesh Province,Rautahat,17,Gaur Municipality,Municipality,2,9
Madhesh Province,Rautahat,17,Gaur Municipality,Municipality,3,9
Madhesh Province,Rautahat,17,Gaur Municipality,Municipality,4,9
Madhesh Province,Rautahat,17,Gaur Municipality,Municipality,5,9
Madhesh Province,Rautahat,17,Gaur Municipality,Municipality,6,9
Madhesh Province,Rautahat,17,Gaur Municipality,Municipality,7,9
Madhesh Province,Rautahat,17,Gaur Municipality,Municipality,8,9
Madhesh Province,Rautahat,17,Gaur Municipality,Municipality,9,9
Madhesh Province,Rautahat,17,Gujara Municipality,Municipality,1,9
Madhesh Province,Rautahat,17,Gujara Municipality,Municipality,2,9
Madhesh Province,Rautahat,17,Gujara Municipality,Municipality,3,9
Madhesh Province,Rautahat,17,Gujara Municipality,Municipality,4,9
Madhesh Province,Rautahat,17,Gujara Municipality,Municipality,5,9
Madhesh Province,Rautahat,17,Gujara Municipality,Municipality,6,9
Madhesh Province,Rautahat,17,Gujara Municipality,Municipality,7,9
Madhesh Province,Rautahat,17,Gujara Municipality,Municipality,8,9
Madhesh Province,Rautahat,17,Gujara Municipality,Municipality,9,9
Madhesh Province,Rautahat,17,Ishanath Municipality,Municipality,1,9
Madhesh Province,Rautahat,17,Ishanath Municipality,Municipality,2,9
Madhesh Province,Rautahat,17,Ishanath Municipality,Municipality,3,9
Madhesh Province,Rautahat,17,Ishanath Municipality,Municipality,4,9
Madhesh Province,Rautahat,17,Ishanath Municipality,Municipality,5,9
Madhesh Province,Rautahat,17,Ishanath Municipality,Municipality,6,9
Madhesh Province,Rautahat,17,Ishanath Municipality,Municipality,7,9
Madhesh Province,Rautahat,17,Ishanath Municipality,Municipality,8,9
Madhesh Province,Rautahat,17,Ishanath Municipality,Municipality,9,9
Madhesh Province,Rautahat,17,Katahariya Municipality,Municipality,1,9
Madhesh Province,Rautahat,17,Katahariya Municipality,Municipality,2,9
Madhesh Province,Rautahat,17,Katahariya Municipality,Municipality,3,9
Madhesh Province,Rautahat,17,Katahariya Municipality,Municipality,4,9
Madhesh Province,Rautahat,17,Katahariya Municipality,Municipality,5,9
Madhesh Province,Rautahat,17,Katahariya Municipality,Municipality,6,9
Madhesh Province,Rautahat,17,Katahariya Municipality,Municipality,7,9
Madhesh Province,Rautahat,17,Katahariya Municipality,Municipality,8,9
Madhesh Province,Rautahat,17,Katahariya Municipality,Municipality,9,9
Madhesh Province,Rautahat,17,Madhav Narayan Municipality,Municipality,1,9
Madhesh Province,Rautahat,17,Madhav Narayan Municipality,Municipality,2,9
Madhesh Province,Rautahat,17,Madhav Narayan Municipality,Municipality,3,9
Madhesh Province,Rautahat,17,Madhav Narayan Municipality,Municipality,4,9
Madhesh Province,Rautahat,17,Madhav Narayan Municipality,Municipality,5,9
Madhesh Province,Rautahat,17,Madhav Narayan Municipality,Municipality,6,9
Madhesh Province,Rautahat,17,Madhav Narayan Municipality,Municipality,7,9
Madhesh Province,Rautahat,17,Madhav Narayan Municipality,Municipality,8,9
Madhesh Province,Rautahat,17,Madhav Narayan Municipality,Municipality,9,9
Madhesh Province,Rautahat,17,Maulapur Municipality,Municipality,1,9
Madhesh Province,Rautahat,17,Maulapur Municipality,Municipality,2,9
Madhesh Province,Rautahat,17,Maulapur Municipality,Municipality,3,9
Madhesh Province,Rautahat,17,Maulapur Municipality,Municipality,4,9
Madhesh Province,Rautahat,17,Maulapur Municipality,Municipality,5,9
Madhesh Province,Rautahat,17,Maulapur Municipality,Municipality,6,9
Madhesh Province,Rautahat,17,Maulapur Municipality,Municipality,7,9
Madhesh Province,Rautahat,17,Maulapur Municipality,Municipality,8,9
Madhesh Province,Rautahat,17,Maulapur Municipality,Municipality,9,9
Madhesh Province,Rautahat,17,Paroha Municipality,Municipality,1,9
Madhesh Province,Rautahat,17,Paroha Municipality,Municipality,2,9
Madhesh Province,Rautahat,17,Paroha Municipality,Municipality,3,9
Madhesh Province,Rautahat,17,Paroha Municipality,Municipality,4,9
Madhesh Province,Rautahat,17,Paroha Municipality,Municipality,5,9
Madhesh Province,Rautahat,17,Paroha Municipality,Municipality,6,9
Madhesh Province,Rautahat,17,Paroha Municipality,Municipality,7,9
Madhesh Province,Rautahat,17,Paroha Municipality,Municipality,8,9
Madhesh Province,Rautahat,17,Paroha Municipality,Municipality,9,9
Madhesh Province,Rautahat,17,Phatuwa Bijayapur Municipality,Municipality,1,11
Madhesh Province,Rautahat,17,Phatuwa Bijayapur Municipality,Municipality,2,11
Madhesh Province,Rautahat,17,Phatuwa Bijayapur Municipality,Municipality,3,11
Madhesh Province,Rautahat,17,Phatuwa Bijayapur Municipality,Municipality,4,11
Madhesh Province,Rautahat,17,Phatuwa Bijayapur Municipality,Municipality,5,11
Madhesh Province,Rautahat,17,Phatuwa Bijayapur Municipality,Municipality,6,11
Madhesh Province,Rautahat,17,Phatuwa Bijayapur Municipality,Municipality,7,11
Madhesh Province,Rautahat,17,Phatuwa Bijayapur Municipality,Municipality,8,11
Madhesh Province,Rautahat,17,Phatuwa Bijayapur Municipality,Municipality,9,11
Madhesh Province,Rautahat,17,Phatuwa Bijayapur Municipality,Municipality,10,11
Madhesh Province,Rautahat,17,Phatuwa Bijayapur Municipality,Municipality,11,11
Madhesh Province,Rautahat,17,Rajdevi Municipality,Municipality,1,9
Madhesh Province,Rautahat,17,Rajdevi Municipality,Municipality,2,9
Madhesh Province,Rautahat,17,Rajdevi Municipality,Municipality,3,9
Madhesh Province,Rautahat,17,Rajdevi Municipality,Municipality,4,9
Madhesh Province,Rautahat,17,Rajdevi Municipality,Municipality,5,9
Madhesh Province,Rautahat,17,Rajdevi Municipality,Municipality,6,9
Madhesh Province,Rautahat,17,Rajdevi Municipality,Municipality,7,9
Madhesh Province,Rautahat,17,Rajdevi Municipality,Municipality,8,9
Madhesh Province,Rautahat,17,Rajdevi Municipality,Municipality,9,9
Madhesh Province,Rautahat,17,Rajpur Municipality,Municipality,1,9
Madhesh Province,Rautahat,17,Rajpur Municipality,Municipality,2,9
Madhesh Province,Rautahat,17,Rajpur Municipality,Municipality,3,9
Madhesh Province,Rautahat,17,Rajpur Municipality,Municipality,4,9
Madhesh Province,Rautahat,17,Rajpur Municipality,Municipality,5,9
Madhesh Province,Rautahat,17,Rajpur Municipality,Municipality,6,9
Madhesh Province,Rautahat,17,Rajpur Municipality,Municipality,7,9
Madhesh Province,Rautahat,17,Rajpur Municipality,Municipality,8,9
Madhesh Province,Rautahat,17,Rajpur Municipality,Municipality,9,9
Madhesh Province,Rautahat,17,Durga Bhagwati Rural Municipality,Rural Municipality,1,5
Madhesh Province,Rautahat,17,Durga Bhagwati Rural Municipality,Rural Municipality,2,5
Madhesh Province,Rautahat,17,Durga Bhagwati Rural Municipality,Rural Municipality,3,5
Madhesh Province,Rautahat,17,Durga Bhagwati Rural Municipality,Rural Municipality,4,5
Madhesh Province,Rautahat,17,Durga Bhagwati Rural Municipality,Rural Municipality,5,5
Madhesh Province,Rautahat,17,Yamunamai Rural Municipality,Rural Municipality,1,5
Madhesh Province,Rautahat,17,Yamunamai Rural Municipality,Rural Municipality,2,5
Madhesh Province,Rautahat,17,Yamunamai Rural Municipality,Rural Municipality,3,5
Madhesh Province,Rautahat,17,Yamunamai Rural Municipality,Rural Municipality,4,5
Madhesh Province,Rautahat,17,Yamunamai Rural Municipality,Rural Municipality,5,5
Madhesh Province,Sarlahi,18,Bagmati Municipality,Municipality,1,12
Madhesh Province,Sarlahi,18,Bagmati Municipality,Municipality,2,12
Madhesh Province,Sarlahi,18,Bagmati Municipality,Municipality,3,12
Madhesh Province,Sarlahi,18,Bagmati Municipality,Municipality,4,12
Madhesh Province,Sarlahi,18,Bagmati Municipality,Municipality,5,12
Madhesh Province,Sarlahi,18,Bagmati Municipality,Municipality,6,12
Madhesh Province,Sarlahi,18,Bagmati Municipality,Municipality,7,12
Madhesh Province,Sarlahi,18,Bagmati Municipality,Municipality,8,12
Madhesh Province,Sarlahi,18,Bagmati Municipality,Municipality,9,12
Madhesh Province,Sarlahi,18,Bagmati Municipality,Municipality,10,12
Madhesh Province,Sarlahi,18,Bagmati Municipality,Municipality,11,12
Madhesh Province,Sarlahi,18,Bagmati Municipality,Municipality,12,12
Madhesh Province,Sarlahi,18,Balara Municipality,Municipality,1,11
Madhesh Province,Sarlahi,18,Balara Municipality,Municipality,2,11
Madhesh Province,Sarlahi,18,Balara Municipality,Municipality,3,11
Madhesh Province,Sarlahi,18,Balara Municipality,Municipality,4,11
Madhesh Province,Sarlahi,18,Balara Municipality,Municipality,5,11
Madhesh Province,Sarlahi,18,Balara Municipality,Municipality,6,11
Madhesh Province,Sarlahi,18,Balara Municipality,Municipality,7,11
Madhesh Province,Sarlahi,18,Balara Municipality,Municipality,8,11
Madhesh Province,Sarlahi,18,Balara Municipality,Municipality,9,11
Madhesh Province,Sarlahi,18,Balara Municipality,Municipality,10,11
Madhesh Province,Sarlahi,18,Balara Municipality,Municipality,11,11
Madhesh Province,Sarlahi,18,Barahathwa Municipality,Municipality,1,18
Madhesh Province,Sarlahi,18,Barahathwa Municipality,Municipality,2,18
Madhesh Province,Sarlahi,18,Barahathwa Municipality,Municipality,3,18
Madhesh Province,Sarlahi,18,Barahathwa Municipality,Municipality,4,18
Madhesh Province,Sarlahi,18,Barahathwa Municipality,Municipality,5,18
Madhesh Province,Sarlahi,18,Barahathwa Municipality,Municipality,6,18
Madhesh Province,Sarlahi,18,Barahathwa Municipality,Municipality,7,18
Madhesh Province,Sarlahi,18,Barahathwa Municipality,Municipality,8,18
Madhesh Province,Sarlahi,18,Barahathwa Municipality,Municipality,9,18
Madhesh Province,Sarlahi,18,Barahathwa Municipality,Municipality,10,18
Madhesh Province,Sarlahi,18,Barahathwa Municipality,Municipality,11,18
Madhesh Province,Sarlahi,18,Barahathwa Municipality,Municipality,12,18
Madhesh Province,Sarlahi,18,Barahathwa Municipality,Municipality,13,18
Madhesh Province,Sarlahi,18,Barahathwa Municipality,Municipality,14,18
Madhesh Province,Sarlahi,18,Barahathwa Municipality,Municipality,15,18
Madhesh Province,Sarlahi,18,Barahathwa Municipality,Municipality,16,18
Madhesh Province,Sarlahi,18,Barahathwa Municipality,Municipality,17,18
Madhesh Province,Sarlahi,18,Barahathwa Municipality,Municipality,18,18
Madhesh Province,Sarlahi,18,Godaita Municipality,Municipality,1,12
Madhesh Province,Sarlahi,18,Godaita Municipality,Municipality,2,12
Madhesh Province,Sarlahi,18,Godaita Municipality,Municipality,3,12
Madhesh Province,Sarlahi,18,Godaita Municipality,Municipality,4,12
Madhesh Province,Sarlahi,18,Godaita Municipality,Municipality,5,12
Madhesh Province,Sarlahi,18,Godaita Municipality,Municipality,6,12
Madhesh Province,Sarlahi,18,Godaita Municipality,Municipality,7,12
Madhesh Province,Sarlahi,18,Godaita Municipality,Municipality,8,12
Madhesh Province,Sarlahi,18,Godaita Municipality,Municipality,9,12
Madhesh Province,Sarlahi,18,Godaita Municipality,Municipality,10,12
Madhesh Province,Sarlahi,18,Godaita Municipality,Municipality,11,12
Madhesh Province,Sarlahi,18,Godaita Municipality,Municipality,12,12
Madhesh Province,Sarlahi,18,Hariwan Municipality,Municipality,1,11
Madhesh Province,Sarlahi,18,Hariwan Municipality,Municipality,2,11
Madhesh Province,Sarlahi,18,Hariwan Municipality,Municipality,3,11
Madhesh Province,Sarlahi,18,Hariwan Municipality,Municipality,4,11
Madhesh Province,Sarlahi,18,Hariwan Municipality,Municipality,5,11
Madhesh Province,Sarlahi,18,Hariwan Municipality,Municipality,6,11
Madhesh Province,Sarlahi,18,Hariwan Municipality,Municipality,7,11
Madhesh Province,Sarlahi,18,Hariwan Municipality,Municipality,8,11
Madhesh Province,Sarlahi,18,Hariwan Municipality,Municipality,9,11
Madhesh Province,Sarlahi,18,Hariwan Municipality,Municipality,10,11
Madhesh Province,Sarlahi,18,Hariwan Municipality,Municipality,11,11
Madhesh Province,Sarlahi,18,Haripur Municipality,Municipality,1,9
Madhesh Province,Sarlahi,18,Haripur Municipality,Municipality,2,9
Madhesh Province,Sarlahi,18,Haripur Municipality,Municipality,3,9
Madhesh Province,Sarlahi,18,Haripur Municipality,Municipality,4,9
Madhesh Province,Sarlahi,18,Haripur Municipality,Municipality,5,9
Madhesh Province,Sarlahi,18,Haripur Municipality,Municipality,6,9
Madhesh Province,Sarlahi,18,Haripur Municipality,Municipality,7,9
Madhesh Province,Sarlahi,18,Haripur Municipality,Municipality,8,9
Madhesh Province,Sarlahi,18,Haripur Municipality,Municipality,9,9
Madhesh Province,Sarlahi,18,Haripurwa Municipality,Municipality,1,9
Madhesh Province,Sarlahi,18,Haripurwa Municipality,Municipality,2,9
Madhesh Province,Sarlahi,18,Haripurwa Municipality,Municipality,3,9
Madhesh Province,Sarlahi,18,Haripurwa Municipality,Municipality,4,9
Madhesh Province,Sarlahi,18,Haripurwa Municipality,Municipality,5,9
Madhesh Province,Sarlahi,18,Haripurwa Municipality,Municipality,6,9
Madhesh Province,Sarlahi,18,Haripurwa Municipality,Municipality,7,9
Madhesh Province,Sarlahi,18,Haripurwa Municipality,Municipality,8,9
Madhesh Province,Sarlahi,18,Haripurwa Municipality,Municipality,9,9
Madhesh Province,Sarlahi,18,Ishowrpur Municipality,Municipality,1,15
Madhesh Province,Sarlahi,18,Ishowrpur Municipality,Municipality,2,15
Madhesh Province,Sarlahi,18,Ishowrpur Municipality,Municipality,3,15
Madhesh Province,Sarlahi,18,Ishowrpur Municipality,Municipality,4,15
Madhesh Province,Sarlahi,18,Ishowrpur Municipality,Municipality,5,15
Madhesh Province,Sarlahi,18,Ishowrpur Municipality,Municipality,6,15
Madhesh Province,Sarlahi,18,Ishowrpur Municipality,Municipality,7,15
Madhesh Province,Sarlahi,18,Ishowrpur Municipality,Municipality,8,15
Madhesh Province,Sarlahi,18,Ishowrpur Municipality,Municipality,9,15
Madhesh Province,Sarlahi,18,Ishowrpur Municipality,Municipality,10,15
Madhesh Province,Sarlahi,18,Ishowrpur Municipality,Municipality,11,15
Madhesh Province,Sarlahi,18,Ishowrpur Municipality,Municipality,12,15
Madhesh Province,Sarlahi,18,Ishowrpur Municipality,Municipality,13,15
Madhesh Province,Sarlahi,18,Ishowrpur Municipality,Municipality,14,15
Madhesh Province,Sarlahi,18,Ishowrpur Municipality,Municipality,15,15
Madhesh Province,Sarlahi,18,Kabilasi Municipality,Municipality,1,10
Madhesh Province,Sarlahi,18,Kabilasi Municipality,Municipality,2,10
Madhesh Province,Sarlahi,18,Kabilasi Municipality,Municipality,3,10
Madhesh Province,Sarlahi,18,Kabilasi Municipality,Municipality,4,10
Madhesh Province,Sarlahi,18,Kabilasi Municipality,Municipality,5,10
Madhesh Province,Sarlahi,18,Kabilasi Municipality,Municipality,6,10
Madhesh Province,Sarlahi,18,Kabilasi Municipality,Municipality,7,10
Madhesh Province,Sarlahi,18,Kabilasi Municipality,Municipality,8,10
Madhesh Province,Sarlahi,18,Kabilasi Municipality,Municipality,9,10
Madhesh Province,Sarlahi,18,Kabilasi Municipality,Municipality,10,10
Madhesh Province,Sarlahi,18,Lalbandi Municipality,Municipality,1,17
Madhesh Province,Sarlahi,18,Lalbandi Municipality,Municipality,2,17
Madhesh Province,Sarlahi,18,Lalbandi Municipality,Municipality,3,17
Madhesh Province,Sarlahi,18,Lalbandi Municipality,Municipality,4,17
Madhesh Province,Sarlahi,18,Lalbandi Municipality,Municipality,5,17
Madhesh Province,Sarlahi,18,Lalbandi Municipality,Municipality,6,17
Madhesh Province,Sarlahi,18,Lalbandi Municipality,Municipality,7,17
Madhesh Province,Sarlahi,18,Lalbandi Municipality,Municipality,8,17
Madhesh Province,Sarlahi,18,Lalbandi Municipality,Municipality,9,17
Madhesh Province,Sarlahi,18,Lalbandi Municipality,Municipality,10,17
Madhesh Province,Sarlahi,18,Lalbandi Municipality,Municipality,11,17
Madhesh Province,Sarlahi,18,Lalbandi Municipality,Municipality,12,17
Madhesh Province,Sarlahi,18,Lalbandi Municipality,Municipality,13,17
Madhesh Province,Sarlahi,18,Lalbandi Municipality,Municipality,14,17
Madhesh Province,Sarlahi,18,Lalbandi Municipality,Municipality,15,17
Madhesh Province,Sarlahi,18,Lalbandi Municipality,Municipality,16,17
Madhesh Province,Sarlahi,18,Lalbandi Municipality,Municipality,17,17
Madhesh Province,Sarlahi,18,Malangawa Municipality,Municipality,1,12
Madhesh Province,Sarlahi,18,Malangawa Municipality,Municipality,2,12
Madhesh Province,Sarlahi,18,Malangawa Municipality,Municipality,3,12
Madhesh Province,Sarlahi,18,Malangawa Municipality,Municipality,4,12
Madhesh Province,Sarlahi,18,Malangawa Municipality,Municipality,5,12
Madhesh Province,Sarlahi,18,Malangawa Municipality,Municipality,6,12
Madhesh Province,Sarlahi,18,Malangawa Municipality,Municipality,7,12
Madhesh Province,Sarlahi,18,Malangawa Municipality,Municipality,8,12
Madhesh Province,Sarlahi,18,Malangawa Municipality,Municipality,9,12
Madhesh Province,Sarlahi,18,Malangawa Municipality,Municipality,10,12
Madhesh Province,Sarlahi,18,Malangawa Municipality,Municipality,11,12
Madhesh Province,Sarlahi,18,Malangawa Municipality,Municipality,12,12
Madhesh Province,Sarlahi,18,Basbariya Rural Municipality,Rural Municipality,1,6
Madhesh Province,Sarlahi,18,Basbariya Rural Municipality,Rural Municipality,2,6
Madhesh Province,Sarlahi,18,Basbariya Rural Municipality,Rural Municipality,3,6
Madhesh Province,Sarlahi,18,Basbariya Rural Municipality,Rural Municipality,4,6
Madhesh Province,Sarlahi,18,Basbariya Rural Municipality,Rural Municipality,5,6
Madhesh Province,Sarlahi,18,Basbariya Rural Municipality,Rural Municipality,6,6
Madhesh Province,Sarlahi,18,Bisnu Rural Municipality,Rural Municipality,1,8
Madhesh Province,Sarlahi,18,Bisnu Rural Municipality,Rural Municipality,2,8
Madhesh Province,Sarlahi,18,Bisnu Rural Municipality,Rural Municipality,3,8
Madhesh Province,Sarlahi,18,Bisnu Rural Municipality,Rural Municipality,4,8
Madhesh Province,Sarlahi,18,Bisnu Rural Municipality,Rural Municipality,5,8
Madhesh Province,Sarlahi,18,Bisnu Rural Municipality,Rural Municipality,6,8
Madhesh Province,Sarlahi,18,Bisnu Rural Municipality,Rural Municipality,7,8
Madhesh Province,Sarlahi,18,Bisnu Rural Municipality,Rural Municipality,8,8
Madhesh Province,Sarlahi,18,Brahampuri Rural Municipality,Rural Municipality,1,7
Madhesh Province,Sarlahi,18,Brahampuri Rural Municipality,Rural Municipality,2,7
Madhesh Province,Sarlahi,18,Brahampuri Rural Municipality,Rural Municipality,3,7
Madhesh Province,Sarlahi,18,Brahampuri Rural Municipality,Rural Municipality,4,7
Madhesh Province,Sarlahi,18,Brahampuri Rural Municipality,Rural Municipality,5,7
Madhesh Province,Sarlahi,18,Brahampuri Rural Municipality,Rural Municipality,6,7
Madhesh Province,Sarlahi,18,Brahampuri Rural Municipality,Rural Municipality,7,7
Madhesh Province,Sarlahi,18,Chakraghatta Rural Municipality,Rural Municipality,1,9
Madhesh Province,Sarlahi,18,Chakraghatta Rural Municipality,Rural Municipality,2,9
Madhesh Province,Sarlahi,18,Chakraghatta Rural Municipality,Rural Municipality,3,9
Madhesh Province,Sarlahi,18,Chakraghatta Rural Municipality,Rural Municipality,4,9
Madhesh Province,Sarlahi,18,Chakraghatta Rural Municipality,Rural Municipality,5,9
Madhesh Province,Sarlahi,18,Chakraghatta Rural Municipality,Rural Municipality,6,9
Madhesh Province,Sarlahi,18,Chakraghatta Rural Municipality,Rural Municipality,7,9
Madhesh Province,Sarlahi,18,Chakraghatta Rural Municipality,Rural Municipality,8,9
Madhesh Province,Sarlahi,18,Chakraghatta Rural Municipality,Rural Municipality,9,9
Madhesh Province,Sarlahi,18,Chandranagar Rural Municipality,Rural Municipality,1,7
Madhesh Province,Sarlahi,18,Chandranagar Rural Municipality,Rural Municipality,2,7
Madhesh Province,Sarlahi,18,Chandranagar Rural Municipality,Rural Municipality,3,7
Madhesh Province,Sarlahi,18,Chandranagar Rural Municipality,Rural Municipality,4,7
Madhesh Province,Sarlahi,18,Chandranagar Rural Municipality,Rural Municipality,5,7
Madhesh Province,Sarlahi,18,Chandranagar Rural Municipality,Rural Municipality,6,7
Madhesh Province,Sarlahi,18,Chandranagar Rural Municipality,Rural Municipality,7,7
Madhesh Province,Sarlahi,18,Dhankaul Rural Municipality,Rural Municipality,1,7
Madhesh Province,Sarlahi,18,Dhankaul Rural Municipality,Rural Municipality,2,7
Madhesh Province,Sarlahi,18,Dhankaul Rural Municipality,Rural Municipality,3,7
Madhesh Province,Sarlahi,18,Dhankaul Rural Municipality,Rural Municipality,4,7
Madhesh Province,Sarlahi,18,Dhankaul Rural Municipality,Rural Municipality,5,7
Madhesh Province,Sarlahi,18,Dhankaul Rural Municipality,Rural Municipality,6,7
Madhesh Province,Sarlahi,18,Dhankaul Rural Municipality,Rural Municipality,7,7
Madhesh Province,Sarlahi,18,Kaudena Rural Municipality,Rural Municipality,1,7
Madhesh Province,Sarlahi,18,Kaudena Rural Municipality,Rural Municipality,2,7
Madhesh Province,Sarlahi,18,Kaudena Rural Municipality,Rural Municipality,3,7
Madhesh Province,Sarlahi,18,Kaudena Rural Municipality,Rural Municipality,4,7
Madhesh Province,Sarlahi,18,Kaudena Rural Municipality,Rural Municipality,5,7
Madhesh Province,Sarlahi,18,Kaudena Rural Municipality,Rural Municipality,6,7
Madhesh Province,Sarlahi,18,Kaudena Rural Municipality,Rural Municipality,7,7
Madhesh Province,Sarlahi,18,Parsa Rural Municipality,Rural Municipality,1,6
Madhesh Province,Sarlahi,18,Parsa Rural Municipality,Rural Municipality,2,6
Madhesh Province,Sarlahi,18,Parsa Rural Municipality,Rural Municipality,3,6
Madhesh Province,Sarlahi,18,Parsa Rural Municipality,Rural Municipality,4,6
Madhesh Province,Sarlahi,18,Parsa Rural Municipality,Rural Municipality,5,6
Madhesh Province,Sarlahi,18,Parsa Rural Municipality,Rural Municipality,6,6
Madhesh Province,Sarlahi,18,Ramnagar Rural Municipality,Rural Municipality,1,7
Madhesh Province,Sarlahi,18,Ramnagar Rural Municipality,Rural Municipality,2,7
Madhesh Province,Sarlahi,18,Ramnagar Rural Municipality,Rural Municipality,3,7
Madhesh Province,Sarlahi,18,Ramnagar Rural Municipality,Rural Municipality,4,7
Madhesh Province,Sarlahi,18,Ramnagar Rural Municipality,Rural Municipality,5,7
Madhesh Province,Sarlahi,18,Ramnagar Rural Municipality,Rural Municipality,6,7
Madhesh Province,Sarlahi,18,Ramnagar Rural Municipality,Rural Municipality,7,7
Madhesh Province,Siraha,19,Lahan Municipality,Municipality,1,24
Madhesh Province,Siraha,19,Lahan Municipality,Municipality,2,24
Madhesh Province,Siraha,19,Lahan Municipality,Municipality,3,24
Madhesh Province,Siraha,19,Lahan Municipality,Municipality,4,24
Madhesh Province,Siraha,19,Lahan Municipality,Municipality,5,24
Madhesh Province,Siraha,19,Lahan Municipality,Municipality,6,24
Madhesh Province,Siraha,19,Lahan Municipality,Municipality,7,24
Madhesh Province,Siraha,19,Lahan Municipality,Municipality,8,24
Madhesh Province,Siraha,19,Lahan Municipality,Municipality,9,24
Madhesh Province,Siraha,19,Lahan Municipality,Municipality,10,24
Madhesh Province,Siraha,19,Lahan Municipality,Municipality,11,24
Madhesh Province,Siraha,19,Lahan Municipality,Municipality,12,24
Madhesh Province,Siraha,19,Lahan Municipality,Municipality,13,24
Madhesh Province,Siraha,19,Lahan Municipality,Municipality,14,24
Madhesh Province,Siraha,19,Lahan Municipality,Municipality,15,24
Madhesh Province,Siraha,19,Lahan Municipality,Municipality,16,24
Madhesh Province,Siraha,19,Lahan Municipality,Municipality,17,24
Madhesh Province,Siraha,19,Lahan Municipality,Municipality,18,24
Madhesh Province,Siraha,19,Lahan Municipality,Municipality,19,24
Madhesh Province,Siraha,19,Lahan Municipality,Municipality,20,24
Madhesh Province,Siraha,19,Lahan Municipality,Municipality,21,24
Madhesh Province,Siraha,19,Lahan Municipality,Municipality,22,24
Madhesh Province,Siraha,19,Lahan Municipality,Municipality,23,24
Madhesh Province,Siraha,19,Lahan Municipality,Municipality,24,24
Madhesh Province,Siraha,19,Dhangadhimai Municipality,Municipality,1,14
Madhesh Province,Siraha,19,Dhangadhimai Municipality,Municipality,2,14
Madhesh Province,Siraha,19,Dhangadhimai Municipality,Municipality,3,14
Madhesh Province,Siraha,19,Dhangadhimai Municipality,Municipality,4,14
Madhesh Province,Siraha,19,Dhangadhimai Municipality,Municipality,5,14
Madhesh Province,Siraha,19,Dhangadhimai Municipality,Municipality,6,14
Madhesh Province,Siraha,19,Dhangadhimai Municipality,Municipality,7,14
Madhesh Province,Siraha,19,Dhangadhimai Municipality,Municipality,8,14
Madhesh Province,Siraha,19,Dhangadhimai Municipality,Municipality,9,14
Madhesh Province,Siraha,19,Dhangadhimai Municipality,Municipality,10,14
Madhesh Province,Siraha,19,Dhangadhimai Municipality,Municipality,11,14
Madhesh Province,Siraha,19,Dhangadhimai Municipality,Municipality,12,14
Madhesh Province,Siraha,19,Dhangadhimai Municipality,Municipality,13,14
Madhesh Province,Siraha,19,Dhangadhimai Municipality,Municipality,14,14
Madhesh Province,Siraha,19,Siraha Municipality,Municipality,1,22
Madhesh Province,Siraha,19,Siraha Municipality,Municipality,2,22
Madhesh Province,Siraha,19,Siraha Municipality,Municipality,3,22
Madhesh Province,Siraha,19,Siraha Municipality,Municipality,4,22
Madhesh Province,Siraha,19,Siraha Municipality,Municipality,5,22
Madhesh Province,Siraha,19,Siraha Municipality,Municipality,6,22
Madhesh Province,Siraha,19,Siraha Municipality,Municipality,7,22
Madhesh Province,Siraha,19,Siraha Municipality,Municipality,8,22
Madhesh Province,Siraha,19,Siraha Municipality,Municipality,9,22
Madhesh Province,Siraha,19,Siraha Municipality,Municipality,10,22
Madhesh Province,Siraha,19,Siraha Municipality,Municipality,11,22
Madhesh Province,Siraha,19,Siraha Municipality,Municipality,12,22
Madhesh Province,Siraha,19,Siraha Municipality,Municipality,13,22
Madhesh Province,Siraha,19,Siraha Municipality,Municipality,14,22
Madhesh Province,Siraha,19,Siraha Municipality,Municipality,15,22
Madhesh Province,Siraha,19,Siraha Municipality,Municipality,16,22
Madhesh Province,Siraha,19,Siraha Municipality,Municipality,17,22
Madhesh Province,Siraha,19,Siraha Municipality,Municipality,18,22
Madhesh Province,Siraha,19,Siraha Municipality,Municipality,19,22
Madhesh Province,Siraha,19,Siraha Municipality,Municipality,20,22
Madhesh Province,Siraha,19,Siraha Municipality,Municipality,21,22
Madhesh Province,Siraha,19,Siraha Municipality,Municipality,22,22
Madhesh Province,Siraha,19,Golbazar Municipality,Municipality,1,13
Madhesh Province,Siraha,19,Golbazar Municipality,Municipality,2,13
Madhesh Province,Siraha,19,Golbazar Municipality,Municipality,3,13
Madhesh Province,Siraha,19,Golbazar Municipality,Municipality,4,13
Madhesh Province,Siraha,19,Golbazar Municipality,Municipality,5,13
Madhesh Province,Siraha,19,Golbazar Municipality,Municipality,6,13
Madhesh Province,Siraha,19,Golbazar Municipality,Municipality,7,13
Madhesh Province,Siraha,19,Golbazar Municipality,Municipality,8,13
Madhesh Province,Siraha,19,Golbazar Municipality,Municipality,9,13
Madhesh Province,Siraha,19,Golbazar Municipality,Municipality,10,13
Madhesh Province,Siraha,19,Golbazar Municipality,Municipality,11,13
Madhesh Province,Siraha,19,Golbazar Municipality,Municipality,12,13
Madhesh Province,Siraha,19,Golbazar Municipality,Municipality,13,13
Madhesh Province,Siraha,19,Mirchaiya Municipality,Municipality,1,12
Madhesh Province,Siraha,19,Mirchaiya Municipality,Municipality,2,12
Madhesh Province,Siraha,19,Mirchaiya Municipality,Municipality,3,12
Madhesh Province,Siraha,19,Mirchaiya Municipality,Municipality,4,12
Madhesh Province,Siraha,19,Mirchaiya Municipality,Municipality,5,12
Madhesh Province,Siraha,19,Mirchaiya Municipality,Municipality,6,12
Madhesh Province,Siraha,19,Mirchaiya Municipality,Municipality,7,12
Madhesh Province,Siraha,19,Mirchaiya Municipality,Municipality,8,12
Madhesh Province,Siraha,19,Mirchaiya Municipality,Municipality,9,12
Madhesh Province,Siraha,19,Mirchaiya Municipality,Municipality,10,12
Madhesh Province,Siraha,19,Mirchaiya Municipality,Municipality,11,12
Madhesh Province,Siraha,19,Mirchaiya Municipality,Municipality,12,12
Madhesh Province,Siraha,19,Kalyanpur Municipality,Municipality,1,12
Madhesh Province,Siraha,19,Kalyanpur Municipality,Municipality,2,12
Madhesh Province,Siraha,19,Kalyanpur Municipality,Municipality,3,12
Madhesh Province,Siraha,19,Kalyanpur Municipality,Municipality,4,12
Madhesh Province,Siraha,19,Kalyanpur Municipality,Municipality,5,12
Madhesh Province,Siraha,19,Kalyanpur Municipality,Municipality,6,12
Madhesh Province,Siraha,19,Kalyanpur Municipality,Municipality,7,12
Madhesh Province,Siraha,19,Kalyanpur Municipality,Municipality,8,12
Madhesh Province,Siraha,19,Kalyanpur Municipality,Municipality,9,12
Madhesh Province,Siraha,19,Kalyanpur Municipality,Municipality,10,12
Madhesh Province,Siraha,19,Kalyanpur Municipality,Municipality,11,12
Madhesh Province,Siraha,19,Kalyanpur Municipality,Municipality,12,12
Madhesh Province,Siraha,19,Karjanha Municipality,Municipality,1,11
Madhesh Province,Siraha,19,Karjanha Municipality,Municipality,2,11
Madhesh Province,Siraha,19,Karjanha Municipality,Municipality,3,11
Madhesh Province,Siraha,19,Karjanha Municipality,Municipality,4,11
Madhesh Province,Siraha,19,Karjanha Municipality,Municipality,5,11
Madhesh Province,Siraha,19,Karjanha Municipality,Municipality,6,11
Madhesh Province,Siraha,19,Karjanha Municipality,Municipality,7,11
Madhesh Province,Siraha,19,Karjanha Municipality,Municipality,8,11
Madhesh Province,Siraha,19,Karjanha Municipality,Municipality,9,11
Madhesh Province,Siraha,19,Karjanha Municipality,Municipality,10,11
Madhesh Province,Siraha,19,Karjanha Municipality,Municipality,11,11
Madhesh Province,Siraha,19,Sukhipur Municipality,Municipality,1,10
Madhesh Province,Siraha,19,Sukhipur Municipality,Municipality,2,10
Madhesh Province,Siraha,19,Sukhipur Municipality,Municipality,3,10
Madhesh Province,Siraha,19,Sukhipur Municipality,Municipality,4,10
Madhesh Province,Siraha,19,Sukhipur Municipality,Municipality,5,10
Madhesh Province,Siraha,19,Sukhipur Municipality,Municipality,6,10
Madhesh Province,Siraha,19,Sukhipur Municipality,Municipality,7,10
Madhesh Province,Siraha,19,Sukhipur Municipality,Municipality,8,10
Madhesh Province,Siraha,19,Sukhipur Municipality,Municipality,9,10
Madhesh Province,Siraha,19,Sukhipur Municipality,Municipality,10,10
Madhesh Province,Siraha,19,Bhagwanpur Rural Municipality,Rural Municipality,1,5
Madhesh Province,Siraha,19,Bhagwanpur Rural Municipality,Rural Municipality,2,5
Madhesh Province,Siraha,19,Bhagwanpur Rural Municipality,Rural Municipality,3,5
Madhesh Province,Siraha,19,Bhagwanpur Rural Municipality,Rural Municipality,4,5
Madhesh Province,Siraha,19,Bhagwanpur Rural Municipality,Rural Municipality,5,5
Madhesh Province,Siraha,19,Aurahi Rural Municipality,Rural Municipality,1,5
Madhesh Province,Siraha,19,Aurahi Rural Municipality,Rural Municipality,2,5
Madhesh Province,Siraha,19,Aurahi Rural Municipality,Rural Municipality,3,5
Madhesh Province,Siraha,19,Aurahi Rural Municipality,Rural Municipality,4,5
Madhesh Province,Siraha,19,Aurahi Rural Municipality,Rural Municipality,5,5
Madhesh Province,Siraha,19,Bishnupur Rural Municipality,Rural Municipality,1,5
Madhesh Province,Siraha,19,Bishnupur Rural Municipality,Rural Municipality,2,5
Madhesh Province,Siraha,19,Bishnupur Rural Municipality,Rural Municipality,3,5
Madhesh Province,Siraha,19,Bishnupur Rural Municipality,Rural Municipality,4,5
Madhesh Province,Siraha,19,Bishnupur Rural Municipality,Rural Municipality,5,5
Madhesh Province,Siraha,19,Bariyarpatti Rural Municipality,Rural Municipality,1,5
Madhesh Province,Siraha,19,Bariyarpatti Rural Municipality,Rural Municipality,2,5
Madhesh Province,Siraha,19,Bariyarpatti Rural Municipality,Rural Municipality,3,5
Madhesh Province,Siraha,19,Bariyarpatti Rural Municipality,Rural Municipality,4,5
Madhesh Province,Siraha,19,Bariyarpatti Rural Municipality,Rural Municipality,5,5
Madhesh Province,Siraha,19,Lakshmipur Patari Rural Municipality,Rural Municipality,1,6
Madhesh Province,Siraha,19,Lakshmipur Patari Rural Municipality,Rural Municipality,2,6
Madhesh Province,Siraha,19,Lakshmipur Patari Rural Municipality,Rural Municipality,3,6
Madhesh Province,Siraha,19,Lakshmipur Patari Rural Municipality,Rural Municipality,4,6
Madhesh Province,Siraha,19,Lakshmipur Patari Rural Municipality,Rural Municipality,5,6
Madhesh Province,Siraha,19,Lakshmipur Patari Rural Municipality,Rural Municipality,6,6
Madhesh Province,Siraha,19,Naraha Rural Municipality,Rural Municipality,1,5
Madhesh Province,Siraha,19,Naraha Rural Municipality,Rural Municipality,2,5
Madhesh Province,Siraha,19,Naraha Rural Municipality,Rural Municipality,3,5
Madhesh Province,Siraha,19,Naraha Rural Municipality,Rural Municipality,4,5
Madhesh Province,Siraha,19,Naraha Rural Municipality,Rural Municipality,5,5
Madhesh Province,Siraha,19,SakhuwanankarKatti Rural Municipality,Rural Municipality,1,5
Madhesh Province,Siraha,19,SakhuwanankarKatti Rural Municipality,Rural Municipality,2,5
Madhesh Province,Siraha,19,SakhuwanankarKatti Rural Municipality,Rural Municipality,3,5
Madhesh Province,Siraha,19,SakhuwanankarKatti Rural Municipality,Rural Municipality,4,5
Madhesh Province,Siraha,19,SakhuwanankarKatti Rural Municipality,Rural Municipality,5,5
Madhesh Province,Siraha,19,Arnama Rural Municipality,Rural Municipality,1,5
Madhesh Province,Siraha,19,Arnama Rural Municipality,Rural Municipality,2,5
Madhesh Province,Siraha,19,Arnama Rural Municipality,Rural Municipality,3,5
Madhesh Province,Siraha,19,Arnama Rural Municipality,Rural Municipality,4,5
Madhesh Province,Siraha,19,Arnama Rural Municipality,Rural Municipality,5,5
Madhesh Province,Siraha,19,Navarajpur Rural Municipality,Rural Municipality,1,5
Madhesh Province,Siraha,19,Navarajpur Rural Municipality,Rural Municipality,2,5
Madhesh Province,Siraha,19,Navarajpur Rural Municipality,Rural Municipality,3,5
Madhesh Province,Siraha,19,Navarajpur Rural Municipality,Rural Municipality,4,5
Madhesh Province,Siraha,19,Navarajpur Rural Municipality,Rural Municipality,5,5
Madhesh Province,Dhanusha,20,Janakpurdham Sub-Metropolitan City,Sub-Metropolitan City,1,25
Madhesh Province,Dhanusha,20,Janakpurdham Sub-Metropolitan City,Sub-Metropolitan City,2,25
Madhesh Province,Dhanusha,20,Janakpurdham Sub-Metropolitan City,Sub-Metropolitan City,3,25
Madhesh Province,Dhanusha,20,Janakpurdham Sub-Metropolitan City,Sub-Metropolitan City,4,25
Madhesh Province,Dhanusha,20,Janakpurdham Sub-Metropolitan City,Sub-Metropolitan City,5,25
Madhesh Province,Dhanusha,20,Janakpurdham Sub-Metropolitan City,Sub-Metropolitan City,6,25
Madhesh Province,Dhanusha,20,Janakpurdham Sub-Metropolitan City,Sub-Metropolitan City,7,25
Madhesh Province,Dhanusha,20,Janakpurdham Sub-Metropolitan City,Sub-Metropolitan City,8,25
Madhesh Province,Dhanusha,20,Janakpurdham Sub-Metropolitan City,Sub-Metropolitan City,9,25
Madhesh Province,Dhanusha,20,Janakpurdham Sub-Metropolitan City,Sub-Metropolitan City,10,25
Madhesh Province,Dhanusha,20,Janakpurdham Sub-Metropolitan City,Sub-Metropolitan City,11,25
Madhesh Province,Dhanusha,20,Janakpurdham Sub-Metropolitan City,Sub-Metropolitan City,12,25
Madhesh Province,Dhanusha,20,Janakpurdham Sub-Metropolitan City,Sub-Metropolitan City,13,25
Madhesh Province,Dhanusha,20,Janakpurdham Sub-Metropolitan City,Sub-Metropolitan City,14,25
Madhesh Province,Dhanusha,20,Janakpurdham Sub-Metropolitan City,Sub-Metropolitan City,15,25
Madhesh Province,Dhanusha,20,Janakpurdham Sub-Metropolitan City,Sub-Metropolitan City,16,25
Madhesh Province,Dhanusha,20,Janakpurdham Sub-Metropolitan City,Sub-Metropolitan City,17,25
Madhesh Province,Dhanusha,20,Janakpurdham Sub-Metropolitan City,Sub-Metropolitan City,18,25
Madhesh Province,Dhanusha,20,Janakpurdham Sub-Metropolitan City,Sub-Metropolitan City,19,25
Madhesh Province,Dhanusha,20,Janakpurdham Sub-Metropolitan City,Sub-Metropolitan City,20,25
Madhesh Province,Dhanusha,20,Janakpurdham Sub-Metropolitan City,Sub-Metropolitan City,21,25
Madhesh Province,Dhanusha,20,Janakpurdham Sub-Metropolitan City,Sub-Metropolitan City,22,25
Madhesh Province,Dhanusha,20,Janakpurdham Sub-Metropolitan City,Sub-Metropolitan City,23,25
Madhesh Province,Dhanusha,20,Janakpurdham Sub-Metropolitan City,Sub-Metropolitan City,24,25
Madhesh Province,Dhanusha,20,Janakpurdham Sub-Metropolitan City,Sub-Metropolitan City,25,25
Madhesh Province,Dhanusha,20,Chhireshwarnath Municipality,Municipality,1,10
Madhesh Province,Dhanusha,20,Chhireshwarnath Municipality,Municipality,2,10
Madhesh Province,Dhanusha,20,Chhireshwarnath Municipality,Municipality,3,10
Madhesh Province,Dhanusha,20,Chhireshwarnath Municipality,Municipality,4,10
Madhesh Province,Dhanusha,20,Chhireshwarnath Municipality,Municipality,5,10
Madhesh Province,Dhanusha,20,Chhireshwarnath Municipality,Municipality,6,10
Madhesh Province,Dhanusha,20,Chhireshwarnath Municipality,Municipality,7,10
Madhesh Province,Dhanusha,20,Chhireshwarnath Municipality,Municipality,8,10
Madhesh Province,Dhanusha,20,Chhireshwarnath Municipality,Municipality,9,10
Madhesh Province,Dhanusha,20,Chhireshwarnath Municipality,Municipality,10,10
Madhesh Province,Dhanusha,20,Ganeshman Charnath Municipality,Municipality,1,11
Madhesh Province,Dhanusha,20,Ganeshman Charnath Municipality,Municipality,2,11
Madhesh Province,Dhanusha,20,Ganeshman Charnath Municipality,Municipality,3,11
Madhesh Province,Dhanusha,20,Ganeshman Charnath Municipality,Municipality,4,11
Madhesh Province,Dhanusha,20,Ganeshman Charnath Municipality,Municipality,5,11
Madhesh Province,Dhanusha,20,Ganeshman Charnath Municipality,Municipality,6,11
Madhesh Province,Dhanusha,20,Ganeshman Charnath Municipality,Municipality,7,11
Madhesh Province,Dhanusha,20,Ganeshman Charnath Municipality,Municipality,8,11
Madhesh Province,Dhanusha,20,Ganeshman Charnath Municipality,Municipality,9,11
Madhesh Province,Dhanusha,20,Ganeshman Charnath Municipality,Municipality,10,11
Madhesh Province,Dhanusha,20,Ganeshman Charnath Municipality,Municipality,11,11
Madhesh Province,Dhanusha,20,Dhanushadham Municipality,Municipality,1,9
Madhesh Province,Dhanusha,20,Dhanushadham Municipality,Municipality,2,9
Madhesh Province,Dhanusha,20,Dhanushadham Municipality,Municipality,3,9
Madhesh Province,Dhanusha,20,Dhanushadham Municipality,Municipality,4,9
Madhesh Province,Dhanusha,20,Dhanushadham Municipality,Municipality,5,9
Madhesh Province,Dhanusha,20,Dhanushadham Municipality,Municipality,6,9
Madhesh Province,Dhanusha,20,Dhanushadham Municipality,Municipality,7,9
Madhesh Province,Dhanusha,20,Dhanushadham Municipality,Municipality,8,9
Madhesh Province,Dhanusha,20,Dhanushadham Municipality,Municipality,9,9
Madhesh Province,Dhanusha,20,Nagarain Municipality,Municipality,1,9
Madhesh Province,Dhanusha,20,Nagarain Municipality,Municipality,2,9
Madhesh Province,Dhanusha,20,Nagarain Municipality,Municipality,3,9
Madhesh Province,Dhanusha,20,Nagarain Municipality,Municipality,4,9
Madhesh Province,Dhanusha,20,Nagarain Municipality,Municipality,5,9
Madhesh Province,Dhanusha,20,Nagarain Municipality,Municipality,6,9
Madhesh Province,Dhanusha,20,Nagarain Municipality,Municipality,7,9
Madhesh Province,Dhanusha,20,Nagarain Municipality,Municipality,8,9
Madhesh Province,Dhanusha,20,Nagarain Municipality,Municipality,9,9
Madhesh Province,Dhanusha,20,Bideha Municipality,Municipality,1,9
Madhesh Province,Dhanusha,20,Bideha Municipality,Municipality,2,9
Madhesh Province,Dhanusha,20,Bideha Municipality,Municipality,3,9
Madhesh Province,Dhanusha,20,Bideha Municipality,Municipality,4,9
Madhesh Province,Dhanusha,20,Bideha Municipality,Municipality,5,9
Madhesh Province,Dhanusha,20,Bideha Municipality,Municipality,6,9
Madhesh Province,Dhanusha,20,Bideha Municipality,Municipality,7,9
Madhesh Province,Dhanusha,20,Bideha Municipality,Municipality,8,9
Madhesh Province,Dhanusha,20,Bideha Municipality,Municipality,9,9
Madhesh Province,Dhanusha,20,Mithila Municipality,Municipality,1,11
Madhesh Province,Dhanusha,20,Mithila Municipality,Municipality,2,11
Madhesh Province,Dhanusha,20,Mithila Municipality,Municipality,3,11
Madhesh Province,Dhanusha,20,Mithila Municipality,Municipality,4,11
Madhesh Province,Dhanusha,20,Mithila Municipality,Municipality,5,11
Madhesh Province,Dhanusha,20,Mithila Municipality,Municipality,6,11
Madhesh Province,Dhanusha,20,Mithila Municipality,Municipality,7,11
Madhesh Province,Dhanusha,20,Mithila Municipality,Municipality,8,11
Madhesh Province,Dhanusha,20,Mithila Municipality,Municipality,9,11
Madhesh Province,Dhanusha,20,Mithila Municipality,Municipality,10,11
Madhesh Province,Dhanusha,20,Mithila Municipality,Municipality,11,11
Madhesh Province,Dhanusha,20,Sahidnagar Municipality,Municipality,1,9
Madhesh Province,Dhanusha,20,Sahidnagar Municipality,Municipality,2,9
Madhesh Province,Dhanusha,20,Sahidnagar Municipality,Municipality,3,9
Madhesh Province,Dhanusha,20,Sahidnagar Municipality,Municipality,4,9
Madhesh Province,Dhanusha,20,Sahidnagar Municipality,Municipality,5,9
Madhesh Province,Dhanusha,20,Sahidnagar Municipality,Municipality,6,9
Madhesh Province,Dhanusha,20,Sahidnagar Municipality,Municipality,7,9
Madhesh Province,Dhanusha,20,Sahidnagar Municipality,Municipality,8,9
Madhesh Province,Dhanusha,20,Sahidnagar Municipality,Municipality,9,9
Madhesh Province,Dhanusha,20,Sabaila Municipality,Municipality,1,13
Madhesh Province,Dhanusha,20,Sabaila Municipality,Municipality,2,13
Madhesh Province,Dhanusha,20,Sabaila Municipality,Municipality,3,13
Madhesh Province,Dhanusha,20,Sabaila Municipality,Municipality,4,13
Madhesh Province,Dhanusha,20,Sabaila Municipality,Municipality,5,13
Madhesh Province,Dhanusha,20,Sabaila Municipality,Municipality,6,13
Madhesh Province,Dhanusha,20,Sabaila Municipality,Municipality,7,13
Madhesh Province,Dhanusha,20,Sabaila Municipality,Municipality,8,13
Madhesh Province,Dhanusha,20,Sabaila Municipality,Municipality,9,13
Madhesh Province,Dhanusha,20,Sabaila Municipality,Municipality,10,13
Madhesh Province,Dhanusha,20,Sabaila Municipality,Municipality,11,13
Madhesh Province,Dhanusha,20,Sabaila Municipality,Municipality,12,13
Madhesh Province,Dhanusha,20,Sabaila Municipality,Municipality,13,13
Madhesh Province,Dhanusha,20,Kamala Municipality,Municipality,1,9
Madhesh Province,Dhanusha,20,Kamala Municipality,Municipality,2,9
Madhesh Province,Dhanusha,20,Kamala Municipality,Municipality,3,9
Madhesh Province,Dhanusha,20,Kamala Municipality,Municipality,4,9
Madhesh Province,Dhanusha,20,Kamala Municipality,Municipality,5,9
Madhesh Province,Dhanusha,20,Kamala Municipality,Municipality,6,9
Madhesh Province,Dhanusha,20,Kamala Municipality,Municipality,7,9
Madhesh Province,Dhanusha,20,Kamala Municipality,Municipality,8,9
Madhesh Province,Dhanusha,20,Kamala Municipality,Municipality,9,9
Madhesh Province,Dhanusha,20,MithilaBihari Municipality,Municipality,1,10
Madhesh Province,Dhanusha,20,MithilaBihari Municipality,Municipality,2,10
Madhesh Province,Dhanusha,20,MithilaBihari Municipality,Municipality,3,10
Madhesh Province,Dhanusha,20,MithilaBihari Municipality,Municipality,4,10
Madhesh Province,Dhanusha,20,MithilaBihari Municipality,Municipality,5,10
Madhesh Province,Dhanusha,20,MithilaBihari Municipality,Municipality,6,10
Madhesh Province,Dhanusha,20,MithilaBihari Municipality,Municipality,7,10
Madhesh Province,Dhanusha,20,MithilaBihari Municipality,Municipality,8,10
Madhesh Province,Dhanusha,20,MithilaBihari Municipality,Municipality,9,10
Madhesh Province,Dhanusha,20,MithilaBihari Municipality,Municipality,10,10
Madhesh Province,Dhanusha,20,Hansapur Municipality,Municipality,1,9
Madhesh Province,Dhanusha,20,Hansapur Municipality,Municipality,2,9
Madhesh Province,Dhanusha,20,Hansapur Municipality,Municipality,3,9
Madhesh Province,Dhanusha,20,Hansapur Municipality,Municipality,4,9
Madhesh Province,Dhanusha,20,Hansapur Municipality,Municipality,5,9
Madhesh Province,Dhanusha,20,Hansapur Municipality,Municipality,6,9
Madhesh Province,Dhanusha,20,Hansapur Municipality,Municipality,7,9
Madhesh Province,Dhanusha,20,Hansapur Municipality,Municipality,8,9
Madhesh Province,Dhanusha,20,Hansapur Municipality,Municipality,9,9
Madhesh Province,Dhanusha,20,Janaknandani Rural Municipality,Rural Municipality,1,6
Madhesh Province,Dhanusha,20,Janaknandani Rural Municipality,Rural Municipality,2,6
Madhesh Province,Dhanusha,20,Janaknandani Rural Municipality,Rural Municipality,3,6
Madhesh Province,Dhanusha,20,Janaknandani Rural Municipality,Rural Municipality,4,6
Madhesh Province,Dhanusha,20,Janaknandani Rural Municipality,Rural Municipality,5,6
Madhesh Province,Dhanusha,20,Janaknandani Rural Municipality,Rural Municipality,6,6
Madhesh Province,Dhanusha,20,Bateshwar Rural Municipality,Rural Municipality,1,5
Madhesh Province,Dhanusha,20,Bateshwar Rural Municipality,Rural Municipality,2,5
Madhesh Province,Dhanusha,20,Bateshwar Rural Municipality,Rural Municipality,3,5
Madhesh Province,Dhanusha,20,Bateshwar Rural Municipality,Rural Municipality,4,5
Madhesh Province,Dhanusha,20,Bateshwar Rural Municipality,Rural Municipality,5,5
Madhesh Province,Dhanusha,20,Mukhiyapatti Musharniya Rural Municipality,Rural Municipality,1,6
Madhesh Province,Dhanusha,20,Mukhiyapatti Musharniya Rural Municipality,Rural Municipality,2,6
Madhesh Province,Dhanusha,20,Mukhiyapatti Musharniya Rural Municipality,Rural Municipality,3,6
Madhesh Province,Dhanusha,20,Mukhiyapatti Musharniya Rural Municipality,Rural Municipality,4,6
Madhesh Province,Dhanusha,20,Mukhiyapatti Musharniya Rural Municipality,Rural Municipality,5,6
Madhesh Province,Dhanusha,20,Mukhiyapatti Musharniya Rural Municipality,Rural Municipality,6,6
Madhesh Province,Dhanusha,20,Lakshminya Rural Municipality,Rural Municipality,1,7
Madhesh Province,Dhanusha,20,Lakshminya Rural Municipality,Rural Municipality,2,7
Madhesh Province,Dhanusha,20,Lakshminya Rural Municipality,Rural Municipality,3,7
Madhesh Province,Dhanusha,20,Lakshminya Rural Municipality,Rural Municipality,4,7
Madhesh Province,Dhanusha,20,Lakshminya Rural Municipality,Rural Municipality,5,7
Madhesh Province,Dhanusha,20,Lakshminya Rural Municipality,Rural Municipality,6,7
Madhesh Province,Dhanusha,20,Lakshminya Rural Municipality,Rural Municipality,7,7
Madhesh Province,Dhanusha,20,Aaurahi Rural Municipality,Rural Municipality,1,6
Madhesh Province,Dhanusha,20,Aaurahi Rural Municipality,Rural Municipality,2,6
Madhesh Province,Dhanusha,20,Aaurahi Rural Municipality,Rural Municipality,3,6
Madhesh Province,Dhanusha,20,Aaurahi Rural Municipality,Rural Municipality,4,6
Madhesh Province,Dhanusha,20,Aaurahi Rural Municipality,Rural Municipality,5,6
Madhesh Province,Dhanusha,20,Aaurahi Rural Municipality,Rural Municipality,6,6
Madhesh Province,Dhanusha,20,Dhanauji Rural Municipality,Rural Municipality,1,5
Madhesh Province,Dhanusha,20,Dhanauji Rural Municipality,Rural Municipality,2,5
Madhesh Province,Dhanusha,20,Dhanauji Rural Municipality,Rural Municipality,3,5
Madhesh Province,Dhanusha,20,Dhanauji Rural Municipality,Rural Municipality,4,5
Madhesh Province,Dhanusha,20,Dhanauji Rural Municipality,Rural Municipality,5,5
Madhesh Province,Saptari,21,Bodebarsain Municipality,Municipality,1,10
Madhesh Province,Saptari,21,Bodebarsain Municipality,Municipality,2,10
Madhesh Province,Saptari,21,Bodebarsain Municipality,Municipality,3,10
Madhesh Province,Saptari,21,Bodebarsain Municipality,Municipality,4,10
Madhesh Province,Saptari,21,Bodebarsain Municipality,Municipality,5,10
Madhesh Province,Saptari,21,Bodebarsain Municipality,Municipality,6,10
Madhesh Province,Saptari,21,Bodebarsain Municipality,Municipality,7,10
Madhesh Province,Saptari,21,Bodebarsain Municipality,Municipality,8,10
Madhesh Province,Saptari,21,Bodebarsain Municipality,Municipality,9,10
Madhesh Province,Saptari,21,Bodebarsain Municipality,Municipality,10,10
Madhesh Province,Saptari,21,Dakneshwori Municipality,Municipality,1,10
Madhesh Province,Saptari,21,Dakneshwori Municipality,Municipality,2,10
Madhesh Province,Saptari,21,Dakneshwori Municipality,Municipality,3,10
Madhesh Province,Saptari,21,Dakneshwori Municipality,Municipality,4,10
Madhesh Province,Saptari,21,Dakneshwori Municipality,Municipality,5,10
Madhesh Province,Saptari,21,Dakneshwori Municipality,Municipality,6,10
Madhesh Province,Saptari,21,Dakneshwori Municipality,Municipality,7,10
Madhesh Province,Saptari,21,Dakneshwori Municipality,Municipality,8,10
Madhesh Province,Saptari,21,Dakneshwori Municipality,Municipality,9,10
Madhesh Province,Saptari,21,Dakneshwori Municipality,Municipality,10,10
Madhesh Province,Saptari,21,Hanumannagar Kankalini Municipality,Municipality,1,14
Madhesh Province,Saptari,21,Hanumannagar Kankalini Municipality,Municipality,2,14
Madhesh Province,Saptari,21,Hanumannagar Kankalini Municipality,Municipality,3,14
Madhesh Province,Saptari,21,Hanumannagar Kankalini Municipality,Municipality,4,14
Madhesh Province,Saptari,21,Hanumannagar Kankalini Municipality,Municipality,5,14
Madhesh Province,Saptari,21,Hanumannagar Kankalini Municipality,Municipality,6,14
Madhesh Province,Saptari,21,Hanumannagar Kankalini Municipality,Municipality,7,14
Madhesh Province,Saptari,21,Hanumannagar Kankalini Municipality,Municipality,8,14
Madhesh Province,Saptari,21,Hanumannagar Kankalini Municipality,Municipality,9,14
Madhesh Province,Saptari,21,Hanumannagar Kankalini Municipality,Municipality,10,14
Madhesh Province,Saptari,21,Hanumannagar Kankalini Municipality,Municipality,11,14
Madhesh Province,Saptari,21,Hanumannagar Kankalini Municipality,Municipality,12,14
Madhesh Province,Saptari,21,Hanumannagar Kankalini Municipality,Municipality,13,14
Madhesh Province,Saptari,21,Hanumannagar Kankalini Municipality,Municipality,14,14
Madhesh Province,Saptari,21,Kanchanrup Municipality,Municipality,1,12
Madhesh Province,Saptari,21,Kanchanrup Municipality,Municipality,2,12
Madhesh Province,Saptari,21,Kanchanrup Municipality,Municipality,3,12
Madhesh Province,Saptari,21,Kanchanrup Municipality,Municipality,4,12
Madhesh Province,Saptari,21,Kanchanrup Municipality,Municipality,5,12
Madhesh Province,Saptari,21,Kanchanrup Municipality,Municipality,6,12
Madhesh Province,Saptari,21,Kanchanrup Municipality,Municipality,7,12
Madhesh Province,Saptari,21,Kanchanrup Municipality,Municipality,8,12
Madhesh Province,Saptari,21,Kanchanrup Municipality,Municipality,9,12
Madhesh Province,Saptari,21,Kanchanrup Municipality,Municipality,10,12
Madhesh Province,Saptari,21,Kanchanrup Municipality,Municipality,11,12
Madhesh Province,Saptari,21,Kanchanrup Municipality,Municipality,12,12
Madhesh Province,Saptari,21,Khadak Municipality,Municipality,1,11
Madhesh Province,Saptari,21,Khadak Municipality,Municipality,2,11
Madhesh Province,Saptari,21,Khadak Municipality,Municipality,3,11
Madhesh Province,Saptari,21,Khadak Municipality,Municipality,4,11
Madhesh Province,Saptari,21,Khadak Municipality,Municipality,5,11
Madhesh Province,Saptari,21,Khadak Municipality,Municipality,6,11
Madhesh Province,Saptari,21,Khadak Municipality,Municipality,7,11
Madhesh Province,Saptari,21,Khadak Municipality,Municipality,8,11
Madhesh Province,Saptari,21,Khadak Municipality,Municipality,9,11
Madhesh Province,Saptari,21,Khadak Municipality,Municipality,10,11
Madhesh Province,Saptari,21,Khadak Municipality,Municipality,11,11
Madhesh Province,Saptari,21,Shambhunath Municipality,Municipality,1,12
Madhesh Province,Saptari,21,Shambhunath Municipality,Municipality,2,12
Madhesh Province,Saptari,21,Shambhunath Municipality,Municipality,3,12
Madhesh Province,Saptari,21,Shambhunath Municipality,Municipality,4,12
Madhesh Province,Saptari,21,Shambhunath Municipality,Municipality,5,12
Madhesh Province,Saptari,21,Shambhunath Municipality,Municipality,6,12
Madhesh Province,Saptari,21,Shambhunath Municipality,Municipality,7,12
Madhesh Province,Saptari,21,Shambhunath Municipality,Municipality,8,12
Madhesh Province,Saptari,21,Shambhunath Municipality,Municipality,9,12
Madhesh Province,Saptari,21,Shambhunath Municipality,Municipality,10,12
Madhesh Province,Saptari,21,Shambhunath Municipality,Municipality,11,12
Madhesh Province,Saptari,21,Shambhunath Municipality,Municipality,12,12
Madhesh Province,Saptari,21,Saptakoshi Municipality,Municipality,1,11
Madhesh Province,Saptari,21,Saptakoshi Municipality,Municipality,2,11
Madhesh Province,Saptari,21,Saptakoshi Municipality,Municipality,3,11
Madhesh Province,Saptari,21,Saptakoshi Municipality,Municipality,4,11
Madhesh Province,Saptari,21,Saptakoshi Municipality,Municipality,5,11
Madhesh Province,Saptari,21,Saptakoshi Municipality,Municipality,6,11
Madhesh Province,Saptari,21,Saptakoshi Municipality,Municipality,7,11
Madhesh Province,Saptari,21,Saptakoshi Municipality,Municipality,8,11
Madhesh Province,Saptari,21,Saptakoshi Municipality,Municipality,9,11
Madhesh Province,Saptari,21,Saptakoshi Municipality,Municipality,10,11
Madhesh Province,Saptari,21,Saptakoshi Municipality,Municipality,11,11
Madhesh Province,Saptari,21,Surunga Municipality,Municipality,1,11
Madhesh Province,Saptari,21,Surunga Municipality,Municipality,2,11
Madhesh Province,Saptari,21,Surunga Municipality,Municipality,3,11
Madhesh Province,Saptari,21,Surunga Municipality,Municipality,4,11
Madhesh Province,Saptari,21,Surunga Municipality,Municipality,5,11
Madhesh Province,Saptari,21,Surunga Municipality,Municipality,6,11
Madhesh Province,Saptari,21,Surunga Municipality,Municipality,7,11
Madhesh Province,Saptari,21,Surunga Municipality,Municipality,8,11
Madhesh Province,Saptari,21,Surunga Municipality,Municipality,9,11
Madhesh Province,Saptari,21,Surunga Municipality,Municipality,10,11
Madhesh Province,Saptari,21,Surunga Municipality,Municipality,11,11
Madhesh Province,Saptari,21,Rajbiraj Municipality,Municipality,1,16
Madhesh Province,Saptari,21,Rajbiraj Municipality,Municipality,2,16
Madhesh Province,Saptari,21,Rajbiraj Municipality,Municipality,3,16
Madhesh Province,Saptari,21,Rajbiraj Municipality,Municipality,4,16
Madhesh Province,Saptari,21,Rajbiraj Municipality,Municipality,5,16
Madhesh Province,Saptari,21,Rajbiraj Municipality,Municipality,6,16
Madhesh Province,Saptari,21,Rajbiraj Municipality,Municipality,7,16
Madhesh Province,Saptari,21,Rajbiraj Municipality,Municipality,8,16
Madhesh Province,Saptari,21,Rajbiraj Municipality,Municipality,9,16
Madhesh Province,Saptari,21,Rajbiraj Municipality,Municipality,10,16
Madhesh Province,Saptari,21,Rajbiraj Municipality,Municipality,11,16
Madhesh Province,Saptari,21,Rajbiraj Municipality,Municipality,12,16
Madhesh Province,Saptari,21,Rajbiraj Municipality,Municipality,13,16
Madhesh Province,Saptari,21,Rajbiraj Municipality,Municipality,14,16
Madhesh Province,Saptari,21,Rajbiraj Municipality,Municipality,15,16
Madhesh Province,Saptari,21,Rajbiraj Municipality,Municipality,16,16
Madhesh Province,Saptari,21,Agnisaira Krishnasavaran Rural Municipality,Rural Municipality,1,6
Madhesh Province,Saptari,21,Agnisaira Krishnasavaran Rural Municipality,Rural Municipality,2,6
Madhesh Province,Saptari,21,Agnisaira Krishnasavaran Rural Municipality,Rural Municipality,3,6
Madhesh Province,Saptari,21,Agnisaira Krishnasavaran Rural Municipality,Rural Municipality,4,6
Madhesh Province,Saptari,21,Agnisaira Krishnasavaran Rural Municipality,Rural Municipality,5,6
Madhesh Province,Saptari,21,Agnisaira Krishnasavaran Rural Municipality,Rural Municipality,6,6
Madhesh Province,Saptari,21,Balan-Bihul Rural Municipality,Rural Municipality,1,6
Madhesh Province,Saptari,21,Balan-Bihul Rural Municipality,Rural Municipality,2,6
Madhesh Province,Saptari,21,Balan-Bihul Rural Municipality,Rural Municipality,3,6
Madhesh Province,Saptari,21,Balan-Bihul Rural Municipality,Rural Municipality,4,6
Madhesh Province,Saptari,21,Balan-Bihul Rural Municipality,Rural Municipality,5,6
Madhesh Province,Saptari,21,Balan-Bihul Rural Municipality,Rural Municipality,6,6
Madhesh Province,Saptari,21,Rajgadh Rural Municipality,Rural Municipality,1,6
Madhesh Province,Saptari,21,Rajgadh Rural Municipality,Rural Municipality,2,6
Madhesh Province,Saptari,21,Rajgadh Rural Municipality,Rural Municipality,3,6
Madhesh Province,Saptari,21,Rajgadh Rural Municipality,Rural Municipality,4,6
Madhesh Province,Saptari,21,Rajgadh Rural Municipality,Rural Municipality,5,6
Madhesh Province,Saptari,21,Rajgadh Rural Municipality,Rural Municipality,6,6
Madhesh Province,Saptari,21,Bishnupur Rural Municipality,Rural Municipality,1,7
Madhesh Province,Saptari,21,Bishnupur Rural Municipality,Rural Municipality,2,7
Madhesh Province,Saptari,21,Bishnupur Rural Municipality,Rural Municipality,3,7
Madhesh Province,Saptari,21,Bishnupur Rural Municipality,Rural Municipality,4,7
Madhesh Province,Saptari,21,Bishnupur Rural Municipality,Rural Municipality,5,7
Madhesh Province,Saptari,21,Bishnupur Rural Municipality,Rural Municipality,6,7
Madhesh Province,Saptari,21,Bishnupur Rural Municipality,Rural Municipality,7,7
Madhesh Province,Saptari,21,Chhinnamasta Rural Municipality,Rural Municipality,1,7
Madhesh Province,Saptari,21,Chhinnamasta Rural Municipality,Rural Municipality,2,7
Madhesh Province,Saptari,21,Chhinnamasta Rural Municipality,Rural Municipality,3,7
Madhesh Province,Saptari,21,Chhinnamasta Rural Municipality,Rural Municipality,4,7
Madhesh Province,Saptari,21,Chhinnamasta Rural Municipality,Rural Municipality,5,7
Madhesh Province,Saptari,21,Chhinnamasta Rural Municipality,Rural Municipality,6,7
Madhesh Province,Saptari,21,Chhinnamasta Rural Municipality,Rural Municipality,7,7
Madhesh Province,Saptari,21,Mahadeva Rural Municipality,Rural Municipality,1,6
Madhesh Province,Saptari,21,Mahadeva Rural Municipality,Rural Municipality,2,6
Madhesh Province,Saptari,21,Mahadeva Rural Municipality,Rural Municipality,3,6
Madhesh Province,Saptari,21,Mahadeva Rural Municipality,Rural Municipality,4,6
Madhesh Province,Saptari,21,Mahadeva Rural Municipality,Rural Municipality,5,6
Madhesh Province,Saptari,21,Mahadeva Rural Municipality,Rural Municipality,6,6
Madhesh Province,Saptari,21,Rupani Rural Municipality,Rural Municipality,1,6
Madhesh Province,Saptari,21,Rupani Rural Municipality,Rural Municipality,2,6
Madhesh Province,Saptari,21,Rupani Rural Municipality,Rural Municipality,3,6
Madhesh Province,Saptari,21,Rupani Rural Municipality,Rural Municipality,4,6
Madhesh Province,Saptari,21,Rupani Rural Municipality,Rural Municipality,5,6
Madhesh Province,Saptari,21,Rupani Rural Municipality,Rural Municipality,6,6
Madhesh Province,Saptari,21,Tilathi Koiladi Rural Municipality,Rural Municipality,1,8
Madhesh Province,Saptari,21,Tilathi Koiladi Rural Municipality,Rural Municipality,2,8
Madhesh Province,Saptari,21,Tilathi Koiladi Rural Municipality,Rural Municipality,3,8
Madhesh Province,Saptari,21,Tilathi Koiladi Rural Municipality,Rural Municipality,4,8
Madhesh Province,Saptari,21,Tilathi Koiladi Rural Municipality,Rural Municipality,5,8
Madhesh Province,Saptari,21,Tilathi Koiladi Rural Municipality,Rural Municipality,6,8
Madhesh Province,Saptari,21,Tilathi Koiladi Rural Municipality,Rural Municipality,7,8
Madhesh Province,Saptari,21,Tilathi Koiladi Rural Municipality,Rural Municipality,8,8
Madhesh Province,Saptari,21,Tirhut Rural Municipality,Rural Municipality,1,5
Madhesh Province,Saptari,21,Tirhut Rural Municipality,Rural Municipality,2,5
Madhesh Province,Saptari,21,Tirhut Rural Municipality,Rural Municipality,3,5
Madhesh Province,Saptari,21,Tirhut Rural Municipality,Rural Municipality,4,5
Madhesh Province,Saptari,21,Tirhut Rural Municipality,Rural Municipality,5,5
Madhesh Province,Mahottari,22,Aaurahi Municipality,Municipality,1,9
Madhesh Province,Mahottari,22,Aaurahi Municipality,Municipality,2,9
Madhesh Province,Mahottari,22,Aaurahi Municipality,Municipality,3,9
Madhesh Province,Mahottari,22,Aaurahi Municipality,Municipality,4,9
Madhesh Province,Mahottari,22,Aaurahi Municipality,Municipality,5,9
Madhesh Province,Mahottari,22,Aaurahi Municipality,Municipality,6,9
Madhesh Province,Mahottari,22,Aaurahi Municipality,Municipality,7,9
Madhesh Province,Mahottari,22,Aaurahi Municipality,Municipality,8,9
Madhesh Province,Mahottari,22,Aaurahi Municipality,Municipality,9,9
Madhesh Province,Mahottari,22,Balawa Municipality,Municipality,1,11
Madhesh Province,Mahottari,22,Balawa Municipality,Municipality,2,11
Madhesh Province,Mahottari,22,Balawa Municipality,Municipality,3,11
Madhesh Province,Mahottari,22,Balawa Municipality,Municipality,4,11
Madhesh Province,Mahottari,22,Balawa Municipality,Municipality,5,11
Madhesh Province,Mahottari,22,Balawa Municipality,Municipality,6,11
Madhesh Province,Mahottari,22,Balawa Municipality,Municipality,7,11
Madhesh Province,Mahottari,22,Balawa Municipality,Municipality,8,11
Madhesh Province,Mahottari,22,Balawa Municipality,Municipality,9,11
Madhesh Province,Mahottari,22,Balawa Municipality,Municipality,10,11
Madhesh Province,Mahottari,22,Balawa Municipality,Municipality,11,11
Madhesh Province,Mahottari,22,Bardibas Municipality,Municipality,1,14
Madhesh Province,Mahottari,22,Bardibas Municipality,Municipality,2,14
Madhesh Province,Mahottari,22,Bardibas Municipality,Municipality,3,14
Madhesh Province,Mahottari,22,Bardibas Municipality,Municipality,4,14
Madhesh Province,Mahottari,22,Bardibas Municipality,Municipality,5,14
Madhesh Province,Mahottari,22,Bardibas Municipality,Municipality,6,14
Madhesh Province,Mahottari,22,Bardibas Municipality,Municipality,7,14
Madhesh Province,Mahottari,22,Bardibas Municipality,Municipality,8,14
Madhesh Province,Mahottari,22,Bardibas Municipality,Municipality,9,14
Madhesh Province,Mahottari,22,Bardibas Municipality,Municipality,10,14
Madhesh Province,Mahottari,22,Bardibas Municipality,Municipality,11,14
Madhesh Province,Mahottari,22,Bardibas Municipality,Municipality,12,14
Madhesh Province,Mahottari,22,Bardibas Municipality,Municipality,13,14
Madhesh Province,Mahottari,22,Bardibas Municipality,Municipality,14,14
Madhesh Province,Mahottari,22,Bhangaha Municipality,Municipality,1,9
Madhesh Province,Mahottari,22,Bhangaha Municipality,Municipality,2,9
Madhesh Province,Mahottari,22,Bhangaha Municipality,Municipality,3,9
Madhesh Province,Mahottari,22,Bhangaha Municipality,Municipality,4,9
Madhesh Province,Mahottari,22,Bhangaha Municipality,Municipality,5,9
Madhesh Province,Mahottari,22,Bhangaha Municipality,Municipality,6,9
Madhesh Province,Mahottari,22,Bhangaha Municipality,Municipality,7,9
Madhesh Province,Mahottari,22,Bhangaha Municipality,Municipality,8,9
Madhesh Province,Mahottari,22,Bhangaha Municipality,Municipality,9,9
Madhesh Province,Mahottari,22,Gaushala Municipality,Municipality,1,12
Madhesh Province,Mahottari,22,Gaushala Municipality,Municipality,2,12
Madhesh Province,Mahottari,22,Gaushala Municipality,Municipality,3,12
Madhesh Province,Mahottari,22,Gaushala Municipality,Municipality,4,12
Madhesh Province,Mahottari,22,Gaushala Municipality,Municipality,5,12
Madhesh Province,Mahottari,22,Gaushala Municipality,Municipality,6,12
Madhesh Province,Mahottari,22,Gaushala Municipality,Municipality,7,12
Madhesh Province,Mahottari,22,Gaushala Municipality,Municipality,8,12
Madhesh Province,Mahottari,22,Gaushala Municipality,Municipality,9,12
Madhesh Province,Mahottari,22,Gaushala Municipality,Municipality,10,12
Madhesh Province,Mahottari,22,Gaushala Municipality,Municipality,11,12
Madhesh Province,Mahottari,22,Gaushala Municipality,Municipality,12,12
Madhesh Province,Mahottari,22,Jaleshor Municipality,Municipality,1,12
Madhesh Province,Mahottari,22,Jaleshor Municipality,Municipality,2,12
Madhesh Province,Mahottari,22,Jaleshor Municipality,Municipality,3,12
Madhesh Province,Mahottari,22,Jaleshor Municipality,Municipality,4,12
Madhesh Province,Mahottari,22,Jaleshor Municipality,Municipality,5,12
Madhesh Province,Mahottari,22,Jaleshor Municipality,Municipality,6,12
Madhesh Province,Mahottari,22,Jaleshor Municipality,Municipality,7,12
Madhesh Province,Mahottari,22,Jaleshor Municipality,Municipality,8,12
Madhesh Province,Mahottari,22,Jaleshor Municipality,Municipality,9,12
Madhesh Province,Mahottari,22,Jaleshor Municipality,Municipality,10,12
Madhesh Province,Mahottari,22,Jaleshor Municipality,Municipality,11,12
Madhesh Province,Mahottari,22,Jaleshor Municipality,Municipality,12,12
Madhesh Province,Mahottari,22,Loharpatti Municipality,Municipality,1,9
Madhesh Province,Mahottari,22,Loharpatti Municipality,Municipality,2,9
Madhesh Province,Mahottari,22,Loharpatti Municipality,Municipality,3,9
Madhesh Province,Mahottari,22,Loharpatti Municipality,Municipality,4,9
Madhesh Province,Mahottari,22,Loharpatti Municipality,Municipality,5,9
Madhesh Province,Mahottari,22,Loharpatti Municipality,Municipality,6,9
Madhesh Province,Mahottari,22,Loharpatti Municipality,Municipality,7,9
Madhesh Province,Mahottari,22,Loharpatti Municipality,Municipality,8,9
Madhesh Province,Mahottari,22,Loharpatti Municipality,Municipality,9,9
Madhesh Province,Mahottari,22,Manara Shiswa Municipality,Municipality,1,10
Madhesh Province,Mahottari,22,Manara Shiswa Municipality,Municipality,2,10
Madhesh Province,Mahottari,22,Manara Shiswa Municipality,Municipality,3,10
Madhesh Province,Mahottari,22,Manara Shiswa Municipality,Municipality,4,10
Madhesh Province,Mahottari,22,Manara Shiswa Municipality,Municipality,5,10
Madhesh Province,Mahottari,22,Manara Shiswa Municipality,Municipality,6,10
Madhesh Province,Mahottari,22,Manara Shiswa Municipality,Municipality,7,10
Madhesh Province,Mahottari,22,Manara Shiswa Municipality,Municipality,8,10
Madhesh Province,Mahottari,22,Manara Shiswa Municipality,Municipality,9,10
Madhesh Province,Mahottari,22,Manara Shiswa Municipality,Municipality,10,10
Madhesh Province,Mahottari,22,Matihani Municipality,Municipality,1,9
Madhesh Province,Mahottari,22,Matihani Municipality,Municipality,2,9
Madhesh Province,Mahottari,22,Matihani Municipality,Municipality,3,9
Madhesh Province,Mahottari,22,Matihani Municipality,Municipality,4,9
Madhesh Province,Mahottari,22,Matihani Municipality,Municipality,5,9
Madhesh Province,Mahottari,22,Matihani Municipality,Municipality,6,9
Madhesh Province,Mahottari,22,Matihani Municipality,Municipality,7,9
Madhesh Province,Mahottari,22,Matihani Municipality,Municipality,8,9
Madhesh Province,Mahottari,22,Matihani Municipality,Municipality,9,9
Madhesh Province,Mahottari,22,Ramgopalpur Municipality,Municipality,1,9
Madhesh Province,Mahottari,22,Ramgopalpur Municipality,Municipality,2,9
Madhesh Province,Mahottari,22,Ramgopalpur Municipality,Municipality,3,9
Madhesh Province,Mahottari,22,Ramgopalpur Municipality,Municipality,4,9
Madhesh Province,Mahottari,22,Ramgopalpur Municipality,Municipality,5,9
Madhesh Province,Mahottari,22,Ramgopalpur Municipality,Municipality,6,9
Madhesh Province,Mahottari,22,Ramgopalpur Municipality,Municipality,7,9
Madhesh Province,Mahottari,22,Ramgopalpur Municipality,Municipality,8,9
Madhesh Province,Mahottari,22,Ramgopalpur Municipality,Municipality,9,9
Madhesh Province,Mahottari,22,Ekdara Rural Municipality,Rural Municipality,1,6
Madhesh Province,Mahottari,22,Ekdara Rural Municipality,Rural Municipality,2,6
Madhesh Province,Mahottari,22,Ekdara Rural Municipality,Rural Municipality,3,6
Madhesh Province,Mahottari,22,Ekdara Rural Municipality,Rural Municipality,4,6
Madhesh Province,Mahottari,22,Ekdara Rural Municipality,Rural Municipality,5,6
Madhesh Province,Mahottari,22,Ekdara Rural Municipality,Rural Municipality,6,6
Madhesh Province,Mahottari,22,Mahottari Rural Municipality,Rural Municipality,1,6
Madhesh Province,Mahottari,22,Mahottari Rural Municipality,Rural Municipality,2,6
Madhesh Province,Mahottari,22,Mahottari Rural Municipality,Rural Municipality,3,6
Madhesh Province,Mahottari,22,Mahottari Rural Municipality,Rural Municipality,4,6
Madhesh Province,Mahottari,22,Mahottari Rural Municipality,Rural Municipality,5,6
Madhesh Province,Mahottari,22,Mahottari Rural Municipality,Rural Municipality,6,6
Madhesh Province,Mahottari,22,Pipara Rural Municipality,Rural Municipality,1,7
Madhesh Province,Mahottari,22,Pipara Rural Municipality,Rural Municipality,2,7
Madhesh Province,Mahottari,22,Pipara Rural Municipality,Rural Municipality,3,7
Madhesh Province,Mahottari,22,Pipara Rural Municipality,Rural Municipality,4,7
Madhesh Province,Mahottari,22,Pipara Rural Municipality,Rural Municipality,5,7
Madhesh Province,Mahottari,22,Pipara Rural Municipality,Rural Municipality,6,7
Madhesh Province,Mahottari,22,Pipara Rural Municipality,Rural Municipality,7,7
Madhesh Province,Mahottari,22,Samsi Rural Municipality,Rural Municipality,1,7
Madhesh Province,Mahottari,22,Samsi Rural Municipality,Rural Municipality,2,7
Madhesh Province,Mahottari,22,Samsi Rural Municipality,Rural Municipality,3,7
Madhesh Province,Mahottari,22,Samsi Rural Municipality,Rural Municipality,4,7
Madhesh Province,Mahottari,22,Samsi Rural Municipality,Rural Municipality,5,7
Madhesh Province,Mahottari,22,Samsi Rural Municipality,Rural Municipality,6,7
Madhesh Province,Mahottari,22,Samsi Rural Municipality,Rural Municipality,7,7
Madhesh Province,Mahottari,22,Sonama Rural Municipality,Rural Municipality,1,8
Madhesh Province,Mahottari,22,Sonama Rural Municipality,Rural Municipality,2,8
Madhesh Province,Mahottari,22,Sonama Rural Municipality,Rural Municipality,3,8
Madhesh Province,Mahottari,22,Sonama Rural Municipality,Rural Municipality,4,8
Madhesh Province,Mahottari,22,Sonama Rural Municipality,Rural Municipality,5,8
Madhesh Province,Mahottari,22,Sonama Rural Municipality,Rural Municipality,6,8
Madhesh Province,Mahottari,22,Sonama Rural Municipality,Rural Municipality,7,8
Madhesh Province,Mahottari,22,Sonama Rural Municipality,Rural Municipality,8,8
Bagmati Province,Bhaktapur,23,Bhaktapur Municipality,Municipality,1,10
Bagmati Province,Bhaktapur,23,Bhaktapur Municipality,Municipality,2,10
Bagmati Province,Bhaktapur,23,Bhaktapur Municipality,Municipality,3,10
Bagmati Province,Bhaktapur,23,Bhaktapur Municipality,Municipality,4,10
Bagmati Province,Bhaktapur,23,Bhaktapur Municipality,Municipality,5,10
Bagmati Province,Bhaktapur,23,Bhaktapur Municipality,Municipality,6,10
Bagmati Province,Bhaktapur,23,Bhaktapur Municipality,Municipality,7,10
Bagmati Province,Bhaktapur,23,Bhaktapur Municipality,Municipality,8,10
Bagmati Province,Bhaktapur,23,Bhaktapur Municipality,Municipality,9,10
Bagmati Province,Bhaktapur,23,Bhaktapur Municipality,Municipality,10,10
Bagmati Province,Bhaktapur,23,Changunarayan Municipality,Municipality,1,9
Bagmati Province,Bhaktapur,23,Changunarayan Municipality,Municipality,2,9
Bagmati Province,Bhaktapur,23,Changunarayan Municipality,Municipality,3,9
Bagmati Province,Bhaktapur,23,Changunarayan Municipality,Municipality,4,9
Bagmati Province,Bhaktapur,23,Changunarayan Municipality,Municipality,5,9
Bagmati Province,Bhaktapur,23,Changunarayan Municipality,Municipality,6,9
Bagmati Province,Bhaktapur,23,Changunarayan Municipality,Municipality,7,9
Bagmati Province,Bhaktapur,23,Changunarayan Municipality,Municipality,8,9
Bagmati Province,Bhaktapur,23,Changunarayan Municipality,Municipality,9,9
Bagmati Province,Bhaktapur,23,Suryabinayak Municipality,Municipality,1,10
Bagmati Province,Bhaktapur,23,Suryabinayak Municipality,Municipality,2,10
Bagmati Province,Bhaktapur,23,Suryabinayak Municipality,Municipality,3,10
Bagmati Province,Bhaktapur,23,Suryabinayak Municipality,Municipality,4,10
Bagmati Province,Bhaktapur,23,Suryabinayak Municipality,Municipality,5,10
Bagmati Province,Bhaktapur,23,Suryabinayak Municipality,Municipality,6,10
Bagmati Province,Bhaktapur,23,Suryabinayak Municipality,Municipality,7,10
Bagmati Province,Bhaktapur,23,Suryabinayak Municipality,Municipality,8,10
Bagmati Province,Bhaktapur,23,Suryabinayak Municipality,Municipality,9,10
Bagmati Province,Bhaktapur,23,Suryabinayak Municipality,Municipality,10,10
Bagmati Province,Bhaktapur,23,Madhyapur Thimi Municipality,Municipality,1,9
Bagmati Province,Bhaktapur,23,Madhyapur Thimi Municipality,Municipality,2,9
Bagmati Province,Bhaktapur,23,Madhyapur Thimi Municipality,Municipality,3,9
Bagmati Province,Bhaktapur,23,Madhyapur Thimi Municipality,Municipality,4,9
Bagmati Province,Bhaktapur,23,Madhyapur Thimi Municipality,Municipality,5,9
Bagmati Province,Bhaktapur,23,Madhyapur Thimi Municipality,Municipality,6,9
Bagmati Province,Bhaktapur,23,Madhyapur Thimi Municipality,Municipality,7,9
Bagmati Province,Bhaktapur,23,Madhyapur Thimi Municipality,Municipality,8,9
Bagmati Province,Bhaktapur,23,Madhyapur Thimi Municipality,Municipality,9,9
Bagmati Province,Chitwan,24,Bharatpur Metropolitan City,Metropolitan City,1,29
Bagmati Province,Chitwan,24,Bharatpur Metropolitan City,Metropolitan City,2,29
Bagmati Province,Chitwan,24,Bharatpur Metropolitan City,Metropolitan City,3,29
Bagmati Province,Chitwan,24,Bharatpur Metropolitan City,Metropolitan City,4,29
Bagmati Province,Chitwan,24,Bharatpur Metropolitan City,Metropolitan City,5,29
Bagmati Province,Chitwan,24,Bharatpur Metropolitan City,Metropolitan City,6,29
Bagmati Province,Chitwan,24,Bharatpur Metropolitan City,Metropolitan City,7,29
Bagmati Province,Chitwan,24,Bharatpur Metropolitan City,Metropolitan City,8,29
Bagmati Province,Chitwan,24,Bharatpur Metropolitan City,Metropolitan City,9,29
Bagmati Province,Chitwan,24,Bharatpur Metropolitan City,Metropolitan City,10,29
Bagmati Province,Chitwan,24,Bharatpur Metropolitan City,Metropolitan City,11,29
Bagmati Province,Chitwan,24,Bharatpur Metropolitan City,Metropolitan City,12,29
Bagmati Province,Chitwan,24,Bharatpur Metropolitan City,Metropolitan City,13,29
Bagmati Province,Chitwan,24,Bharatpur Metropolitan City,Metropolitan City,14,29
Bagmati Province,Chitwan,24,Bharatpur Metropolitan City,Metropolitan City,15,29
Bagmati Province,Chitwan,24,Bharatpur Metropolitan City,Metropolitan City,16,29
Bagmati Province,Chitwan,24,Bharatpur Metropolitan City,Metropolitan City,17,29
Bagmati Province,Chitwan,24,Bharatpur Metropolitan City,Metropolitan City,18,29
Bagmati Province,Chitwan,24,Bharatpur Metropolitan City,Metropolitan City,19,29
Bagmati Province,Chitwan,24,Bharatpur Metropolitan City,Metropolitan City,20,29
Bagmati Province,Chitwan,24,Bharatpur Metropolitan City,Metropolitan City,21,29
Bagmati Province,Chitwan,24,Bharatpur Metropolitan City,Metropolitan City,22,29
Bagmati Province,Chitwan,24,Bharatpur Metropolitan City,Metropolitan City,23,29
Bagmati Province,Chitwan,24,Bharatpur Metropolitan City,Metropolitan City,24,29
Bagmati Province,Chitwan,24,Bharatpur Metropolitan City,Metropolitan City,25,29
Bagmati Province,Chitwan,24,Bharatpur Metropolitan City,Metropolitan City,26,29
Bagmati Province,Chitwan,24,Bharatpur Metropolitan City,Metropolitan City,27,29
Bagmati Province,Chitwan,24,Bharatpur Metropolitan City,Metropolitan City,28,29
Bagmati Province,Chitwan,24,Bharatpur Metropolitan City,Metropolitan City,29,29
Bagmati Province,Chitwan,24,Kalika Municipality,Municipality,1,11
Bagmati Province,Chitwan,24,Kalika Municipality,Municipality,2,11
Bagmati Province,Chitwan,24,Kalika Municipality,Municipality,3,11
Bagmati Province,Chitwan,24,Kalika Municipality,Municipality,4,11
Bagmati Province,Chitwan,24,Kalika Municipality,Municipality,5,11
Bagmati Province,Chitwan,24,Kalika Municipality,Municipality,6,11
Bagmati Province,Chitwan,24,Kalika Municipality,Municipality,7,11
Bagmati Province,Chitwan,24,Kalika Municipality,Municipality,8,11
Bagmati Province,Chitwan,24,Kalika Municipality,Municipality,9,11
Bagmati Province,Chitwan,24,Kalika Municipality,Municipality,10,11
Bagmati Province,Chitwan,24,Kalika Municipality,Municipality,11,11
Bagmati Province,Chitwan,24,Khairhani Municipality,Municipality,1,13
Bagmati Province,Chitwan,24,Khairhani Municipality,Municipality,2,13
Bagmati Province,Chitwan,24,Khairhani Municipality,Municipality,3,13
Bagmati Province,Chitwan,24,Khairhani Municipality,Municipality,4,13
Bagmati Province,Chitwan,24,Khairhani Municipality,Municipality,5,13
Bagmati Province,Chitwan,24,Khairhani Municipality,Municipality,6,13
Bagmati Province,Chitwan,24,Khairhani Municipality,Municipality,7,13
Bagmati Province,Chitwan,24,Khairhani Municipality,Municipality,8,13
Bagmati Province,Chitwan,24,Khairhani Municipality,Municipality,9,13
Bagmati Province,Chitwan,24,Khairhani Municipality,Municipality,10,13
Bagmati Province,Chitwan,24,Khairhani Municipality,Municipality,11,13
Bagmati Province,Chitwan,24,Khairhani Municipality,Municipality,12,13
Bagmati Province,Chitwan,24,Khairhani Municipality,Municipality,13,13
Bagmati Province,Chitwan,24,Madi Municipality,Municipality,1,9
Bagmati Province,Chitwan,24,Madi Municipality,Municipality,2,9
Bagmati Province,Chitwan,24,Madi Municipality,Municipality,3,9
Bagmati Province,Chitwan,24,Madi Municipality,Municipality,4,9
Bagmati Province,Chitwan,24,Madi Municipality,Municipality,5,9
Bagmati Province,Chitwan,24,Madi Municipality,Municipality,6,9
Bagmati Province,Chitwan,24,Madi Municipality,Municipality,7,9
Bagmati Province,Chitwan,24,Madi Municipality,Municipality,8,9
Bagmati Province,Chitwan,24,Madi Municipality,Municipality,9,9
Bagmati Province,Chitwan,24,Ratnagar Municipality,Municipality,1,16
Bagmati Province,Chitwan,24,Ratnagar Municipality,Municipality,2,16
Bagmati Province,Chitwan,24,Ratnagar Municipality,Municipality,3,16
Bagmati Province,Chitwan,24,Ratnagar Municipality,Municipality,4,16
Bagmati Province,Chitwan,24,Ratnagar Municipality,Municipality,5,16
Bagmati Province,Chitwan,24,Ratnagar Municipality,Municipality,6,16
Bagmati Province,Chitwan,24,Ratnagar Municipality,Municipality,7,16
Bagmati Province,Chitwan,24,Ratnagar Municipality,Municipality,8,16
Bagmati Province,Chitwan,24,Ratnagar Municipality,Municipality,9,16
Bagmati Province,Chitwan,24,Ratnagar Municipality,Municipality,10,16
Bagmati Province,Chitwan,24,Ratnagar Municipality,Municipality,11,16
Bagmati Province,Chitwan,24,Ratnagar Municipality,Municipality,12,16
Bagmati Province,Chitwan,24,Ratnagar Municipality,Municipality,13,16
Bagmati Province,Chitwan,24,Ratnagar Municipality,Municipality,14,16
Bagmati Province,Chitwan,24,Ratnagar Municipality,Municipality,15,16
Bagmati Province,Chitwan,24,Ratnagar Municipality,Municipality,16,16
Bagmati Province,Chitwan,24,Rapti Municipality,Municipality,1,13
Bagmati Province,Chitwan,24,Rapti Municipality,Municipality,2,13
Bagmati Province,Chitwan,24,Rapti Municipality,Municipality,3,13
Bagmati Province,Chitwan,24,Rapti Municipality,Municipality,4,13
Bagmati Province,Chitwan,24,Rapti Municipality,Municipality,5,13
Bagmati Province,Chitwan,24,Rapti Municipality,Municipality,6,13
Bagmati Province,Chitwan,24,Rapti Municipality,Municipality,7,13
Bagmati Province,Chitwan,24,Rapti Municipality,Municipality,8,13
Bagmati Province,Chitwan,24,Rapti Municipality,Municipality,9,13
Bagmati Province,Chitwan,24,Rapti Municipality,Municipality,10,13
Bagmati Province,Chitwan,24,Rapti Municipality,Municipality,11,13
Bagmati Province,Chitwan,24,Rapti Municipality,Municipality,12,13
Bagmati Province,Chitwan,24,Rapti Municipality,Municipality,13,13
Bagmati Province,Chitwan,24,Ichchhakamana Rural Municipality,Rural Municipality,1,7
Bagmati Province,Chitwan,24,Ichchhakamana Rural Municipality,Rural Municipality,2,7
Bagmati Province,Chitwan,24,Ichchhakamana Rural Municipality,Rural Municipality,3,7
Bagmati Province,Chitwan,24,Ichchhakamana Rural Municipality,Rural Municipality,4,7
Bagmati Province,Chitwan,24,Ichchhakamana Rural Municipality,Rural Municipality,5,7
Bagmati Province,Chitwan,24,Ichchhakamana Rural Municipality,Rural Municipality,6,7
Bagmati Province,Chitwan,24,Ichchhakamana Rural Municipality,Rural Municipality,7,7
Bagmati Province,Dhading,25,Dhunibeshi Municipality,Municipality,1,9
Bagmati Province,Dhading,25,Dhunibeshi Municipality,Municipality,2,9
Bagmati Province,Dhading,25,Dhunibeshi Municipality,Municipality,3,9
Bagmati Province,Dhading,25,Dhunibeshi Municipality,Municipality,4,9
Bagmati Province,Dhading,25,Dhunibeshi Municipality,Municipality,5,9
Bagmati Province,Dhading,25,Dhunibeshi Municipality,Municipality,6,9
Bagmati Province,Dhading,25,Dhunibeshi Municipality,Municipality,7,9
Bagmati Province,Dhading,25,Dhunibeshi Municipality,Municipality,8,9
Bagmati Province,Dhading,25,Dhunibeshi Municipality,Municipality,9,9
Bagmati Province,Dhading,25,Nilkantha Municipality,Municipality,1,14
Bagmati Province,Dhading,25,Nilkantha Municipality,Municipality,2,14
Bagmati Province,Dhading,25,Nilkantha Municipality,Municipality,3,14
Bagmati Province,Dhading,25,Nilkantha Municipality,Municipality,4,14
Bagmati Province,Dhading,25,Nilkantha Municipality,Municipality,5,14
Bagmati Province,Dhading,25,Nilkantha Municipality,Municipality,6,14
Bagmati Province,Dhading,25,Nilkantha Municipality,Municipality,7,14
Bagmati Province,Dhading,25,Nilkantha Municipality,Municipality,8,14
Bagmati Province,Dhading,25,Nilkantha Municipality,Municipality,9,14
Bagmati Province,Dhading,25,Nilkantha Municipality,Municipality,10,14
Bagmati Province,Dhading,25,Nilkantha Municipality,Municipality,11,14
Bagmati Province,Dhading,25,Nilkantha Municipality,Municipality,12,14
Bagmati Province,Dhading,25,Nilkantha Municipality,Municipality,13,14
Bagmati Province,Dhading,25,Nilkantha Municipality,Municipality,14,14
Bagmati Province,Dhading,25,Khaniyabas Rural Municipality,Rural Municipality,1,5
Bagmati Province,Dhading,25,Khaniyabas Rural Municipality,Rural Municipality,2,5
Bagmati Province,Dhading,25,Khaniyabas Rural Municipality,Rural Municipality,3,5
Bagmati Province,Dhading,25,Khaniyabas Rural Municipality,Rural Municipality,4,5
Bagmati Province,Dhading,25,Khaniyabas Rural Municipality,Rural Municipality,5,5
Bagmati Province,Dhading,25,Gajuri Rural Municipality,Rural Municipality,1,8
Bagmati Province,Dhading,25,Gajuri Rural Municipality,Rural Municipality,2,8
Bagmati Province,Dhading,25,Gajuri Rural Municipality,Rural Municipality,3,8
Bagmati Province,Dhading,25,Gajuri Rural Municipality,Rural Municipality,4,8
Bagmati Province,Dhading,25,Gajuri Rural Municipality,Rural Municipality,5,8
Bagmati Province,Dhading,25,Gajuri Rural Municipality,Rural Municipality,6,8
Bagmati Province,Dhading,25,Gajuri Rural Municipality,Rural Municipality,7,8
Bagmati Province,Dhading,25,Gajuri Rural Municipality,Rural Municipality,8,8
Bagmati Province,Dhading,25,Galchhi Rural Municipality,Rural Municipality,1,8
Bagmati Province,Dhading,25,Galchhi Rural Municipality,Rural Municipality,2,8
Bagmati Province,Dhading,25,Galchhi Rural Municipality,Rural Municipality,3,8
Bagmati Province,Dhading,25,Galchhi Rural Municipality,Rural Municipality,4,8
Bagmati Province,Dhading,25,Galchhi Rural Municipality,Rural Municipality,5,8
Bagmati Province,Dhading,25,Galchhi Rural Municipality,Rural Municipality,6,8
Bagmati Province,Dhading,25,Galchhi Rural Municipality,Rural Municipality,7,8
Bagmati Province,Dhading,25,Galchhi Rural Municipality,Rural Municipality,8,8
Bagmati Province,Dhading,25,Gangajamuna Rural Municipality,Rural Municipality,1,7
Bagmati Province,Dhading,25,Gangajamuna Rural Municipality,Rural Municipality,2,7
Bagmati Province,Dhading,25,Gangajamuna Rural Municipality,Rural Municipality,3,7
Bagmati Province,Dhading,25,Gangajamuna Rural Municipality,Rural Municipality,4,7
Bagmati Province,Dhading,25,Gangajamuna Rural Municipality,Rural Municipality,5,7
Bagmati Province,Dhading,25,Gangajamuna Rural Municipality,Rural Municipality,6,7
Bagmati Province,Dhading,25,Gangajamuna Rural Municipality,Rural Municipality,7,7
Bagmati Province,Dhading,25,Jwalamukhi Rural Municipality,Rural Municipality,1,7
Bagmati Province,Dhading,25,Jwalamukhi Rural Municipality,Rural Municipality,2,7
Bagmati Province,Dhading,25,Jwalamukhi Rural Municipality,Rural Municipality,3,7
Bagmati Province,Dhading,25,Jwalamukhi Rural Municipality,Rural Municipality,4,7
Bagmati Province,Dhading,25,Jwalamukhi Rural Municipality,Rural Municipality,5,7
Bagmati Province,Dhading,25,Jwalamukhi Rural Municipality,Rural Municipality,6,7
Bagmati Province,Dhading,25,Jwalamukhi Rural Municipality,Rural Municipality,7,7
Bagmati Province,Dhading,25,Thakre Rural Municipality,Rural Municipality,1,11
Bagmati Province,Dhading,25,Thakre Rural Municipality,Rural Municipality,2,11
Bagmati Province,Dhading,25,Thakre Rural Municipality,Rural Municipality,3,11
Bagmati Province,Dhading,25,Thakre Rural Municipality,Rural Municipality,4,11
Bagmati Province,Dhading,25,Thakre Rural Municipality,Rural Municipality,5,11
Bagmati Province,Dhading,25,Thakre Rural Municipality,Rural Municipality,6,11
Bagmati Province,Dhading,25,Thakre Rural Municipality,Rural Municipality,7,11
Bagmati Province,Dhading,25,Thakre Rural Municipality,Rural Municipality,8,11
Bagmati Province,Dhading,25,Thakre Rural Municipality,Rural Municipality,9,11
Bagmati Province,Dhading,25,Thakre Rural Municipality,Rural Municipality,10,11
Bagmati Province,Dhading,25,Thakre Rural Municipality,Rural Municipality,11,11
Bagmati Province,Dhading,25,Netrawati Dabjong Rural Municipality,Rural Municipality,1,5
Bagmati Province,Dhading,25,Netrawati Dabjong Rural Municipality,Rural Municipality,2,5
Bagmati Province,Dhading,25,Netrawati Dabjong Rural Municipality,Rural Municipality,3,5
Bagmati Province,Dhading,25,Netrawati Dabjong Rural Municipality,Rural Municipality,4,5
Bagmati Province,Dhading,25,Netrawati Dabjong Rural Municipality,Rural Municipality,5,5
Bagmati Province,Dhading,25,Benighat Rorang Rural Municipality,Rural Municipality,1,10
Bagmati Province,Dhading,25,Benighat Rorang Rural Municipality,Rural Municipality,2,10
Bagmati Province,Dhading,25,Benighat Rorang Rural Municipality,Rural Municipality,3,10
Bagmati Province,Dhading,25,Benighat Rorang Rural Municipality,Rural Municipality,4,10
Bagmati Province,Dhading,25,Benighat Rorang Rural Municipality,Rural Municipality,5,10
Bagmati Province,Dhading,25,Benighat Rorang Rural Municipality,Rural Municipality,6,10
Bagmati Province,Dhading,25,Benighat Rorang Rural Municipality,Rural Municipality,7,10
Bagmati Province,Dhading,25,Benighat Rorang Rural Municipality,Rural Municipality,8,10
Bagmati Province,Dhading,25,Benighat Rorang Rural Municipality,Rural Municipality,9,10
Bagmati Province,Dhading,25,Benighat Rorang Rural Municipality,Rural Municipality,10,10
Bagmati Province,Dhading,25,Rubi Valley Rural Municipality,Rural Municipality,1,6
Bagmati Province,Dhading,25,Rubi Valley Rural Municipality,Rural Municipality,2,6
Bagmati Province,Dhading,25,Rubi Valley Rural Municipality,Rural Municipality,3,6
Bagmati Province,Dhading,25,Rubi Valley Rural Municipality,Rural Municipality,4,6
Bagmati Province,Dhading,25,Rubi Valley Rural Municipality,Rural Municipality,5,6
Bagmati Province,Dhading,25,Rubi Valley Rural Municipality,Rural Municipality,6,6
Bagmati Province,Dhading,25,Siddhalek Rural Municipality,Rural Municipality,1,7
Bagmati Province,Dhading,25,Siddhalek Rural Municipality,Rural Municipality,2,7
Bagmati Province,Dhading,25,Siddhalek Rural Municipality,Rural Municipality,3,7
Bagmati Province,Dhading,25,Siddhalek Rural Municipality,Rural Municipality,4,7
Bagmati Province,Dhading,25,Siddhalek Rural Municipality,Rural Municipality,5,7
Bagmati Province,Dhading,25,Siddhalek Rural Municipality,Rural Municipality,6,7
Bagmati Province,Dhading,25,Siddhalek Rural Municipality,Rural Municipality,7,7
Bagmati Province,Dhading,25,Tripurasundari Rural Municipality,Rural Municipality,1,7
Bagmati Province,Dhading,25,Tripurasundari Rural Municipality,Rural Municipality,2,7
Bagmati Province,Dhading,25,Tripurasundari Rural Municipality,Rural Municipality,3,7
Bagmati Province,Dhading,25,Tripurasundari Rural Municipality,Rural Municipality,4,7
Bagmati Province,Dhading,25,Tripurasundari Rural Municipality,Rural Municipality,5,7
Bagmati Province,Dhading,25,Tripurasundari Rural Municipality,Rural Municipality,6,7
Bagmati Province,Dhading,25,Tripurasundari Rural Municipality,Rural Municipality,7,7
Bagmati Province,Dolakha,26,Bhimeswor Municipality,Municipality,1,9
Bagmati Province,Dolakha,26,Bhimeswor Municipality,Municipality,2,9
Bagmati Province,Dolakha,26,Bhimeswor Municipality,Municipality,3,9
Bagmati Province,Dolakha,26,Bhimeswor Municipality,Municipality,4,9
Bagmati Province,Dolakha,26,Bhimeswor Municipality,Municipality,5,9
Bagmati Province,Dolakha,26,Bhimeswor Municipality,Municipality,6,9
Bagmati Province,Dolakha,26,Bhimeswor Municipality,Municipality,7,9
Bagmati Province,Dolakha,26,Bhimeswor Municipality,Municipality,8,9
Bagmati Province,Dolakha,26,Bhimeswor Municipality,Municipality,9,9
Bagmati Province,Dolakha,26,Jiri Municipality,Municipality,1,9
Bagmati Province,Dolakha,26,Jiri Municipality,Municipality,2,9
Bagmati Province,Dolakha,26,Jiri Municipality,Municipality,3,9
Bagmati Province,Dolakha,26,Jiri Municipality,Municipality,4,9
Bagmati Province,Dolakha,26,Jiri Municipality,Municipality,5,9
Bagmati Province,Dolakha,26,Jiri Municipality,Municipality,6,9
Bagmati Province,Dolakha,26,Jiri Municipality,Municipality,7,9
Bagmati Province,Dolakha,26,Jiri Municipality,Municipality,8,9
Bagmati Province,Dolakha,26,Jiri Municipality,Municipality,9,9
Bagmati Province,Dolakha,26,Kalinchok Rural Municipality,Rural Municipality,1,9
Bagmati Province,Dolakha,26,Kalinchok Rural Municipality,Rural Municipality,2,9
Bagmati Province,Dolakha,26,Kalinchok Rural Municipality,Rural Municipality,3,9
Bagmati Province,Dolakha,26,Kalinchok Rural Municipality,Rural Municipality,4,9
Bagmati Province,Dolakha,26,Kalinchok Rural Municipality,Rural Municipality,5,9
Bagmati Province,Dolakha,26,Kalinchok Rural Municipality,Rural Municipality,6,9
Bagmati Province,Dolakha,26,Kalinchok Rural Municipality,Rural Municipality,7,9
Bagmati Province,Dolakha,26,Kalinchok Rural Municipality,Rural Municipality,8,9
Bagmati Province,Dolakha,26,Kalinchok Rural Municipality,Rural Municipality,9,9
Bagmati Province,Dolakha,26,Melung Rural Municipality,Rural Municipality,1,7
Bagmati Province,Dolakha,26,Melung Rural Municipality,Rural Municipality,2,7
Bagmati Province,Dolakha,26,Melung Rural Municipality,Rural Municipality,3,7
Bagmati Province,Dolakha,26,Melung Rural Municipality,Rural Municipality,4,7
Bagmati Province,Dolakha,26,Melung Rural Municipality,Rural Municipality,5,7
Bagmati Province,Dolakha,26,Melung Rural Municipality,Rural Municipality,6,7
Bagmati Province,Dolakha,26,Melung Rural Municipality,Rural Municipality,7,7
Bagmati Province,Dolakha,26,Bigu Rural Municipality,Rural Municipality,1,8
Bagmati Province,Dolakha,26,Bigu Rural Municipality,Rural Municipality,2,8
Bagmati Province,Dolakha,26,Bigu Rural Municipality,Rural Municipality,3,8
Bagmati Province,Dolakha,26,Bigu Rural Municipality,Rural Municipality,4,8
Bagmati Province,Dolakha,26,Bigu Rural Municipality,Rural Municipality,5,8
Bagmati Province,Dolakha,26,Bigu Rural Municipality,Rural Municipality,6,8
Bagmati Province,Dolakha,26,Bigu Rural Municipality,Rural Municipality,7,8
Bagmati Province,Dolakha,26,Bigu Rural Municipality,Rural Municipality,8,8
Bagmati Province,Dolakha,26,Gaurishankar Rural Municipality,Rural Municipality,1,9
Bagmati Province,Dolakha,26,Gaurishankar Rural Municipality,Rural Municipality,2,9
Bagmati Province,Dolakha,26,Gaurishankar Rural Municipality,Rural Municipality,3,9
Bagmati Province,Dolakha,26,Gaurishankar Rural Municipality,Rural Municipality,4,9
Bagmati Province,Dolakha,26,Gaurishankar Rural Municipality,Rural Municipality,5,9
Bagmati Province,Dolakha,26,Gaurishankar Rural Municipality,Rural Municipality,6,9
Bagmati Province,Dolakha,26,Gaurishankar Rural Municipality,Rural Municipality,7,9
Bagmati Province,Dolakha,26,Gaurishankar Rural Municipality,Rural Municipality,8,9
Bagmati Province,Dolakha,26,Gaurishankar Rural Municipality,Rural Municipality,9,9
Bagmati Province,Dolakha,26,Baiteshowr Rural Municipality,Rural Municipality,1,8
Bagmati Province,Dolakha,26,Baiteshowr Rural Municipality,Rural Municipality,2,8
Bagmati Province,Dolakha,26,Baiteshowr Rural Municipality,Rural Municipality,3,8
Bagmati Province,Dolakha,26,Baiteshowr Rural Municipality,Rural Municipality,4,8
Bagmati Province,Dolakha,26,Baiteshowr Rural Municipality,Rural Municipality,5,8
Bagmati Province,Dolakha,26,Baiteshowr Rural Municipality,Rural Municipality,6,8
Bagmati Province,Dolakha,26,Baiteshowr Rural Municipality,Rural Municipality,7,8
Bagmati Province,Dolakha,26,Baiteshowr Rural Municipality,Rural Municipality,8,8
Bagmati Province,Dolakha,26,Sailung Rural Municipality,Rural Municipality,1,8
Bagmati Province,Dolakha,26,Sailung Rural Municipality,Rural Municipality,2,8
Bagmati Province,Dolakha,26,Sailung Rural Municipality,Rural Municipality,3,8
Bagmati Province,Dolakha,26,Sailung Rural Municipality,Rural Municipality,4,8
Bagmati Province,Dolakha,26,Sailung Rural Municipality,Rural Municipality,5,8
Bagmati Province,Dolakha,26,Sailung Rural Municipality,Rural Municipality,6,8
Bagmati Province,Dolakha,26,Sailung Rural Municipality,Rural Municipality,7,8
Bagmati Province,Dolakha,26,Sailung Rural Municipality,Rural Municipality,8,8
Bagmati Province,Dolakha,26,Tamakoshi Rural Municipality,Rural Municipality,1,7
Bagmati Province,Dolakha,26,Tamakoshi Rural Municipality,Rural Municipality,2,7
Bagmati Province,Dolakha,26,Tamakoshi Rural Municipality,Rural Municipality,3,7
Bagmati Province,Dolakha,26,Tamakoshi Rural Municipality,Rural Municipality,4,7
Bagmati Province,Dolakha,26,Tamakoshi Rural Municipality,Rural Municipality,5,7
Bagmati Province,Dolakha,26,Tamakoshi Rural Municipality,Rural Municipality,6,7
Bagmati Province,Dolakha,26,Tamakoshi Rural Municipality,Rural Municipality,7,7
Bagmati Province,Kathmandu,27,Kathmandu Metropolitan City,Metropolitan City,1,32
Bagmati Province,Kathmandu,27,Kathmandu Metropolitan City,Metropolitan City,2,32
Bagmati Province,Kathmandu,27,Kathmandu Metropolitan City,Metropolitan City,3,32
Bagmati Province,Kathmandu,27,Kathmandu Metropolitan City,Metropolitan City,4,32
Bagmati Province,Kathmandu,27,Kathmandu Metropolitan City,Metropolitan City,5,32
Bagmati Province,Kathmandu,27,Kathmandu Metropolitan City,Metropolitan City,6,32
Bagmati Province,Kathmandu,27,Kathmandu Metropolitan City,Metropolitan City,7,32
Bagmati Province,Kathmandu,27,Kathmandu Metropolitan City,Metropolitan City,8,32
Bagmati Province,Kathmandu,27,Kathmandu Metropolitan City,Metropolitan City,9,32
Bagmati Province,Kathmandu,27,Kathmandu Metropolitan City,Metropolitan City,10,32
Bagmati Province,Kathmandu,27,Kathmandu Metropolitan City,Metropolitan City,11,32
Bagmati Province,Kathmandu,27,Kathmandu Metropolitan City,Metropolitan City,12,32
Bagmati Province,Kathmandu,27,Kathmandu Metropolitan City,Metropolitan City,13,32
Bagmati Province,Kathmandu,27,Kathmandu Metropolitan City,Metropolitan City,14,32
Bagmati Province,Kathmandu,27,Kathmandu Metropolitan City,Metropolitan City,15,32
Bagmati Province,Kathmandu,27,Kathmandu Metropolitan City,Metropolitan City,16,32
Bagmati Province,Kathmandu,27,Kathmandu Metropolitan City,Metropolitan City,17,32
Bagmati Province,Kathmandu,27,Kathmandu Metropolitan City,Metropolitan City,18,32
Bagmati Province,Kathmandu,27,Kathmandu Metropolitan City,Metropolitan City,19,32
Bagmati Province,Kathmandu,27,Kathmandu Metropolitan City,Metropolitan City,20,32
Bagmati Province,Kathmandu,27,Kathmandu Metropolitan City,Metropolitan City,21,32
Bagmati Province,Kathmandu,27,Kathmandu Metropolitan City,Metropolitan City,22,32
Bagmati Province,Kathmandu,27,Kathmandu Metropolitan City,Metropolitan City,23,32
Bagmati Province,Kathmandu,27,Kathmandu Metropolitan City,Metropolitan City,24,32
Bagmati Province,Kathmandu,27,Kathmandu Metropolitan City,Metropolitan City,25,32
Bagmati Province,Kathmandu,27,Kathmandu Metropolitan City,Metropolitan City,26,32
Bagmati Province,Kathmandu,27,Kathmandu Metropolitan City,Metropolitan City,27,32
Bagmati Province,Kathmandu,27,Kathmandu Metropolitan City,Metropolitan City,28,32
Bagmati Province,Kathmandu,27,Kathmandu Metropolitan City,Metropolitan City,29,32
Bagmati Province,Kathmandu,27,Kathmandu Metropolitan City,Metropolitan City,30,32
Bagmati Province,Kathmandu,27,Kathmandu Metropolitan City,Metropolitan City,31,32
Bagmati Province,Kathmandu,27,Kathmandu Metropolitan City,Metropolitan City,32,32
Bagmati Province,Kathmandu,27,Gokarneshwar Municipality,Municipality,1,9
Bagmati Province,Kathmandu,27,Gokarneshwar Municipality,Municipality,2,9
Bagmati Province,Kathmandu,27,Gokarneshwar Municipality,Municipality,3,9
Bagmati Province,Kathmandu,27,Gokarneshwar Municipality,Municipality,4,9
Bagmati Province,Kathmandu,27,Gokarneshwar Municipality,Municipality,5,9
Bagmati Province,Kathmandu,27,Gokarneshwar Municipality,Municipality,6,9
Bagmati Province,Kathmandu,27,Gokarneshwar Municipality,Municipality,7,9
Bagmati Province,Kathmandu,27,Gokarneshwar Municipality,Municipality,8,9
Bagmati Province,Kathmandu,27,Gokarneshwar Municipality,Municipality,9,9
Bagmati Province,Kathmandu,27,Kirtipur Municipality,Municipality,1,10
Bagmati Province,Kathmandu,27,Kirtipur Municipality,Municipality,2,10
Bagmati Province,Kathmandu,27,Kirtipur Municipality,Municipality,3,10
Bagmati Province,Kathmandu,27,Kirtipur Municipality,Municipality,4,10
Bagmati Province,Kathmandu,27,Kirtipur Municipality,Municipality,5,10
Bagmati Province,Kathmandu,27,Kirtipur Municipality,Municipality,6,10
Bagmati Province,Kathmandu,27,Kirtipur Municipality,Municipality,7,10
Bagmati Province,Kathmandu,27,Kirtipur Municipality,Municipality,8,10
Bagmati Province,Kathmandu,27,Kirtipur Municipality,Municipality,9,10
Bagmati Province,Kathmandu,27,Kirtipur Municipality,Municipality,10,10
Bagmati Province,Kathmandu,27,Kageshwari-Manohara Municipality,Municipality,1,9
Bagmati Province,Kathmandu,27,Kageshwari-Manohara Municipality,Municipality,2,9
Bagmati Province,Kathmandu,27,Kageshwari-Manohara Municipality,Municipality,3,9
Bagmati Province,Kathmandu,27,Kageshwari-Manohara Municipality,Municipality,4,9
Bagmati Province,Kathmandu,27,Kageshwari-Manohara Municipality,Municipality,5,9
Bagmati Province,Kathmandu,27,Kageshwari-Manohara Municipality,Municipality,6,9
Bagmati Province,Kathmandu,27,Kageshwari-Manohara Municipality,Municipality,7,9
Bagmati Province,Kathmandu,27,Kageshwari-Manohara Municipality,Municipality,8,9
Bagmati Province,Kathmandu,27,Kageshwari-Manohara Municipality,Municipality,9,9
Bagmati Province,Kathmandu,27,Chandragiri Municipality,Municipality,1,15
Bagmati Province,Kathmandu,27,Chandragiri Municipality,Municipality,2,15
Bagmati Province,Kathmandu,27,Chandragiri Municipality,Municipality,3,15
Bagmati Province,Kathmandu,27,Chandragiri Municipality,Municipality,4,15
Bagmati Province,Kathmandu,27,Chandragiri Municipality,Municipality,5,15
Bagmati Province,Kathmandu,27,Chandragiri Municipality,Municipality,6,15
Bagmati Province,Kathmandu,27,Chandragiri Municipality,Municipality,7,15
Bagmati Province,Kathmandu,27,Chandragiri Municipality,Municipality,8,15
Bagmati Province,Kathmandu,27,Chandragiri Municipality,Municipality,9,15
Bagmati Province,Kathmandu,27,Chandragiri Municipality,Municipality,10,15
Bagmati Province,Kathmandu,27,Chandragiri Municipality,Municipality,11,15
Bagmati Province,Kathmandu,27,Chandragiri Municipality,Municipality,12,15
Bagmati Province,Kathmandu,27,Chandragiri Municipality,Municipality,13,15
Bagmati Province,Kathmandu,27,Chandragiri Municipality,Municipality,14,15
Bagmati Province,Kathmandu,27,Chandragiri Municipality,Municipality,15,15
Bagmati Province,Kathmandu,27,Tokha Municipality,Municipality,1,11
Bagmati Province,Kathmandu,27,Tokha Municipality,Municipality,2,11
Bagmati Province,Kathmandu,27,Tokha Municipality,Municipality,3,11
Bagmati Province,Kathmandu,27,Tokha Municipality,Municipality,4,11
Bagmati Province,Kathmandu,27,Tokha Municipality,Municipality,5,11
Bagmati Province,Kathmandu,27,Tokha Municipality,Municipality,6,11
Bagmati Province,Kathmandu,27,Tokha Municipality,Municipality,7,11
Bagmati Province,Kathmandu,27,Tokha Municipality,Municipality,8,11
Bagmati Province,Kathmandu,27,Tokha Municipality,Municipality,9,11
Bagmati Province,Kathmandu,27,Tokha Municipality,Municipality,10,11
Bagmati Province,Kathmandu,27,Tokha Municipality,Municipality,11,11
Bagmati Province,Kathmandu,27,Tarakeshwar Municipality,Municipality,1,11
Bagmati Province,Kathmandu,27,Tarakeshwar Municipality,Municipality,2,11
Bagmati Province,Kathmandu,27,Tarakeshwar Municipality,Municipality,3,11
Bagmati Province,Kathmandu,27,Tarakeshwar Municipality,Municipality,4,11
Bagmati Province,Kathmandu,27,Tarakeshwar Municipality,Municipality,5,11
Bagmati Province,Kathmandu,27,Tarakeshwar Municipality,Municipality,6,11
Bagmati Province,Kathmandu,27,Tarakeshwar Municipality,Municipality,7,11
Bagmati Province,Kathmandu,27,Tarakeshwar Municipality,Municipality,8,11
Bagmati Province,Kathmandu,27,Tarakeshwar Municipality,Municipality,9,11
Bagmati Province,Kathmandu,27,Tarakeshwar Municipality,Municipality,10,11
Bagmati Province,Kathmandu,27,Tarakeshwar Municipality,Municipality,11,11
Bagmati Province,Kathmandu,27,Dakshinkali Municipality,Municipality,1,9
Bagmati Province,Kathmandu,27,Dakshinkali Municipality,Municipality,2,9
Bagmati Province,Kathmandu,27,Dakshinkali Municipality,Municipality,3,9
Bagmati Province,Kathmandu,27,Dakshinkali Municipality,Municipality,4,9
Bagmati Province,Kathmandu,27,Dakshinkali Municipality,Municipality,5,9
Bagmati Province,Kathmandu,27,Dakshinkali Municipality,Municipality,6,9
Bagmati Province,Kathmandu,27,Dakshinkali Municipality,Municipality,7,9
Bagmati Province,Kathmandu,27,Dakshinkali Municipality,Municipality,8,9
Bagmati Province,Kathmandu,27,Dakshinkali Municipality,Municipality,9,9
Bagmati Province,Kathmandu,27,Nagarjun Municipality,Municipality,1,10
Bagmati Province,Kathmandu,27,Nagarjun Municipality,Municipality,2,10
Bagmati Province,Kathmandu,27,Nagarjun Municipality,Municipality,3,10
Bagmati Province,Kathmandu,27,Nagarjun Municipality,Municipality,4,10
Bagmati Province,Kathmandu,27,Nagarjun Municipality,Municipality,5,10
Bagmati Province,Kathmandu,27,Nagarjun Municipality,Municipality,6,10
Bagmati Province,Kathmandu,27,Nagarjun Municipality,Municipality,7,10
Bagmati Province,Kathmandu,27,Nagarjun Municipality,Municipality,8,10
Bagmati Province,Kathmandu,27,Nagarjun Municipality,Municipality,9,10
Bagmati Province,Kathmandu,27,Nagarjun Municipality,Municipality,10,10
Bagmati Province,Kathmandu,27,Budhalikantha Municipality,Municipality,1,13
Bagmati Province,Kathmandu,27,Budhalikantha Municipality,Municipality,2,13
Bagmati Province,Kathmandu,27,Budhalikantha Municipality,Municipality,3,13
Bagmati Province,Kathmandu,27,Budhalikantha Municipality,Municipality,4,13
Bagmati Province,Kathmandu,27,Budhalikantha Municipality,Municipality,5,13
Bagmati Province,Kathmandu,27,Budhalikantha Municipality,Municipality,6,13
Bagmati Province,Kathmandu,27,Budhalikantha Municipality,Municipality,7,13
Bagmati Province,Kathmandu,27,Budhalikantha Municipality,Municipality,8,13
Bagmati Province,Kathmandu,27,Budhalikantha Municipality,Municipality,9,13
Bagmati Province,Kathmandu,27,Budhalikantha Municipality,Municipality,10,13
Bagmati Province,Kathmandu,27,Budhalikantha Municipality,Municipality,11,13
Bagmati Province,Kathmandu,27,Budhalikantha Municipality,Municipality,12,13
Bagmati Province,Kathmandu,27,Budhalikantha Municipality,Municipality,13,13
Bagmati Province,Kathmandu,27,Shankharapur Municipality,Municipality,1,9
Bagmati Province,Kathmandu,27,Shankharapur Municipality,Municipality,2,9
Bagmati Province,Kathmandu,27,Shankharapur Municipality,Municipality,3,9
Bagmati Province,Kathmandu,27,Shankharapur Municipality,Municipality,4,9
Bagmati Province,Kathmandu,27,Shankharapur Municipality,Municipality,5,9
Bagmati Province,Kathmandu,27,Shankharapur Municipality,Municipality,6,9
Bagmati Province,Kathmandu,27,Shankharapur Municipality,Municipality,7,9
Bagmati Province,Kathmandu,27,Shankharapur Municipality,Municipality,8,9
Bagmati Province,Kathmandu,27,Shankharapur Municipality,Municipality,9,9
Bagmati Province,Kavrepalanchok,28,Dhulikhel Municipality,Municipality,1,12
Bagmati Province,Kavrepalanchok,28,Dhulikhel Municipality,Municipality,2,12
Bagmati Province,Kavrepalanchok,28,Dhulikhel Municipality,Municipality,3,12
Bagmati Province,Kavrepalanchok,28,Dhulikhel Municipality,Municipality,4,12
Bagmati Province,Kavrepalanchok,28,Dhulikhel Municipality,Municipality,5,12
Bagmati Province,Kavrepalanchok,28,Dhulikhel Municipality,Municipality,6,12
Bagmati Province,Kavrepalanchok,28,Dhulikhel Municipality,Municipality,7,12
Bagmati Province,Kavrepalanchok,28,Dhulikhel Municipality,Municipality,8,12
Bagmati Province,Kavrepalanchok,28,Dhulikhel Municipality,Municipality,9,12
Bagmati Province,Kavrepalanchok,28,Dhulikhel Municipality,Municipality,10,12
Bagmati Province,Kavrepalanchok,28,Dhulikhel Municipality,Municipality,11,12
Bagmati Province,Kavrepalanchok,28,Dhulikhel Municipality,Municipality,12,12
Bagmati Province,Kavrepalanchok,28,Namobuddha Municipality,Municipality,1,11
Bagmati Province,Kavrepalanchok,28,Namobuddha Municipality,Municipality,2,11
Bagmati Province,Kavrepalanchok,28,Namobuddha Municipality,Municipality,3,11
Bagmati Province,Kavrepalanchok,28,Namobuddha Municipality,Municipality,4,11
Bagmati Province,Kavrepalanchok,28,Namobuddha Municipality,Municipality,5,11
Bagmati Province,Kavrepalanchok,28,Namobuddha Municipality,Municipality,6,11
Bagmati Province,Kavrepalanchok,28,Namobuddha Municipality,Municipality,7,11
Bagmati Province,Kavrepalanchok,28,Namobuddha Municipality,Municipality,8,11
Bagmati Province,Kavrepalanchok,28,Namobuddha Municipality,Municipality,9,11
Bagmati Province,Kavrepalanchok,28,Namobuddha Municipality,Municipality,10,11
Bagmati Province,Kavrepalanchok,28,Namobuddha Municipality,Municipality,11,11
Bagmati Province,Kavrepalanchok,28,Panauti Municipality,Municipality,1,12
Bagmati Province,Kavrepalanchok,28,Panauti Municipality,Municipality,2,12
Bagmati Province,Kavrepalanchok,28,Panauti Municipality,Municipality,3,12
Bagmati Province,Kavrepalanchok,28,Panauti Municipality,Municipality,4,12
Bagmati Province,Kavrepalanchok,28,Panauti Municipality,Municipality,5,12
Bagmati Province,Kavrepalanchok,28,Panauti Municipality,Municipality,6,12
Bagmati Province,Kavrepalanchok,28,Panauti Municipality,Municipality,7,12
Bagmati Province,Kavrepalanchok,28,Panauti Municipality,Municipality,8,12
Bagmati Province,Kavrepalanchok,28,Panauti Municipality,Municipality,9,12
Bagmati Province,Kavrepalanchok,28,Panauti Municipality,Municipality,10,12
Bagmati Province,Kavrepalanchok,28,Panauti Municipality,Municipality,11,12
Bagmati Province,Kavrepalanchok,28,Panauti Municipality,Municipality,12,12
Bagmati Province,Kavrepalanchok,28,Panchkhal Municipality,Municipality,1,13
Bagmati Province,Kavrepalanchok,28,Panchkhal Municipality,Municipality,2,13
Bagmati Province,Kavrepalanchok,28,Panchkhal Municipality,Municipality,3,13
Bagmati Province,Kavrepalanchok,28,Panchkhal Municipality,Municipality,4,13
Bagmati Province,Kavrepalanchok,28,Panchkhal Municipality,Municipality,5,13
Bagmati Province,Kavrepalanchok,28,Panchkhal Municipality,Municipality,6,13
Bagmati Province,Kavrepalanchok,28,Panchkhal Municipality,Municipality,7,13
Bagmati Province,Kavrepalanchok,28,Panchkhal Municipality,Municipality,8,13
Bagmati Province,Kavrepalanchok,28,Panchkhal Municipality,Municipality,9,13
Bagmati Province,Kavrepalanchok,28,Panchkhal Municipality,Municipality,10,13
Bagmati Province,Kavrepalanchok,28,Panchkhal Municipality,Municipality,11,13
Bagmati Province,Kavrepalanchok,28,Panchkhal Municipality,Municipality,12,13
Bagmati Province,Kavrepalanchok,28,Panchkhal Municipality,Municipality,13,13
Bagmati Province,Kavrepalanchok,28,Banepa Municipality,Municipality,1,14
Bagmati Province,Kavrepalanchok,28,Banepa Municipality,Municipality,2,14
Bagmati Province,Kavrepalanchok,28,Banepa Municipality,Municipality,3,14
Bagmati Province,Kavrepalanchok,28,Banepa Municipality,Municipality,4,14
Bagmati Province,Kavrepalanchok,28,Banepa Municipality,Municipality,5,14
Bagmati Province,Kavrepalanchok,28,Banepa Municipality,Municipality,6,14
Bagmati Province,Kavrepalanchok,28,Banepa Municipality,Municipality,7,14
Bagmati Province,Kavrepalanchok,28,Banepa Municipality,Municipality,8,14
Bagmati Province,Kavrepalanchok,28,Banepa Municipality,Municipality,9,14
Bagmati Province,Kavrepalanchok,28,Banepa Municipality,Municipality,10,14
Bagmati Province,Kavrepalanchok,28,Banepa Municipality,Municipality,11,14
Bagmati Province,Kavrepalanchok,28,Banepa Municipality,Municipality,12,14
Bagmati Province,Kavrepalanchok,28,Banepa Municipality,Municipality,13,14
Bagmati Province,Kavrepalanchok,28,Banepa Municipality,Municipality,14,14
Bagmati Province,Kavrepalanchok,28,Mandandeupur Municipality,Municipality,1,12
Bagmati Province,Kavrepalanchok,28,Mandandeupur Municipality,Municipality,2,12
Bagmati Province,Kavrepalanchok,28,Mandandeupur Municipality,Municipality,3,12
Bagmati Province,Kavrepalanchok,28,Mandandeupur Municipality,Municipality,4,12
Bagmati Province,Kavrepalanchok,28,Mandandeupur Municipality,Municipality,5,12
Bagmati Province,Kavrepalanchok,28,Mandandeupur Municipality,Municipality,6,12
Bagmati Province,Kavrepalanchok,28,Mandandeupur Municipality,Municipality,7,12
Bagmati Province,Kavrepalanchok,28,Mandandeupur Municipality,Municipality,8,12
Bagmati Province,Kavrepalanchok,28,Mandandeupur Municipality,Municipality,9,12
Bagmati Province,Kavrepalanchok,28,Mandandeupur Municipality,Municipality,10,12
Bagmati Province,Kavrepalanchok,28,Mandandeupur Municipality,Municipality,11,12
Bagmati Province,Kavrepalanchok,28,Mandandeupur Municipality,Municipality,12,12
Bagmati Province,Kavrepalanchok,28,Khani Khola Rural Municipality,Rural Municipality,1,7
Bagmati Province,Kavrepalanchok,28,Khani Khola Rural Municipality,Rural Municipality,2,7
Bagmati Province,Kavrepalanchok,28,Khani Khola Rural Municipality,Rural Municipality,3,7
Bagmati Province,Kavrepalanchok,28,Khani Khola Rural Municipality,Rural Municipality,4,7
Bagmati Province,Kavrepalanchok,28,Khani Khola Rural Municipality,Rural Municipality,5,7
Bagmati Province,Kavrepalanchok,28,Khani Khola Rural Municipality,Rural Municipality,6,7
Bagmati Province,Kavrepalanchok,28,Khani Khola Rural Municipality,Rural Municipality,7,7
Bagmati Province,Kavrepalanchok,28,Chauri Deurali Rural Municipality,Rural Municipality,1,9
Bagmati Province,Kavrepalanchok,28,Chauri Deurali Rural Municipality,Rural Municipality,2,9
Bagmati Province,Kavrepalanchok,28,Chauri Deurali Rural Municipality,Rural Municipality,3,9
Bagmati Province,Kavrepalanchok,28,Chauri Deurali Rural Municipality,Rural Municipality,4,9
Bagmati Province,Kavrepalanchok,28,Chauri Deurali Rural Municipality,Rural Municipality,5,9
Bagmati Province,Kavrepalanchok,28,Chauri Deurali Rural Municipality,Rural Municipality,6,9
Bagmati Province,Kavrepalanchok,28,Chauri Deurali Rural Municipality,Rural Municipality,7,9
Bagmati Province,Kavrepalanchok,28,Chauri Deurali Rural Municipality,Rural Municipality,8,9
Bagmati Province,Kavrepalanchok,28,Chauri Deurali Rural Municipality,Rural Municipality,9,9
Bagmati Province,Kavrepalanchok,28,Temal Rural Municipality,Rural Municipality,1,9
Bagmati Province,Kavrepalanchok,28,Temal Rural Municipality,Rural Municipality,2,9
Bagmati Province,Kavrepalanchok,28,Temal Rural Municipality,Rural Municipality,3,9
Bagmati Province,Kavrepalanchok,28,Temal Rural Municipality,Rural Municipality,4,9
Bagmati Province,Kavrepalanchok,28,Temal Rural Municipality,Rural Municipality,5,9
Bagmati Province,Kavrepalanchok,28,Temal Rural Municipality,Rural Municipality,6,9
Bagmati Province,Kavrepalanchok,28,Temal Rural Municipality,Rural Municipality,7,9
Bagmati Province,Kavrepalanchok,28,Temal Rural Municipality,Rural Municipality,8,9
Bagmati Province,Kavrepalanchok,28,Temal Rural Municipality,Rural Municipality,9,9
Bagmati Province,Kavrepalanchok,28,Bethanchok Rural Municipality,Rural Municipality,1,6
Bagmati Province,Kavrepalanchok,28,Bethanchok Rural Municipality,Rural Municipality,2,6
Bagmati Province,Kavrepalanchok,28,Bethanchok Rural Municipality,Rural Municipality,3,6
Bagmati Province,Kavrepalanchok,28,Bethanchok Rural Municipality,Rural Municipality,4,6
Bagmati Province,Kavrepalanchok,28,Bethanchok Rural Municipality,Rural Municipality,5,6
Bagmati Province,Kavrepalanchok,28,Bethanchok Rural Municipality,Rural Municipality,6,6
Bagmati Province,Kavrepalanchok,28,Bhumlu Rural Municipality,Rural Municipality,1,10
Bagmati Province,Kavrepalanchok,28,Bhumlu Rural Municipality,Rural Municipality,2,10
Bagmati Province,Kavrepalanchok,28,Bhumlu Rural Municipality,Rural Municipality,3,10
Bagmati Province,Kavrepalanchok,28,Bhumlu Rural Municipality,Rural Municipality,4,10
Bagmati Province,Kavrepalanchok,28,Bhumlu Rural Municipality,Rural Municipality,5,10
Bagmati Province,Kavrepalanchok,28,Bhumlu Rural Municipality,Rural Municipality,6,10
Bagmati Province,Kavrepalanchok,28,Bhumlu Rural Municipality,Rural Municipality,7,10
Bagmati Province,Kavrepalanchok,28,Bhumlu Rural Municipality,Rural Municipality,8,10
Bagmati Province,Kavrepalanchok,28,Bhumlu Rural Municipality,Rural Municipality,9,10
Bagmati Province,Kavrepalanchok,28,Bhumlu Rural Municipality,Rural Municipality,10,10
Bagmati Province,Kavrepalanchok,28,Mahabharat Rural Municipality,Rural Municipality,1,8
Bagmati Province,Kavrepalanchok,28,Mahabharat Rural Municipality,Rural Municipality,2,8
Bagmati Province,Kavrepalanchok,28,Mahabharat Rural Municipality,Rural Municipality,3,8
Bagmati Province,Kavrepalanchok,28,Mahabharat Rural Municipality,Rural Municipality,4,8
Bagmati Province,Kavrepalanchok,28,Mahabharat Rural Municipality,Rural Municipality,5,8
Bagmati Province,Kavrepalanchok,28,Mahabharat Rural Municipality,Rural Municipality,6,8
Bagmati Province,Kavrepalanchok,28,Mahabharat Rural Municipality,Rural Municipality,7,8
Bagmati Province,Kavrepalanchok,28,Mahabharat Rural Municipality,Rural Municipality,8,8
Bagmati Province,Kavrepalanchok,28,Roshi Rural Municipality,Rural Municipality,1,12
Bagmati Province,Kavrepalanchok,28,Roshi Rural Municipality,Rural Municipality,2,12
Bagmati Province,Kavrepalanchok,28,Roshi Rural Municipality,Rural Municipality,3,12
Bagmati Province,Kavrepalanchok,28,Roshi Rural Municipality,Rural Municipality,4,12
Bagmati Province,Kavrepalanchok,28,Roshi Rural Municipality,Rural Municipality,5,12
Bagmati Province,Kavrepalanchok,28,Roshi Rural Municipality,Rural Municipality,6,12
Bagmati Province,Kavrepalanchok,28,Roshi Rural Municipality,Rural Municipality,7,12
Bagmati Province,Kavrepalanchok,28,Roshi Rural Municipality,Rural Municipality,8,12
Bagmati Province,Kavrepalanchok,28,Roshi Rural Municipality,Rural Municipality,9,12
Bagmati Province,Kavrepalanchok,28,Roshi Rural Municipality,Rural Municipality,10,12
Bagmati Province,Kavrepalanchok,28,Roshi Rural Municipality,Rural Municipality,11,12
Bagmati Province,Kavrepalanchok,28,Roshi Rural Municipality,Rural Municipality,12,12
Bagmati Province,Lalitpur,29,Lalitpur Metropolitan City,Metropolitan City,1,29
Bagmati Province,Lalitpur,29,Lalitpur Metropolitan City,Metropolitan City,2,29
Bagmati Province,Lalitpur,29,Lalitpur Metropolitan City,Metropolitan City,3,29
Bagmati Province,Lalitpur,29,Lalitpur Metropolitan City,Metropolitan City,4,29
Bagmati Province,Lalitpur,29,Lalitpur Metropolitan City,Metropolitan City,5,29
Bagmati Province,Lalitpur,29,Lalitpur Metropolitan City,Metropolitan City,6,29
Bagmati Province,Lalitpur,29,Lalitpur Metropolitan City,Metropolitan City,7,29
Bagmati Province,Lalitpur,29,Lalitpur Metropolitan City,Metropolitan City,8,29
Bagmati Province,Lalitpur,29,Lalitpur Metropolitan City,Metropolitan City,9,29
Bagmati Province,Lalitpur,29,Lalitpur Metropolitan City,Metropolitan City,10,29
Bagmati Province,Lalitpur,29,Lalitpur Metropolitan City,Metropolitan City,11,29
Bagmati Province,Lalitpur,29,Lalitpur Metropolitan City,Metropolitan City,12,29
Bagmati Province,Lalitpur,29,Lalitpur Metropolitan City,Metropolitan City,13,29
Bagmati Province,Lalitpur,29,Lalitpur Metropolitan City,Metropolitan City,14,29
Bagmati Province,Lalitpur,29,Lalitpur Metropolitan City,Metropolitan City,15,29
Bagmati Province,Lalitpur,29,Lalitpur Metropolitan City,Metropolitan City,16,29
Bagmati Province,Lalitpur,29,Lalitpur Metropolitan City,Metropolitan City,17,29
Bagmati Province,Lalitpur,29,Lalitpur Metropolitan City,Metropolitan City,18,29
Bagmati Province,Lalitpur,29,Lalitpur Metropolitan City,Metropolitan City,19,29
Bagmati Province,Lalitpur,29,Lalitpur Metropolitan City,Metropolitan City,20,29
Bagmati Province,Lalitpur,29,Lalitpur Metropolitan City,Metropolitan City,21,29
Bagmati Province,Lalitpur,29,Lalitpur Metropolitan City,Metropolitan City,22,29
Bagmati Province,Lalitpur,29,Lalitpur Metropolitan City,Metropolitan City,23,29
Bagmati Province,Lalitpur,29,Lalitpur Metropolitan City,Metropolitan City,24,29
Bagmati Province,Lalitpur,29,Lalitpur Metropolitan City,Metropolitan City,25,29
Bagmati Province,Lalitpur,29,Lalitpur Metropolitan City,Metropolitan City,26,29
Bagmati Province,Lalitpur,29,Lalitpur Metropolitan City,Metropolitan City,27,29
Bagmati Province,Lalitpur,29,Lalitpur Metropolitan City,Metropolitan City,28,29
Bagmati Province,Lalitpur,29,Lalitpur Metropolitan City,Metropolitan City,29,29
Bagmati Province,Lalitpur,29,Mahalaxmi Municipality,Municipality,1,10
Bagmati Province,Lalitpur,29,Mahalaxmi Municipality,Municipality,2,10
Bagmati Province,Lalitpur,29,Mahalaxmi Municipality,Municipality,3,10
Bagmati Province,Lalitpur,29,Mahalaxmi Municipality,Municipality,4,10
Bagmati Province,Lalitpur,29,Mahalaxmi Municipality,Municipality,5,10
Bagmati Province,Lalitpur,29,Mahalaxmi Municipality,Municipality,6,10
Bagmati Province,Lalitpur,29,Mahalaxmi Municipality,Municipality,7,10
Bagmati Province,Lalitpur,29,Mahalaxmi Municipality,Municipality,8,10
Bagmati Province,Lalitpur,29,Mahalaxmi Municipality,Municipality,9,10
Bagmati Province,Lalitpur,29,Mahalaxmi Municipality,Municipality,10,10
Bagmati Province,Lalitpur,29,Godawari Municipality,Municipality,1,14
Bagmati Province,Lalitpur,29,Godawari Municipality,Municipality,2,14
Bagmati Province,Lalitpur,29,Godawari Municipality,Municipality,3,14
Bagmati Province,Lalitpur,29,Godawari Municipality,Municipality,4,14
Bagmati Province,Lalitpur,29,Godawari Municipality,Municipality,5,14
Bagmati Province,Lalitpur,29,Godawari Municipality,Municipality,6,14
Bagmati Province,Lalitpur,29,Godawari Municipality,Municipality,7,14
Bagmati Province,Lalitpur,29,Godawari Municipality,Municipality,8,14
Bagmati Province,Lalitpur,29,Godawari Municipality,Municipality,9,14
Bagmati Province,Lalitpur,29,Godawari Municipality,Municipality,10,14
Bagmati Province,Lalitpur,29,Godawari Municipality,Municipality,11,14
Bagmati Province,Lalitpur,29,Godawari Municipality,Municipality,12,14
Bagmati Province,Lalitpur,29,Godawari Municipality,Municipality,13,14
Bagmati Province,Lalitpur,29,Godawari Municipality,Municipality,14,14
Bagmati Province,Lalitpur,29,Konjyosom Rural Municipality,Rural Municipality,1,5
Bagmati Province,Lalitpur,29,Konjyosom Rural Municipality,Rural Municipality,2,5
Bagmati Province,Lalitpur,29,Konjyosom Rural Municipality,Rural Municipality,3,5
Bagmati Province,Lalitpur,29,Konjyosom Rural Municipality,Rural Municipality,4,5
Bagmati Province,Lalitpur,29,Konjyosom Rural Municipality,Rural Municipality,5,5
Bagmati Province,Lalitpur,29,Bagmati Rural Municipality,Rural Municipality,1,7
Bagmati Province,Lalitpur,29,Bagmati Rural Municipality,Rural Municipality,2,7
Bagmati Province,Lalitpur,29,Bagmati Rural Municipality,Rural Municipality,3,7
Bagmati Province,Lalitpur,29,Bagmati Rural Municipality,Rural Municipality,4,7
Bagmati Province,Lalitpur,29,Bagmati Rural Municipality,Rural Municipality,5,7
Bagmati Province,Lalitpur,29,Bagmati Rural Municipality,Rural Municipality,6,7
Bagmati Province,Lalitpur,29,Bagmati Rural Municipality,Rural Municipality,7,7
Bagmati Province,Lalitpur,29,Mahankal Rural Municipality,Rural Municipality,1,6
Bagmati Province,Lalitpur,29,Mahankal Rural Municipality,Rural Municipality,2,6
Bagmati Province,Lalitpur,29,Mahankal Rural Municipality,Rural Municipality,3,6
Bagmati Province,Lalitpur,29,Mahankal Rural Municipality,Rural Municipality,4,6
Bagmati Province,Lalitpur,29,Mahankal Rural Municipality,Rural Municipality,5,6
Bagmati Province,Lalitpur,29,Mahankal Rural Municipality,Rural Municipality,6,6
Bagmati Province,Makwanpur,30,Hetauda Sub-Metropolitan City,Sub-Metropolitan City,1,19
Bagmati Province,Makwanpur,30,Hetauda Sub-Metropolitan City,Sub-Metropolitan City,2,19
Bagmati Province,Makwanpur,30,Hetauda Sub-Metropolitan City,Sub-Metropolitan City,3,19
Bagmati Province,Makwanpur,30,Hetauda Sub-Metropolitan City,Sub-Metropolitan City,4,19
Bagmati Province,Makwanpur,30,Hetauda Sub-Metropolitan City,Sub-Metropolitan City,5,19
Bagmati Province,Makwanpur,30,Hetauda Sub-Metropolitan City,Sub-Metropolitan City,6,19
Bagmati Province,Makwanpur,30,Hetauda Sub-Metropolitan City,Sub-Metropolitan City,7,19
Bagmati Province,Makwanpur,30,Hetauda Sub-Metropolitan City,Sub-Metropolitan City,8,19
Bagmati Province,Makwanpur,30,Hetauda Sub-Metropolitan City,Sub-Metropolitan City,9,19
Bagmati Province,Makwanpur,30,Hetauda Sub-Metropolitan City,Sub-Metropolitan City,10,19
Bagmati Province,Makwanpur,30,Hetauda Sub-Metropolitan City,Sub-Metropolitan City,11,19
Bagmati Province,Makwanpur,30,Hetauda Sub-Metropolitan City,Sub-Metropolitan City,12,19
Bagmati Province,Makwanpur,30,Hetauda Sub-Metropolitan City,Sub-Metropolitan City,13,19
Bagmati Province,Makwanpur,30,Hetauda Sub-Metropolitan City,Sub-Metropolitan City,14,19
Bagmati Province,Makwanpur,30,Hetauda Sub-Metropolitan City,Sub-Metropolitan City,15,19
Bagmati Province,Makwanpur,30,Hetauda Sub-Metropolitan City,Sub-Metropolitan City,16,19
Bagmati Province,Makwanpur,30,Hetauda Sub-Metropolitan City,Sub-Metropolitan City,17,19
Bagmati Province,Makwanpur,30,Hetauda Sub-Metropolitan City,Sub-Metropolitan City,18,19
Bagmati Province,Makwanpur,30,Hetauda Sub-Metropolitan City,Sub-Metropolitan City,19,19
Bagmati Province,Makwanpur,30,Thaha Municipality,Municipality,1,12
Bagmati Province,Makwanpur,30,Thaha Municipality,Municipality,2,12
Bagmati Province,Makwanpur,30,Thaha Municipality,Municipality,3,12
Bagmati Province,Makwanpur,30,Thaha Municipality,Municipality,4,12
Bagmati Province,Makwanpur,30,Thaha Municipality,Municipality,5,12
Bagmati Province,Makwanpur,30,Thaha Municipality,Municipality,6,12
Bagmati Province,Makwanpur,30,Thaha Municipality,Municipality,7,12
Bagmati Province,Makwanpur,30,Thaha Municipality,Municipality,8,12
Bagmati Province,Makwanpur,30,Thaha Municipality,Municipality,9,12
Bagmati Province,Makwanpur,30,Thaha Municipality,Municipality,10,12
Bagmati Province,Makwanpur,30,Thaha Municipality,Municipality,11,12
Bagmati Province,Makwanpur,30,Thaha Municipality,Municipality,12,12
Bagmati Province,Makwanpur,30,Bhimphedi Rural Municipality,Rural Municipality,1,9
Bagmati Province,Makwanpur,30,Bhimphedi Rural Municipality,Rural Municipality,2,9
Bagmati Province,Makwanpur,30,Bhimphedi Rural Municipality,Rural Municipality,3,9
Bagmati Province,Makwanpur,30,Bhimphedi Rural Municipality,Rural Municipality,4,9
Bagmati Province,Makwanpur,30,Bhimphedi Rural Municipality,Rural Municipality,5,9
Bagmati Province,Makwanpur,30,Bhimphedi Rural Municipality,Rural Municipality,6,9
Bagmati Province,Makwanpur,30,Bhimphedi Rural Municipality,Rural Municipality,7,9
Bagmati Province,Makwanpur,30,Bhimphedi Rural Municipality,Rural Municipality,8,9
Bagmati Province,Makwanpur,30,Bhimphedi Rural Municipality,Rural Municipality,9,9
Bagmati Province,Makwanpur,30,Makawanpurgadhi Rural Municipality,Rural Municipality,1,8
Bagmati Province,Makwanpur,30,Makawanpurgadhi Rural Municipality,Rural Municipality,2,8
Bagmati Province,Makwanpur,30,Makawanpurgadhi Rural Municipality,Rural Municipality,3,8
Bagmati Province,Makwanpur,30,Makawanpurgadhi Rural Municipality,Rural Municipality,4,8
Bagmati Province,Makwanpur,30,Makawanpurgadhi Rural Municipality,Rural Municipality,5,8
Bagmati Province,Makwanpur,30,Makawanpurgadhi Rural Municipality,Rural Municipality,6,8
Bagmati Province,Makwanpur,30,Makawanpurgadhi Rural Municipality,Rural Municipality,7,8
Bagmati Province,Makwanpur,30,Makawanpurgadhi Rural Municipality,Rural Municipality,8,8
Bagmati Province,Makwanpur,30,Manahari Rural Municipality,Rural Municipality,1,9
Bagmati Province,Makwanpur,30,Manahari Rural Municipality,Rural Municipality,2,9
Bagmati Province,Makwanpur,30,Manahari Rural Municipality,Rural Municipality,3,9
Bagmati Province,Makwanpur,30,Manahari Rural Municipality,Rural Municipality,4,9
Bagmati Province,Makwanpur,30,Manahari Rural Municipality,Rural Municipality,5,9
Bagmati Province,Makwanpur,30,Manahari Rural Municipality,Rural Municipality,6,9
Bagmati Province,Makwanpur,30,Manahari Rural Municipality,Rural Municipality,7,9
Bagmati Province,Makwanpur,30,Manahari Rural Municipality,Rural Municipality,8,9
Bagmati Province,Makwanpur,30,Manahari Rural Municipality,Rural Municipality,9,9
Bagmati Province,Makwanpur,30,Raksirang Rural Municipality,Rural Municipality,1,9
Bagmati Province,Makwanpur,30,Raksirang Rural Municipality,Rural Municipality,2,9
Bagmati Province,Makwanpur,30,Raksirang Rural Municipality,Rural Municipality,3,9
Bagmati Province,Makwanpur,30,Raksirang Rural Municipality,Rural Municipality,4,9
Bagmati Province,Makwanpur,30,Raksirang Rural Municipality,Rural Municipality,5,9
Bagmati Province,Makwanpur,30,Raksirang Rural Municipality,Rural Municipality,6,9
Bagmati Province,Makwanpur,30,Raksirang Rural Municipality,Rural Municipality,7,9
Bagmati Province,Makwanpur,30,Raksirang Rural Municipality,Rural Municipality,8,9
Bagmati Province,Makwanpur,30,Raksirang Rural Municipality,Rural Municipality,9,9
Bagmati Province,Makwanpur,30,Bakaiya Rural Municipality,Rural Municipality,1,12
Bagmati Province,Makwanpur,30,Bakaiya Rural Municipality,Rural Municipality,2,12
Bagmati Province,Makwanpur,30,Bakaiya Rural Municipality,Rural Municipality,3,12
Bagmati Province,Makwanpur,30,Bakaiya Rural Municipality,Rural Municipality,4,12
Bagmati Province,Makwanpur,30,Bakaiya Rural Municipality,Rural Municipality,5,12
Bagmati Province,Makwanpur,30,Bakaiya Rural Municipality,Rural Municipality,6,12
Bagmati Province,Makwanpur,30,Bakaiya Rural Municipality,Rural Municipality,7,12
Bagmati Province,Makwanpur,30,Bakaiya Rural Municipality,Rural Municipality,8,12
Bagmati Province,Makwanpur,30,Bakaiya Rural Municipality,Rural Municipality,9,12
Bagmati Province,Makwanpur,30,Bakaiya Rural Municipality,Rural Municipality,10,12
Bagmati Province,Makwanpur,30,Bakaiya Rural Municipality,Rural Municipality,11,12
Bagmati Province,Makwanpur,30,Bakaiya Rural Municipality,Rural Municipality,12,12
Bagmati Province,Makwanpur,30,Bagmati Rural Municipality,Rural Municipality,1,9
Bagmati Province,Makwanpur,30,Bagmati Rural Municipality,Rural Municipality,2,9
Bagmati Province,Makwanpur,30,Bagmati Rural Municipality,Rural Municipality,3,9
Bagmati Province,Makwanpur,30,Bagmati Rural Municipality,Rural Municipality,4,9
Bagmati Province,Makwanpur,30,Bagmati Rural Municipality,Rural Municipality,5,9
Bagmati Province,Makwanpur,30,Bagmati Rural Municipality,Rural Municipality,6,9
Bagmati Province,Makwanpur,30,Bagmati Rural Municipality,Rural Municipality,7,9
Bagmati Province,Makwanpur,30,Bagmati Rural Municipality,Rural Municipality,8,9
Bagmati Province,Makwanpur,30,Bagmati Rural Municipality,Rural Municipality,9,9
Bagmati Province,Makwanpur,30,Kailash Rural Municipality,Rural Municipality,1,10
Bagmati Province,Makwanpur,30,Kailash Rural Municipality,Rural Municipality,2,10
Bagmati Province,Makwanpur,30,Kailash Rural Municipality,Rural Municipality,3,10
Bagmati Province,Makwanpur,30,Kailash Rural Municipality,Rural Municipality,4,10
Bagmati Province,Makwanpur,30,Kailash Rural Municipality,Rural Municipality,5,10
Bagmati Province,Makwanpur,30,Kailash Rural Municipality,Rural Municipality,6,10
Bagmati Province,Makwanpur,30,Kailash Rural Municipality,Rural Municipality,7,10
Bagmati Province,Makwanpur,30,Kailash Rural Municipality,Rural Municipality,8,10
Bagmati Province,Makwanpur,30,Kailash Rural Municipality,Rural Municipality,9,10
Bagmati Province,Makwanpur,30,Kailash Rural Municipality,Rural Municipality,10,10
Bagmati Province,Makwanpur,30,Indrasarowar Rural Municipality,Rural Municipality,1,5
Bagmati Province,Makwanpur,30,Indrasarowar Rural Municipality,Rural Municipality,2,5
Bagmati Province,Makwanpur,30,Indrasarowar Rural Municipality,Rural Municipality,3,5
Bagmati Province,Makwanpur,30,Indrasarowar Rural Municipality,Rural Municipality,4,5
Bagmati Province,Makwanpur,30,Indrasarowar Rural Municipality,Rural Municipality,5,5
Bagmati Province,Nuwakot,31,Bidur Municipality,Municipality,1,13
Bagmati Province,Nuwakot,31,Bidur Municipality,Municipality,2,13
Bagmati Province,Nuwakot,31,Bidur Municipality,Municipality,3,13
Bagmati Province,Nuwakot,31,Bidur Municipality,Municipality,4,13
Bagmati Province,Nuwakot,31,Bidur Municipality,Municipality,5,13
Bagmati Province,Nuwakot,31,Bidur Municipality,Municipality,6,13
Bagmati Province,Nuwakot,31,Bidur Municipality,Municipality,7,13
Bagmati Province,Nuwakot,31,Bidur Municipality,Municipality,8,13
Bagmati Province,Nuwakot,31,Bidur Municipality,Municipality,9,13
Bagmati Province,Nuwakot,31,Bidur Municipality,Municipality,10,13
Bagmati Province,Nuwakot,31,Bidur Municipality,Municipality,11,13
Bagmati Province,Nuwakot,31,Bidur Municipality,Municipality,12,13
Bagmati Province,Nuwakot,31,Bidur Municipality,Municipality,13,13
Bagmati Province,Nuwakot,31,Belkotgadhi Municipality,Municipality,1,13
Bagmati Province,Nuwakot,31,Belkotgadhi Municipality,Municipality,2,13
Bagmati Province,Nuwakot,31,Belkotgadhi Municipality,Municipality,3,13
Bagmati Province,Nuwakot,31,Belkotgadhi Municipality,Municipality,4,13
Bagmati Province,Nuwakot,31,Belkotgadhi Municipality,Municipality,5,13
Bagmati Province,Nuwakot,31,Belkotgadhi Municipality,Municipality,6,13
Bagmati Province,Nuwakot,31,Belkotgadhi Municipality,Municipality,7,13
Bagmati Province,Nuwakot,31,Belkotgadhi Municipality,Municipality,8,13
Bagmati Province,Nuwakot,31,Belkotgadhi Municipality,Municipality,9,13
Bagmati Province,Nuwakot,31,Belkotgadhi Municipality,Municipality,10,13
Bagmati Province,Nuwakot,31,Belkotgadhi Municipality,Municipality,11,13
Bagmati Province,Nuwakot,31,Belkotgadhi Municipality,Municipality,12,13
Bagmati Province,Nuwakot,31,Belkotgadhi Municipality,Municipality,13,13
Bagmati Province,Nuwakot,31,Kakani Rural Municipality,Rural Municipality,1,8
Bagmati Province,Nuwakot,31,Kakani Rural Municipality,Rural Municipality,2,8
Bagmati Province,Nuwakot,31,Kakani Rural Municipality,Rural Municipality,3,8
Bagmati Province,Nuwakot,31,Kakani Rural Municipality,Rural Municipality,4,8
Bagmati Province,Nuwakot,31,Kakani Rural Municipality,Rural Municipality,5,8
Bagmati Province,Nuwakot,31,Kakani Rural Municipality,Rural Municipality,6,8
Bagmati Province,Nuwakot,31,Kakani Rural Municipality,Rural Municipality,7,8
Bagmati Province,Nuwakot,31,Kakani Rural Municipality,Rural Municipality,8,8
Bagmati Province,Nuwakot,31,Panchakanya Rural Municipality,Rural Municipality,1,5
Bagmati Province,Nuwakot,31,Panchakanya Rural Municipality,Rural Municipality,2,5
Bagmati Province,Nuwakot,31,Panchakanya Rural Municipality,Rural Municipality,3,5
Bagmati Province,Nuwakot,31,Panchakanya Rural Municipality,Rural Municipality,4,5
Bagmati Province,Nuwakot,31,Panchakanya Rural Municipality,Rural Municipality,5,5
Bagmati Province,Nuwakot,31,Likhu Rural Municipality,Rural Municipality,1,6
Bagmati Province,Nuwakot,31,Likhu Rural Municipality,Rural Municipality,2,6
Bagmati Province,Nuwakot,31,Likhu Rural Municipality,Rural Municipality,3,6
Bagmati Province,Nuwakot,31,Likhu Rural Municipality,Rural Municipality,4,6
Bagmati Province,Nuwakot,31,Likhu Rural Municipality,Rural Municipality,5,6
Bagmati Province,Nuwakot,31,Likhu Rural Municipality,Rural Municipality,6,6
Bagmati Province,Nuwakot,31,Dupcheshwar Rural Municipality,Rural Municipality,1,7
Bagmati Province,Nuwakot,31,Dupcheshwar Rural Municipality,Rural Municipality,2,7
Bagmati Province,Nuwakot,31,Dupcheshwar Rural Municipality,Rural Municipality,3,7
Bagmati Province,Nuwakot,31,Dupcheshwar Rural Municipality,Rural Municipality,4,7
Bagmati Province,Nuwakot,31,Dupcheshwar Rural Municipality,Rural Municipality,5,7
Bagmati Province,Nuwakot,31,Dupcheshwar Rural Municipality,Rural Municipality,6,7
Bagmati Province,Nuwakot,31,Dupcheshwar Rural Municipality,Rural Municipality,7,7
Bagmati Province,Nuwakot,31,Shivapuri Rural Municipality,Rural Municipality,1,8
Bagmati Province,Nuwakot,31,Shivapuri Rural Municipality,Rural Municipality,2,8
Bagmati Province,Nuwakot,31,Shivapuri Rural Municipality,Rural Municipality,3,8
Bagmati Province,Nuwakot,31,Shivapuri Rural Municipality,Rural Municipality,4,8
Bagmati Province,Nuwakot,31,Shivapuri Rural Municipality,Rural Municipality,5,8
Bagmati Province,Nuwakot,31,Shivapuri Rural Municipality,Rural Municipality,6,8
Bagmati Province,Nuwakot,31,Shivapuri Rural Municipality,Rural Municipality,7,8
Bagmati Province,Nuwakot,31,Shivapuri Rural Municipality,Rural Municipality,8,8
Bagmati Province,Nuwakot,31,Tadi Rural Municipality,Rural Municipality,1,6
Bagmati Province,Nuwakot,31,Tadi Rural Municipality,Rural Municipality,2,6
Bagmati Province,Nuwakot,31,Tadi Rural Municipality,Rural Municipality,3,6
Bagmati Province,Nuwakot,31,Tadi Rural Municipality,Rural Municipality,4,6
Bagmati Province,Nuwakot,31,Tadi Rural Municipality,Rural Municipality,5,6
Bagmati Province,Nuwakot,31,Tadi Rural Municipality,Rural Municipality,6,6
Bagmati Province,Nuwakot,31,Suryagadhi Rural Municipality,Rural Municipality,1,5
Bagmati Province,Nuwakot,31,Suryagadhi Rural Municipality,Rural Municipality,2,5
Bagmati Province,Nuwakot,31,Suryagadhi Rural Municipality,Rural Municipality,3,5
Bagmati Province,Nuwakot,31,Suryagadhi Rural Municipality,Rural Municipality,4,5
Bagmati Province,Nuwakot,31,Suryagadhi Rural Municipality,Rural Municipality,5,5
Bagmati Province,Nuwakot,31,Tarkeshwar Rural Municipality,Rural Municipality,1,6
Bagmati Province,Nuwakot,31,Tarkeshwar Rural Municipality,Rural Municipality,2,6
Bagmati Province,Nuwakot,31,Tarkeshwar Rural Municipality,Rural Municipality,3,6
Bagmati Province,Nuwakot,31,Tarkeshwar Rural Municipality,Rural Municipality,4,6
Bagmati Province,Nuwakot,31,Tarkeshwar Rural Municipality,Rural Municipality,5,6
Bagmati Province,Nuwakot,31,Tarkeshwar Rural Municipality,Rural Municipality,6,6
Bagmati Province,Nuwakot,31,Kispang Rural Municipality,Rural Municipality,1,5
Bagmati Province,Nuwakot,31,Kispang Rural Municipality,Rural Municipality,2,5
Bagmati Province,Nuwakot,31,Kispang Rural Municipality,Rural Municipality,3,5
Bagmati Province,Nuwakot,31,Kispang Rural Municipality,Rural Municipality,4,5
Bagmati Province,Nuwakot,31,Kispang Rural Municipality,Rural Municipality,5,5
Bagmati Province,Nuwakot,31,Myagang Rural Municipality,Rural Municipality,1,6
Bagmati Province,Nuwakot,31,Myagang Rural Municipality,Rural Municipality,2,6
Bagmati Province,Nuwakot,31,Myagang Rural Municipality,Rural Municipality,3,6
Bagmati Province,Nuwakot,31,Myagang Rural Municipality,Rural Municipality,4,6
Bagmati Province,Nuwakot,31,Myagang Rural Municipality,Rural Municipality,5,6
Bagmati Province,Nuwakot,31,Myagang Rural Municipality,Rural Municipality,6,6
Bagmati Province,Ramechap,32,Manthali Municipality,Municipality,1,14
Bagmati Province,Ramechap,32,Manthali Municipality,Municipality,2,14
Bagmati Province,Ramechap,32,Manthali Municipality,Municipality,3,14
Bagmati Province,Ramechap,32,Manthali Municipality,Municipality,4,14
Bagmati Province,Ramechap,32,Manthali Municipality,Municipality,5,14
Bagmati Province,Ramechap,32,Manthali Municipality,Municipality,6,14
Bagmati Province,Ramechap,32,Manthali Municipality,Municipality,7,14
Bagmati Province,Ramechap,32,Manthali Municipality,Municipality,8,14
Bagmati Province,Ramechap,32,Manthali Municipality,Municipality,9,14
Bagmati Province,Ramechap,32,Manthali Municipality,Municipality,10,14
Bagmati Province,Ramechap,32,Manthali Municipality,Municipality,11,14
Bagmati Province,Ramechap,32,Manthali Municipality,Municipality,12,14
Bagmati Province,Ramechap,32,Manthali Municipality,Municipality,13,14
Bagmati Province,Ramechap,32,Manthali Municipality,Municipality,14,14
Bagmati Province,Ramechap,32,Ramechhap Municipality,Municipality,1,9
Bagmati Province,Ramechap,32,Ramechhap Municipality,Municipality,2,9
Bagmati Province,Ramechap,32,Ramechhap Municipality,Municipality,3,9
Bagmati Province,Ramechap,32,Ramechhap Municipality,Municipality,4,9
Bagmati Province,Ramechap,32,Ramechhap Municipality,Municipality,5,9
Bagmati Province,Ramechap,32,Ramechhap Municipality,Municipality,6,9
Bagmati Province,Ramechap,32,Ramechhap Municipality,Municipality,7,9
Bagmati Province,Ramechap,32,Ramechhap Municipality,Municipality,8,9
Bagmati Province,Ramechap,32,Ramechhap Municipality,Municipality,9,9
Bagmati Province,Ramechap,32,Umakunda Rural Municipality,Rural Municipality,1,7
Bagmati Province,Ramechap,32,Umakunda Rural Municipality,Rural Municipality,2,7
Bagmati Province,Ramechap,32,Umakunda Rural Municipality,Rural Municipality,3,7
Bagmati Province,Ramechap,32,Umakunda Rural Municipality,Rural Municipality,4,7
Bagmati Province,Ramechap,32,Umakunda Rural Municipality,Rural Municipality,5,7
Bagmati Province,Ramechap,32,Umakunda Rural Municipality,Rural Municipality,6,7
Bagmati Province,Ramechap,32,Umakunda Rural Municipality,Rural Municipality,7,7
Bagmati Province,Ramechap,32,Khandadevi Rural Municipality,Rural Municipality,1,9
Bagmati Province,Ramechap,32,Khandadevi Rural Municipality,Rural Municipality,2,9
Bagmati Province,Ramechap,32,Khandadevi Rural Municipality,Rural Municipality,3,9
Bagmati Province,Ramechap,32,Khandadevi Rural Municipality,Rural Municipality,4,9
Bagmati Province,Ramechap,32,Khandadevi Rural Municipality,Rural Municipality,5,9
Bagmati Province,Ramechap,32,Khandadevi Rural Municipality,Rural Municipality,6,9
Bagmati Province,Ramechap,32,Khandadevi Rural Municipality,Rural Municipality,7,9
Bagmati Province,Ramechap,32,Khandadevi Rural Municipality,Rural Municipality,8,9
Bagmati Province,Ramechap,32,Khandadevi Rural Municipality,Rural Municipality,9,9
Bagmati Province,Ramechap,32,Doramba Rural Municipality,Rural Municipality,1,7
Bagmati Province,Ramechap,32,Doramba Rural Municipality,Rural Municipality,2,7
Bagmati Province,Ramechap,32,Doramba Rural Municipality,Rural Municipality,3,7
Bagmati Province,Ramechap,32,Doramba Rural Municipality,Rural Municipality,4,7
Bagmati Province,Ramechap,32,Doramba Rural Municipality,Rural Municipality,5,7
Bagmati Province,Ramechap,32,Doramba Rural Municipality,Rural Municipality,6,7
Bagmati Province,Ramechap,32,Doramba Rural Municipality,Rural Municipality,7,7
Bagmati Province,Ramechap,32,Gokulganga Rural Municipality,Rural Municipality,1,6
Bagmati Province,Ramechap,32,Gokulganga Rural Municipality,Rural Municipality,2,6
Bagmati Province,Ramechap,32,Gokulganga Rural Municipality,Rural Municipality,3,6
Bagmati Province,Ramechap,32,Gokulganga Rural Municipality,Rural Municipality,4,6
Bagmati Province,Ramechap,32,Gokulganga Rural Municipality,Rural Municipality,5,6
Bagmati Province,Ramechap,32,Gokulganga Rural Municipality,Rural Municipality,6,6
Bagmati Province,Ramechap,32,LikhuTamakoshi Rural Municipality,Rural Municipality,1,7
Bagmati Province,Ramechap,32,LikhuTamakoshi Rural Municipality,Rural Municipality,2,7
Bagmati Province,Ramechap,32,LikhuTamakoshi Rural Municipality,Rural Municipality,3,7
Bagmati Province,Ramechap,32,LikhuTamakoshi Rural Municipality,Rural Municipality,4,7
Bagmati Province,Ramechap,32,LikhuTamakoshi Rural Municipality,Rural Municipality,5,7
Bagmati Province,Ramechap,32,LikhuTamakoshi Rural Municipality,Rural Municipality,6,7
Bagmati Province,Ramechap,32,LikhuTamakoshi Rural Municipality,Rural Municipality,7,7
Bagmati Province,Ramechap,32,Sunapati Rural Municipality,Rural Municipality,1,5
Bagmati Province,Ramechap,32,Sunapati Rural Municipality,Rural Municipality,2,5
Bagmati Province,Ramechap,32,Sunapati Rural Municipality,Rural Municipality,3,5
Bagmati Province,Ramechap,32,Sunapati Rural Municipality,Rural Municipality,4,5
Bagmati Province,Ramechap,32,Sunapati Rural Municipality,Rural Municipality,5,5
Bagmati Province,Rasuwa,33,Kalika Rural Municipality,Rural Municipality,1,5
Bagmati Province,Rasuwa,33,Kalika Rural Municipality,Rural Municipality,2,5
Bagmati Province,Rasuwa,33,Kalika Rural Municipality,Rural Municipality,3,5
Bagmati Province,Rasuwa,33,Kalika Rural Municipality,Rural Municipality,4,5
Bagmati Province,Rasuwa,33,Kalika Rural Municipality,Rural Municipality,5,5
Bagmati Province,Rasuwa,33,Gosaikunda Rural Municipality,Rural Municipality,1,6
Bagmati Province,Rasuwa,33,Gosaikunda Rural Municipality,Rural Municipality,2,6
Bagmati Province,Rasuwa,33,Gosaikunda Rural Municipality,Rural Municipality,3,6
Bagmati Province,Rasuwa,33,Gosaikunda Rural Municipality,Rural Municipality,4,6
Bagmati Province,Rasuwa,33,Gosaikunda Rural Municipality,Rural Municipality,5,6
Bagmati Province,Rasuwa,33,Gosaikunda Rural Municipality,Rural Municipality,6,6
Bagmati Province,Rasuwa,33,Naukunda Rural Municipality,Rural Municipality,1,6
Bagmati Province,Rasuwa,33,Naukunda Rural Municipality,Rural Municipality,2,6
Bagmati Province,Rasuwa,33,Naukunda Rural Municipality,Rural Municipality,3,6
Bagmati Province,Rasuwa,33,Naukunda Rural Municipality,Rural Municipality,4,6
Bagmati Province,Rasuwa,33,Naukunda Rural Municipality,Rural Municipality,5,6
Bagmati Province,Rasuwa,33,Naukunda Rural Municipality,Rural Municipality,6,6
Bagmati Province,Rasuwa,33,Parbatikunda Rural Municipality,Rural Municipality,1,5
Bagmati Province,Rasuwa,33,Parbatikunda Rural Municipality,Rural Municipality,2,5
Bagmati Province,Rasuwa,33,Parbatikunda Rural Municipality,Rural Municipality,3,5
Bagmati Province,Rasuwa,33,Parbatikunda Rural Municipality,Rural Municipality,4,5
Bagmati Province,Rasuwa,33,Parbatikunda Rural Municipality,Rural Municipality,5,5
Bagmati Province,Rasuwa,33,Uttargaya Rural Municipality,Rural Municipality,1,5
Bagmati Province,Rasuwa,33,Uttargaya Rural Municipality,Rural Municipality,2,5
Bagmati Province,Rasuwa,33,Uttargaya Rural Municipality,Rural Municipality,3,5
Bagmati Province,Rasuwa,33,Uttargaya Rural Municipality,Rural Municipality,4,5
Bagmati Province,Rasuwa,33,Uttargaya Rural Municipality,Rural Municipality,5,5
Bagmati Province,Sindhuli,34,Kamalamai Municipality,Municipality,1,14
Bagmati Province,Sindhuli,34,Kamalamai Municipality,Municipality,2,14
Bagmati Province,Sindhuli,34,Kamalamai Municipality,Municipality,3,14
Bagmati Province,Sindhuli,34,Kamalamai Municipality,Municipality,4,14
Bagmati Province,Sindhuli,34,Kamalamai Municipality,Municipality,5,14
Bagmati Province,Sindhuli,34,Kamalamai Municipality,Municipality,6,14
Bagmati Province,Sindhuli,34,Kamalamai Municipality,Municipality,7,14
Bagmati Province,Sindhuli,34,Kamalamai Municipality,Municipality,8,14
Bagmati Province,Sindhuli,34,Kamalamai Municipality,Municipality,9,14
Bagmati Province,Sindhuli,34,Kamalamai Municipality,Municipality,10,14
Bagmati Province,Sindhuli,34,Kamalamai Municipality,Municipality,11,14
Bagmati Province,Sindhuli,34,Kamalamai Municipality,Municipality,12,14
Bagmati Province,Sindhuli,34,Kamalamai Municipality,Municipality,13,14
Bagmati Province,Sindhuli,34,Kamalamai Municipality,Municipality,14,14
Bagmati Province,Sindhuli,34,Dudhauli Municipality,Municipality,1,14
Bagmati Province,Sindhuli,34,Dudhauli Municipality,Municipality,2,14
Bagmati Province,Sindhuli,34,Dudhauli Municipality,Municipality,3,14
Bagmati Province,Sindhuli,34,Dudhauli Municipality,Municipality,4,14
Bagmati Province,Sindhuli,34,Dudhauli Municipality,Municipality,5,14
Bagmati Province,Sindhuli,34,Dudhauli Municipality,Municipality,6,14
Bagmati Province,Sindhuli,34,Dudhauli Municipality,Municipality,7,14
Bagmati Province,Sindhuli,34,Dudhauli Municipality,Municipality,8,14
Bagmati Province,Sindhuli,34,Dudhauli Municipality,Municipality,9,14
Bagmati Province,Sindhuli,34,Dudhauli Municipality,Municipality,10,14
Bagmati Province,Sindhuli,34,Dudhauli Municipality,Municipality,11,14
Bagmati Province,Sindhuli,34,Dudhauli Municipality,Municipality,12,14
Bagmati Province,Sindhuli,34,Dudhauli Municipality,Municipality,13,14
Bagmati Province,Sindhuli,34,Dudhauli Municipality,Municipality,14,14
Bagmati Province,Sindhuli,34,Sunkoshi Rural Municipality,Rural Municipality,1,7
Bagmati Province,Sindhuli,34,Sunkoshi Rural Municipality,Rural Municipality,2,7
Bagmati Province,Sindhuli,34,Sunkoshi Rural Municipality,Rural Municipality,3,7
Bagmati Province,Sindhuli,34,Sunkoshi Rural Municipality,Rural Municipality,4,7
Bagmati Province,Sindhuli,34,Sunkoshi Rural Municipality,Rural Municipality,5,7
Bagmati Province,Sindhuli,34,Sunkoshi Rural Municipality,Rural Municipality,6,7
Bagmati Province,Sindhuli,34,Sunkoshi Rural Municipality,Rural Municipality,7,7
Bagmati Province,Sindhuli,34,Hariharpurgadhi Rural Municipality,Rural Municipality,1,8
Bagmati Province,Sindhuli,34,Hariharpurgadhi Rural Municipality,Rural Municipality,2,8
Bagmati Province,Sindhuli,34,Hariharpurgadhi Rural Municipality,Rural Municipality,3,8
Bagmati Province,Sindhuli,34,Hariharpurgadhi Rural Municipality,Rural Municipality,4,8
Bagmati Province,Sindhuli,34,Hariharpurgadhi Rural Municipality,Rural Municipality,5,8
Bagmati Province,Sindhuli,34,Hariharpurgadhi Rural Municipality,Rural Municipality,6,8
Bagmati Province,Sindhuli,34,Hariharpurgadhi Rural Municipality,Rural Municipality,7,8
Bagmati Province,Sindhuli,34,Hariharpurgadhi Rural Municipality,Rural Municipality,8,8
Bagmati Province,Sindhuli,34,Tinpatan Rural Municipality,Rural Municipality,1,11
Bagmati Province,Sindhuli,34,Tinpatan Rural Municipality,Rural Municipality,2,11
Bagmati Province,Sindhuli,34,Tinpatan Rural Municipality,Rural Municipality,3,11
Bagmati Province,Sindhuli,34,Tinpatan Rural Municipality,Rural Municipality,4,11
Bagmati Province,Sindhuli,34,Tinpatan Rural Municipality,Rural Municipality,5,11
Bagmati Province,Sindhuli,34,Tinpatan Rural Municipality,Rural Municipality,6,11
Bagmati Province,Sindhuli,34,Tinpatan Rural Municipality,Rural Municipality,7,11
Bagmati Province,Sindhuli,34,Tinpatan Rural Municipality,Rural Municipality,8,11
Bagmati Province,Sindhuli,34,Tinpatan Rural Municipality,Rural Municipality,9,11
Bagmati Province,Sindhuli,34,Tinpatan Rural Municipality,Rural Municipality,10,11
Bagmati Province,Sindhuli,34,Tinpatan Rural Municipality,Rural Municipality,11,11
Bagmati Province,Sindhuli,34,Marin Rural Municipality,Rural Municipality,1,7
Bagmati Province,Sindhuli,34,Marin Rural Municipality,Rural Municipality,2,7
Bagmati Province,Sindhuli,34,Marin Rural Municipality,Rural Municipality,3,7
Bagmati Province,Sindhuli,34,Marin Rural Municipality,Rural Municipality,4,7
Bagmati Province,Sindhuli,34,Marin Rural Municipality,Rural Municipality,5,7
Bagmati Province,Sindhuli,34,Marin Rural Municipality,Rural Municipality,6,7
Bagmati Province,Sindhuli,34,Marin Rural Municipality,Rural Municipality,7,7
Bagmati Province,Sindhuli,34,Golanjor Rural Municipality,Rural Municipality,1,7
Bagmati Province,Sindhuli,34,Golanjor Rural Municipality,Rural Municipality,2,7
Bagmati Province,Sindhuli,34,Golanjor Rural Municipality,Rural Municipality,3,7
Bagmati Province,Sindhuli,34,Golanjor Rural Municipality,Rural Municipality,4,7
Bagmati Province,Sindhuli,34,Golanjor Rural Municipality,Rural Municipality,5,7
Bagmati Province,Sindhuli,34,Golanjor Rural Municipality,Rural Municipality,6,7
Bagmati Province,Sindhuli,34,Golanjor Rural Municipality,Rural Municipality,7,7
Bagmati Province,Sindhuli,34,Phikkal Rural Municipality,Rural Municipality,1,6
Bagmati Province,Sindhuli,34,Phikkal Rural Municipality,Rural Municipality,2,6
Bagmati Province,Sindhuli,34,Phikkal Rural Municipality,Rural Municipality,3,6
Bagmati Province,Sindhuli,34,Phikkal Rural Municipality,Rural Municipality,4,6
Bagmati Province,Sindhuli,34,Phikkal Rural Municipality,Rural Municipality,5,6
Bagmati Province,Sindhuli,34,Phikkal Rural Municipality,Rural Municipality,6,6
Bagmati Province,Sindhuli,34,Ghyanglekh Rural Municipality,Rural Municipality,1,5
Bagmati Province,Sindhuli,34,Ghyanglekh Rural Municipality,Rural Municipality,2,5
Bagmati Province,Sindhuli,34,Ghyanglekh Rural Municipality,Rural Municipality,3,5
Bagmati Province,Sindhuli,34,Ghyanglekh Rural Municipality,Rural Municipality,4,5
Bagmati Province,Sindhuli,34,Ghyanglekh Rural Municipality,Rural Municipality,5,5
Bagmati Province,Sindhupalchok,35,Chautara Sangachowkgadi Municipality,Municipality,1,14
Bagmati Province,Sindhupalchok,35,Chautara Sangachowkgadi Municipality,Municipality,2,14
Bagmati Province,Sindhupalchok,35,Chautara Sangachowkgadi Municipality,Municipality,3,14
Bagmati Province,Sindhupalchok,35,Chautara Sangachowkgadi Municipality,Municipality,4,14
Bagmati Province,Sindhupalchok,35,Chautara Sangachowkgadi Municipality,Municipality,5,14
Bagmati Province,Sindhupalchok,35,Chautara Sangachowkgadi Municipality,Municipality,6,14
Bagmati Province,Sindhupalchok,35,Chautara Sangachowkgadi Municipality,Municipality,7,14
Bagmati Province,Sindhupalchok,35,Chautara Sangachowkgadi Municipality,Municipality,8,14
Bagmati Province,Sindhupalchok,35,Chautara Sangachowkgadi Municipality,Municipality,9,14
Bagmati Province,Sindhupalchok,35,Chautara Sangachowkgadi Municipality,Municipality,10,14
Bagmati Province,Sindhupalchok,35,Chautara Sangachowkgadi Municipality,Municipality,11,14
Bagmati Province,Sindhupalchok,35,Chautara Sangachowkgadi Municipality,Municipality,12,14
Bagmati Province,Sindhupalchok,35,Chautara Sangachowkgadi Municipality,Municipality,13,14
Bagmati Province,Sindhupalchok,35,Chautara Sangachowkgadi Municipality,Municipality,14,14
Bagmati Province,Sindhupalchok,35,Bahrabise Municipality,Municipality,1,9
Bagmati Province,Sindhupalchok,35,Bahrabise Municipality,Municipality,2,9
Bagmati Province,Sindhupalchok,35,Bahrabise Municipality,Municipality,3,9
Bagmati Province,Sindhupalchok,35,Bahrabise Municipality,Municipality,4,9
Bagmati Province,Sindhupalchok,35,Bahrabise Municipality,Municipality,5,9
Bagmati Province,Sindhupalchok,35,Bahrabise Municipality,Municipality,6,9
Bagmati Province,Sindhupalchok,35,Bahrabise Municipality,Municipality,7,9
Bagmati Province,Sindhupalchok,35,Bahrabise Municipality,Municipality,8,9
Bagmati Province,Sindhupalchok,35,Bahrabise Municipality,Municipality,9,9
Bagmati Province,Sindhupalchok,35,Melamchi Municipality,Municipality,1,13
Bagmati Province,Sindhupalchok,35,Melamchi Municipality,Municipality,2,13
Bagmati Province,Sindhupalchok,35,Melamchi Municipality,Municipality,3,13
Bagmati Province,Sindhupalchok,35,Melamchi Municipality,Municipality,4,13
Bagmati Province,Sindhupalchok,35,Melamchi Municipality,Municipality,5,13
Bagmati Province,Sindhupalchok,35,Melamchi Municipality,Municipality,6,13
Bagmati Province,Sindhupalchok,35,Melamchi Municipality,Municipality,7,13
Bagmati Province,Sindhupalchok,35,Melamchi Municipality,Municipality,8,13
Bagmati Province,Sindhupalchok,35,Melamchi Municipality,Municipality,9,13
Bagmati Province,Sindhupalchok,35,Melamchi Municipality,Municipality,10,13
Bagmati Province,Sindhupalchok,35,Melamchi Municipality,Municipality,11,13
Bagmati Province,Sindhupalchok,35,Melamchi Municipality,Municipality,12,13
Bagmati Province,Sindhupalchok,35,Melamchi Municipality,Municipality,13,13
Bagmati Province,Sindhupalchok,35,Balephi Rural Municipality,Rural Municipality,1,8
Bagmati Province,Sindhupalchok,35,Balephi Rural Municipality,Rural Municipality,2,8
Bagmati Province,Sindhupalchok,35,Balephi Rural Municipality,Rural Municipality,3,8
Bagmati Province,Sindhupalchok,35,Balephi Rural Municipality,Rural Municipality,4,8
Bagmati Province,Sindhupalchok,35,Balephi Rural Municipality,Rural Municipality,5,8
Bagmati Province,Sindhupalchok,35,Balephi Rural Municipality,Rural Municipality,6,8
Bagmati Province,Sindhupalchok,35,Balephi Rural Municipality,Rural Municipality,7,8
Bagmati Province,Sindhupalchok,35,Balephi Rural Municipality,Rural Municipality,8,8
Bagmati Province,Sindhupalchok,35,Sunkoshi Rural Municipality,Rural Municipality,1,7
Bagmati Province,Sindhupalchok,35,Sunkoshi Rural Municipality,Rural Municipality,2,7
Bagmati Province,Sindhupalchok,35,Sunkoshi Rural Municipality,Rural Municipality,3,7
Bagmati Province,Sindhupalchok,35,Sunkoshi Rural Municipality,Rural Municipality,4,7
Bagmati Province,Sindhupalchok,35,Sunkoshi Rural Municipality,Rural Municipality,5,7
Bagmati Province,Sindhupalchok,35,Sunkoshi Rural Municipality,Rural Municipality,6,7
Bagmati Province,Sindhupalchok,35,Sunkoshi Rural Municipality,Rural Municipality,7,7
Bagmati Province,Sindhupalchok,35,Indrawati Rural Municipality,Rural Municipality,1,12
Bagmati Province,Sindhupalchok,35,Indrawati Rural Municipality,Rural Municipality,2,12
Bagmati Province,Sindhupalchok,35,Indrawati Rural Municipality,Rural Municipality,3,12
Bagmati Province,Sindhupalchok,35,Indrawati Rural Municipality,Rural Municipality,4,12
Bagmati Province,Sindhupalchok,35,Indrawati Rural Municipality,Rural Municipality,5,12
Bagmati Province,Sindhupalchok,35,Indrawati Rural Municipality,Rural Municipality,6,12
Bagmati Province,Sindhupalchok,35,Indrawati Rural Municipality,Rural Municipality,7,12
Bagmati Province,Sindhupalchok,35,Indrawati Rural Municipality,Rural Municipality,8,12
Bagmati Province,Sindhupalchok,35,Indrawati Rural Municipality,Rural Municipality,9,12
Bagmati Province,Sindhupalchok,35,Indrawati Rural Municipality,Rural Municipality,10,12
Bagmati Province,Sindhupalchok,35,Indrawati Rural Municipality,Rural Municipality,11,12
Bagmati Province,Sindhupalchok,35,Indrawati Rural Municipality,Rural Municipality,12,12
Bagmati Province,Sindhupalchok,35,Jugal Rural Municipality,Rural Municipality,1,7
Bagmati Province,Sindhupalchok,35,Jugal Rural Municipality,Rural Municipality,2,7
Bagmati Province,Sindhupalchok,35,Jugal Rural Municipality,Rural Municipality,3,7
Bagmati Province,Sindhupalchok,35,Jugal Rural Municipality,Rural Municipality,4,7
Bagmati Province,Sindhupalchok,35,Jugal Rural Municipality,Rural Municipality,5,7
Bagmati Province,Sindhupalchok,35,Jugal Rural Municipality,Rural Municipality,6,7
Bagmati Province,Sindhupalchok,35,Jugal Rural Municipality,Rural Municipality,7,7
Bagmati Province,Sindhupalchok,35,Panchpokhari Rural Municipality,Rural Municipality,1,8
Bagmati Province,Sindhupalchok,35,Panchpokhari Rural Municipality,Rural Municipality,2,8
Bagmati Province,Sindhupalchok,35,Panchpokhari Rural Municipality,Rural Municipality,3,8
Bagmati Province,Sindhupalchok,35,Panchpokhari Rural Municipality,Rural Municipality,4,8
Bagmati Province,Sindhupalchok,35,Panchpokhari Rural Municipality,Rural Municipality,5,8
Bagmati Province,Sindhupalchok,35,Panchpokhari Rural Municipality,Rural Municipality,6,8
Bagmati Province,Sindhupalchok,35,Panchpokhari Rural Municipality,Rural Municipality,7,8
Bagmati Province,Sindhupalchok,35,Panchpokhari Rural Municipality,Rural Municipality,8,8
Bagmati Province,Sindhupalchok,35,Bhotekoshi Rural Municipality,Rural Municipality,1,5
Bagmati Province,Sindhupalchok,35,Bhotekoshi Rural Municipality,Rural Municipality,2,5
Bagmati Province,Sindhupalchok,35,Bhotekoshi Rural Municipality,Rural Municipality,3,5
Bagmati Province,Sindhupalchok,35,Bhotekoshi Rural Municipality,Rural Municipality,4,5
Bagmati Province,Sindhupalchok,35,Bhotekoshi Rural Municipality,Rural Municipality,5,5
Bagmati Province,Sindhupalchok,35,Lisankhu Rural Municipality,Rural Municipality,1,7
Bagmati Province,Sindhupalchok,35,Lisankhu Rural Municipality,Rural Municipality,2,7
Bagmati Province,Sindhupalchok,35,Lisankhu Rural Municipality,Rural Municipality,3,7
Bagmati Province,Sindhupalchok,35,Lisankhu Rural Municipality,Rural Municipality,4,7
Bagmati Province,Sindhupalchok,35,Lisankhu Rural Municipality,Rural Municipality,5,7
Bagmati Province,Sindhupalchok,35,Lisankhu Rural Municipality,Rural Municipality,6,7
Bagmati Province,Sindhupalchok,35,Lisankhu Rural Municipality,Rural Municipality,7,7
Bagmati Province,Sindhupalchok,35,Helambu Rural Municipality,Rural Municipality,1,7
Bagmati Province,Sindhupalchok,35,Helambu Rural Municipality,Rural Municipality,2,7
Bagmati Province,Sindhupalchok,35,Helambu Rural Municipality,Rural Municipality,3,7
Bagmati Province,Sindhupalchok,35,Helambu Rural Municipality,Rural Municipality,4,7
Bagmati Province,Sindhupalchok,35,Helambu Rural Municipality,Rural Municipality,5,7
Bagmati Province,Sindhupalchok,35,Helambu Rural Municipality,Rural Municipality,6,7
Bagmati Province,Sindhupalchok,35,Helambu Rural Municipality,Rural Municipality,7,7
Bagmati Province,Sindhupalchok,35,Tripurasundari Rural Municipality,Rural Municipality,1,6
Bagmati Province,Sindhupalchok,35,Tripurasundari Rural Municipality,Rural Municipality,2,6
Bagmati Province,Sindhupalchok,35,Tripurasundari Rural Municipality,Rural Municipality,3,6
Bagmati Province,Sindhupalchok,35,Tripurasundari Rural Municipality,Rural Municipality,4,6
Bagmati Province,Sindhupalchok,35,Tripurasundari Rural Municipality,Rural Municipality,5,6
Bagmati Province,Sindhupalchok,35,Tripurasundari Rural Municipality,Rural Municipality,6,6
Gandaki Province,Baglung,36,Baglung Municipality,Municipality,1,14
Gandaki Province,Baglung,36,Baglung Municipality,Municipality,2,14
Gandaki Province,Baglung,36,Baglung Municipality,Municipality,3,14
Gandaki Province,Baglung,36,Baglung Municipality,Municipality,4,14
Gandaki Province,Baglung,36,Baglung Municipality,Municipality,5,14
Gandaki Province,Baglung,36,Baglung Municipality,Municipality,6,14
Gandaki Province,Baglung,36,Baglung Municipality,Municipality,7,14
Gandaki Province,Baglung,36,Baglung Municipality,Municipality,8,14
Gandaki Province,Baglung,36,Baglung Municipality,Municipality,9,14
Gandaki Province,Baglung,36,Baglung Municipality,Municipality,10,14
Gandaki Province,Baglung,36,Baglung Municipality,Municipality,11,14
Gandaki Province,Baglung,36,Baglung Municipality,Municipality,12,14
Gandaki Province,Baglung,36,Baglung Municipality,Municipality,13,14
Gandaki Province,Baglung,36,Baglung Municipality,Municipality,14,14
Gandaki Province,Baglung,36,Dhorpatan Municipality,Municipality,1,9
Gandaki Province,Baglung,36,Dhorpatan Municipality,Municipality,2,9
Gandaki Province,Baglung,36,Dhorpatan Municipality,Municipality,3,9
Gandaki Province,Baglung,36,Dhorpatan Municipality,Municipality,4,9
Gandaki Province,Baglung,36,Dhorpatan Municipality,Municipality,5,9
Gandaki Province,Baglung,36,Dhorpatan Municipality,Municipality,6,9
Gandaki Province,Baglung,36,Dhorpatan Municipality,Municipality,7,9
Gandaki Province,Baglung,36,Dhorpatan Municipality,Municipality,8,9
Gandaki Province,Baglung,36,Dhorpatan Municipality,Municipality,9,9
Gandaki Province,Baglung,36,Galkot Municipality,Municipality,1,11
Gandaki Province,Baglung,36,Galkot Municipality,Municipality,2,11
Gandaki Province,Baglung,36,Galkot Municipality,Municipality,3,11
Gandaki Province,Baglung,36,Galkot Municipality,Municipality,4,11
Gandaki Province,Baglung,36,Galkot Municipality,Municipality,5,11
Gandaki Province,Baglung,36,Galkot Municipality,Municipality,6,11
Gandaki Province,Baglung,36,Galkot Municipality,Municipality,7,11
Gandaki Province,Baglung,36,Galkot Municipality,Municipality,8,11
Gandaki Province,Baglung,36,Galkot Municipality,Municipality,9,11
Gandaki Province,Baglung,36,Galkot Municipality,Municipality,10,11
Gandaki Province,Baglung,36,Galkot Municipality,Municipality,11,11
Gandaki Province,Baglung,36,Jaimuni Municipality,Municipality,1,10
Gandaki Province,Baglung,36,Jaimuni Municipality,Municipality,2,10
Gandaki Province,Baglung,36,Jaimuni Municipality,Municipality,3,10
Gandaki Province,Baglung,36,Jaimuni Municipality,Municipality,4,10
Gandaki Province,Baglung,36,Jaimuni Municipality,Municipality,5,10
Gandaki Province,Baglung,36,Jaimuni Municipality,Municipality,6,10
Gandaki Province,Baglung,36,Jaimuni Municipality,Municipality,7,10
Gandaki Province,Baglung,36,Jaimuni Municipality,Municipality,8,10
Gandaki Province,Baglung,36,Jaimuni Municipality,Municipality,9,10
Gandaki Province,Baglung,36,Jaimuni Municipality,Municipality,10,10
Gandaki Province,Baglung,36,Bareng Rural Municipality,Rural Municipality,1,5
Gandaki Province,Baglung,36,Bareng Rural Municipality,Rural Municipality,2,5
Gandaki Province,Baglung,36,Bareng Rural Municipality,Rural Municipality,3,5
Gandaki Province,Baglung,36,Bareng Rural Municipality,Rural Municipality,4,5
Gandaki Province,Baglung,36,Bareng Rural Municipality,Rural Municipality,5,5
Gandaki Province,Baglung,36,Khathekhola Rural Municipality,Rural Municipality,1,8
Gandaki Province,Baglung,36,Khathekhola Rural Municipality,Rural Municipality,2,8
Gandaki Province,Baglung,36,Khathekhola Rural Municipality,Rural Municipality,3,8
Gandaki Province,Baglung,36,Khathekhola Rural Municipality,Rural Municipality,4,8
Gandaki Province,Baglung,36,Khathekhola Rural Municipality,Rural Municipality,5,8
Gandaki Province,Baglung,36,Khathekhola Rural Municipality,Rural Municipality,6,8
Gandaki Province,Baglung,36,Khathekhola Rural Municipality,Rural Municipality,7,8
Gandaki Province,Baglung,36,Khathekhola Rural Municipality,Rural Municipality,8,8
Gandaki Province,Baglung,36,Taman Khola Rural Municipality,Rural Municipality,1,6
Gandaki Province,Baglung,36,Taman Khola Rural Municipality,Rural Municipality,2,6
Gandaki Province,Baglung,36,Taman Khola Rural Municipality,Rural Municipality,3,6
Gandaki Province,Baglung,36,Taman Khola Rural Municipality,Rural Municipality,4,6
Gandaki Province,Baglung,36,Taman Khola Rural Municipality,Rural Municipality,5,6
Gandaki Province,Baglung,36,Taman Khola Rural Municipality,Rural Municipality,6,6
Gandaki Province,Baglung,36,Tara Khola Rural Municipality,Rural Municipality,1,5
Gandaki Province,Baglung,36,Tara Khola Rural Municipality,Rural Municipality,2,5
Gandaki Province,Baglung,36,Tara Khola Rural Municipality,Rural Municipality,3,5
Gandaki Province,Baglung,36,Tara Khola Rural Municipality,Rural Municipality,4,5
Gandaki Province,Baglung,36,Tara Khola Rural Municipality,Rural Municipality,5,5
Gandaki Province,Baglung,36,Nishi Khola Rural Municipality,Rural Municipality,1,7
Gandaki Province,Baglung,36,Nishi Khola Rural Municipality,Rural Municipality,2,7
Gandaki Province,Baglung,36,Nishi Khola Rural Municipality,Rural Municipality,3,7
Gandaki Province,Baglung,36,Nishi Khola Rural Municipality,Rural Municipality,4,7
Gandaki Province,Baglung,36,Nishi Khola Rural Municipality,Rural Municipality,5,7
Gandaki Province,Baglung,36,Nishi Khola Rural Municipality,Rural Municipality,6,7
Gandaki Province,Baglung,36,Nishi Khola Rural Municipality,Rural Municipality,7,7
Gandaki Province,Baglung,36,Badigad Rural Municipality,Rural Municipality,1,10
Gandaki Province,Baglung,36,Badigad Rural Municipality,Rural Municipality,2,10
Gandaki Province,Baglung,36,Badigad Rural Municipality,Rural Municipality,3,10
Gandaki Province,Baglung,36,Badigad Rural Municipality,Rural Municipality,4,10
Gandaki Province,Baglung,36,Badigad Rural Municipality,Rural Municipality,5,10
Gandaki Province,Baglung,36,Badigad Rural Municipality,Rural Municipality,6,10
Gandaki Province,Baglung,36,Badigad Rural Municipality,Rural Municipality,7,10
Gandaki Province,Baglung,36,Badigad Rural Municipality,Rural Municipality,8,10
Gandaki Province,Baglung,36,Badigad Rural Municipality,Rural Municipality,9,10
Gandaki Province,Baglung,36,Badigad Rural Municipality,Rural Municipality,10,10
Gandaki Province,Gorkha,37,Gorkha Municipality,Municipality,1,14
Gandaki Province,Gorkha,37,Gorkha Municipality,Municipality,2,14
Gandaki Province,Gorkha,37,Gorkha Municipality,Municipality,3,14
Gandaki Province,Gorkha,37,Gorkha Municipality,Municipality,4,14
Gandaki Province,Gorkha,37,Gorkha Municipality,Municipality,5,14
Gandaki Province,Gorkha,37,Gorkha Municipality,Municipality,6,14
Gandaki Province,Gorkha,37,Gorkha Municipality,Municipality,7,14
Gandaki Province,Gorkha,37,Gorkha Municipality,Municipality,8,14
Gandaki Province,Gorkha,37,Gorkha Municipality,Municipality,9,14
Gandaki Province,Gorkha,37,Gorkha Municipality,Municipality,10,14
Gandaki Province,Gorkha,37,Gorkha Municipality,Municipality,11,14
Gandaki Province,Gorkha,37,Gorkha Municipality,Municipality,12,14
Gandaki Province,Gorkha,37,Gorkha Municipality,Municipality,13,14
Gandaki Province,Gorkha,37,Gorkha Municipality,Municipality,14,14
Gandaki Province,Gorkha,37,Palungtar Municipality,Municipality,1,10
Gandaki Province,Gorkha,37,Palungtar Municipality,Municipality,2,10
Gandaki Province,Gorkha,37,Palungtar Municipality,Municipality,3,10
Gandaki Province,Gorkha,37,Palungtar Municipality,Municipality,4,10
Gandaki Province,Gorkha,37,Palungtar Municipality,Municipality,5,10
Gandaki Province,Gorkha,37,Palungtar Municipality,Municipality,6,10
Gandaki Province,Gorkha,37,Palungtar Municipality,Municipality,7,10
Gandaki Province,Gorkha,37,Palungtar Municipality,Municipality,8,10
Gandaki Province,Gorkha,37,Palungtar Municipality,Municipality,9,10
Gandaki Province,Gorkha,37,Palungtar Municipality,Municipality,10,10
Gandaki Province,Gorkha,37,Sulikot Rural Municipality,Rural Municipality,1,8
Gandaki Province,Gorkha,37,Sulikot Rural Municipality,Rural Municipality,2,8
Gandaki Province,Gorkha,37,Sulikot Rural Municipality,Rural Municipality,3,8
Gandaki Province,Gorkha,37,Sulikot Rural Municipality,Rural Municipality,4,8
Gandaki Province,Gorkha,37,Sulikot Rural Municipality,Rural Municipality,5,8
Gandaki Province,Gorkha,37,Sulikot Rural Municipality,Rural Municipality,6,8
Gandaki Province,Gorkha,37,Sulikot Rural Municipality,Rural Municipality,7,8
Gandaki Province,Gorkha,37,Sulikot Rural Municipality,Rural Municipality,8,8
Gandaki Province,Gorkha,37,Siranchowk Rural Municipality,Rural Municipality,1,8
Gandaki Province,Gorkha,37,Siranchowk Rural Municipality,Rural Municipality,2,8
Gandaki Province,Gorkha,37,Siranchowk Rural Municipality,Rural Municipality,3,8
Gandaki Province,Gorkha,37,Siranchowk Rural Municipality,Rural Municipality,4,8
Gandaki Province,Gorkha,37,Siranchowk Rural Municipality,Rural Municipality,5,8
Gandaki Province,Gorkha,37,Siranchowk Rural Municipality,Rural Municipality,6,8
Gandaki Province,Gorkha,37,Siranchowk Rural Municipality,Rural Municipality,7,8
Gandaki Province,Gorkha,37,Siranchowk Rural Municipality,Rural Municipality,8,8
Gandaki Province,Gorkha,37,Ajirkot Rural Municipality,Rural Municipality,1,5
Gandaki Province,Gorkha,37,Ajirkot Rural Municipality,Rural Municipality,2,5
Gandaki Province,Gorkha,37,Ajirkot Rural Municipality,Rural Municipality,3,5
Gandaki Province,Gorkha,37,Ajirkot Rural Municipality,Rural Municipality,4,5
Gandaki Province,Gorkha,37,Ajirkot Rural Municipality,Rural Municipality,5,5
Gandaki Province,Gorkha,37,Chumnubri Rural Municipality,Rural Municipality,1,7
Gandaki Province,Gorkha,37,Chumnubri Rural Municipality,Rural Municipality,2,7
Gandaki Province,Gorkha,37,Chumnubri Rural Municipality,Rural Municipality,3,7
Gandaki Province,Gorkha,37,Chumnubri Rural Municipality,Rural Municipality,4,7
Gandaki Province,Gorkha,37,Chumnubri Rural Municipality,Rural Municipality,5,7
Gandaki Province,Gorkha,37,Chumnubri Rural Municipality,Rural Municipality,6,7
Gandaki Province,Gorkha,37,Chumnubri Rural Municipality,Rural Municipality,7,7
Gandaki Province,Gorkha,37,Dharche Rural Municipality,Rural Municipality,1,7
Gandaki Province,Gorkha,37,Dharche Rural Municipality,Rural Municipality,2,7
Gandaki Province,Gorkha,37,Dharche Rural Municipality,Rural Municipality,3,7
Gandaki Province,Gorkha,37,Dharche Rural Municipality,Rural Municipality,4,7
Gandaki Province,Gorkha,37,Dharche Rural Municipality,Rural Municipality,5,7
Gandaki Province,Gorkha,37,Dharche Rural Municipality,Rural Municipality,6,7
Gandaki Province,Gorkha,37,Dharche Rural Municipality,Rural Municipality,7,7
Gandaki Province,Gorkha,37,Bhimsen Thapa Rural Municipality,Rural Municipality,1,8
Gandaki Province,Gorkha,37,Bhimsen Thapa Rural Municipality,Rural Municipality,2,8
Gandaki Province,Gorkha,37,Bhimsen Thapa Rural Municipality,Rural Municipality,3,8
Gandaki Province,Gorkha,37,Bhimsen Thapa Rural Municipality,Rural Municipality,4,8
Gandaki Province,Gorkha,37,Bhimsen Thapa Rural Municipality,Rural Municipality,5,8
Gandaki Province,Gorkha,37,Bhimsen Thapa Rural Municipality,Rural Municipality,6,8
Gandaki Province,Gorkha,37,Bhimsen Thapa Rural Municipality,Rural Municipality,7,8
Gandaki Province,Gorkha,37,Bhimsen Thapa Rural Municipality,Rural Municipality,8,8
Gandaki Province,Gorkha,37,Sahid Lakhan Rural Municipality,Rural Municipality,1,9
Gandaki Province,Gorkha,37,Sahid Lakhan Rural Municipality,Rural Municipality,2,9
Gandaki Province,Gorkha,37,Sahid Lakhan Rural Municipality,Rural Municipality,3,9
Gandaki Province,Gorkha,37,Sahid Lakhan Rural Municipality,Rural Municipality,4,9
Gandaki Province,Gorkha,37,Sahid Lakhan Rural Municipality,Rural Municipality,5,9
Gandaki Province,Gorkha,37,Sahid Lakhan Rural Municipality,Rural Municipality,6,9
Gandaki Province,Gorkha,37,Sahid Lakhan Rural Municipality,Rural Municipality,7,9
Gandaki Province,Gorkha,37,Sahid Lakhan Rural Municipality,Rural Municipality,8,9
Gandaki Province,Gorkha,37,Sahid Lakhan Rural Municipality,Rural Municipality,9,9
Gandaki Province,Gorkha,37,Aarughat Rural Municipality,Rural Municipality,1,10
Gandaki Province,Gorkha,37,Aarughat Rural Municipality,Rural Municipality,2,10
Gandaki Province,Gorkha,37,Aarughat Rural Municipality,Rural Municipality,3,10
Gandaki Province,Gorkha,37,Aarughat Rural Municipality,Rural Municipality,4,10
Gandaki Province,Gorkha,37,Aarughat Rural Municipality,Rural Municipality,5,10
Gandaki Province,Gorkha,37,Aarughat Rural Municipality,Rural Municipality,6,10
Gandaki Province,Gorkha,37,Aarughat Rural Municipality,Rural Municipality,7,10
Gandaki Province,Gorkha,37,Aarughat Rural Municipality,Rural Municipality,8,10
Gandaki Province,Gorkha,37,Aarughat Rural Municipality,Rural Municipality,9,10
Gandaki Province,Gorkha,37,Aarughat Rural Municipality,Rural Municipality,10,10
Gandaki Province,Gorkha,37,Gandaki Rural Municipality,Rural Municipality,1,8
Gandaki Province,Gorkha,37,Gandaki Rural Municipality,Rural Municipality,2,8
Gandaki Province,Gorkha,37,Gandaki Rural Municipality,Rural Municipality,3,8
Gandaki Province,Gorkha,37,Gandaki Rural Municipality,Rural Municipality,4,8
Gandaki Province,Gorkha,37,Gandaki Rural Municipality,Rural Municipality,5,8
Gandaki Province,Gorkha,37,Gandaki Rural Municipality,Rural Municipality,6,8
Gandaki Province,Gorkha,37,Gandaki Rural Municipality,Rural Municipality,7,8
Gandaki Province,Gorkha,37,Gandaki Rural Municipality,Rural Municipality,8,8
Gandaki Province,Kaski,38,Pokhara Metropolitan City,Metropolitan City,1,33
Gandaki Province,Kaski,38,Pokhara Metropolitan City,Metropolitan City,2,33
Gandaki Province,Kaski,38,Pokhara Metropolitan City,Metropolitan City,3,33
Gandaki Province,Kaski,38,Pokhara Metropolitan City,Metropolitan City,4,33
Gandaki Province,Kaski,38,Pokhara Metropolitan City,Metropolitan City,5,33
Gandaki Province,Kaski,38,Pokhara Metropolitan City,Metropolitan City,6,33
Gandaki Province,Kaski,38,Pokhara Metropolitan City,Metropolitan City,7,33
Gandaki Province,Kaski,38,Pokhara Metropolitan City,Metropolitan City,8,33
Gandaki Province,Kaski,38,Pokhara Metropolitan City,Metropolitan City,9,33
Gandaki Province,Kaski,38,Pokhara Metropolitan City,Metropolitan City,10,33
Gandaki Province,Kaski,38,Pokhara Metropolitan City,Metropolitan City,11,33
Gandaki Province,Kaski,38,Pokhara Metropolitan City,Metropolitan City,12,33
Gandaki Province,Kaski,38,Pokhara Metropolitan City,Metropolitan City,13,33
Gandaki Province,Kaski,38,Pokhara Metropolitan City,Metropolitan City,14,33
Gandaki Province,Kaski,38,Pokhara Metropolitan City,Metropolitan City,15,33
Gandaki Province,Kaski,38,Pokhara Metropolitan City,Metropolitan City,16,33
Gandaki Province,Kaski,38,Pokhara Metropolitan City,Metropolitan City,17,33
Gandaki Province,Kaski,38,Pokhara Metropolitan City,Metropolitan City,18,33
Gandaki Province,Kaski,38,Pokhara Metropolitan City,Metropolitan City,19,33
Gandaki Province,Kaski,38,Pokhara Metropolitan City,Metropolitan City,20,33
Gandaki Province,Kaski,38,Pokhara Metropolitan City,Metropolitan City,21,33
Gandaki Province,Kaski,38,Pokhara Metropolitan City,Metropolitan City,22,33
Gandaki Province,Kaski,38,Pokhara Metropolitan City,Metropolitan City,23,33
Gandaki Province,Kaski,38,Pokhara Metropolitan City,Metropolitan City,24,33
Gandaki Province,Kaski,38,Pokhara Metropolitan City,Metropolitan City,25,33
Gandaki Province,Kaski,38,Pokhara Metropolitan City,Metropolitan City,26,33
Gandaki Province,Kaski,38,Pokhara Metropolitan City,Metropolitan City,27,33
Gandaki Province,Kaski,38,Pokhara Metropolitan City,Metropolitan City,28,33
Gandaki Province,Kaski,38,Pokhara Metropolitan City,Metropolitan City,29,33
Gandaki Province,Kaski,38,Pokhara Metropolitan City,Metropolitan City,30,33
Gandaki Province,Kaski,38,Pokhara Metropolitan City,Metropolitan City,31,33
Gandaki Province,Kaski,38,Pokhara Metropolitan City,Metropolitan City,32,33
Gandaki Province,Kaski,38,Pokhara Metropolitan City,Metropolitan City,33,33
Gandaki Province,Kaski,38,Annapurna Rural Municipality,Rural Municipality,1,11
Gandaki Province,Kaski,38,Annapurna Rural Municipality,Rural Municipality,2,11
Gandaki Province,Kaski,38,Annapurna Rural Municipality,Rural Municipality,3,11
Gandaki Province,Kaski,38,Annapurna Rural Municipality,Rural Municipality,4,11
Gandaki Province,Kaski,38,Annapurna Rural Municipality,Rural Municipality,5,11
Gandaki Province,Kaski,38,Annapurna Rural Municipality,Rural Municipality,6,11
Gandaki Province,Kaski,38,Annapurna Rural Municipality,Rural Municipality,7,11
Gandaki Province,Kaski,38,Annapurna Rural Municipality,Rural Municipality,8,11
Gandaki Province,Kaski,38,Annapurna Rural Municipality,Rural Municipality,9,11
Gandaki Province,Kaski,38,Annapurna Rural Municipality,Rural Municipality,10,11
Gandaki Province,Kaski,38,Annapurna Rural Municipality,Rural Municipality,11,11
Gandaki Province,Kaski,38,Machhapuchchhre Rural Municipality,Rural Municipality,1,9
Gandaki Province,Kaski,38,Machhapuchchhre Rural Municipality,Rural Municipality,2,9
Gandaki Province,Kaski,38,Machhapuchchhre Rural Municipality,Rural Municipality,3,9
Gandaki Province,Kaski,38,Machhapuchchhre Rural Municipality,Rural Municipality,4,9
Gandaki Province,Kaski,38,Machhapuchchhre Rural Municipality,Rural Municipality,5,9
Gandaki Province,Kaski,38,Machhapuchchhre Rural Municipality,Rural Municipality,6,9
Gandaki Province,Kaski,38,Machhapuchchhre Rural Municipality,Rural Municipality,7,9
Gandaki Province,Kaski,38,Machhapuchchhre Rural Municipality,Rural Municipality,8,9
Gandaki Province,Kaski,38,Machhapuchchhre Rural Municipality,Rural Municipality,9,9
Gandaki Province,Kaski,38,Madi Rural Municipality,Rural Municipality,1,12
Gandaki Province,Kaski,38,Madi Rural Municipality,Rural Municipality,2,12
Gandaki Province,Kaski,38,Madi Rural Municipality,Rural Municipality,3,12
Gandaki Province,Kaski,38,Madi Rural Municipality,Rural Municipality,4,12
Gandaki Province,Kaski,38,Madi Rural Municipality,Rural Municipality,5,12
Gandaki Province,Kaski,38,Madi Rural Municipality,Rural Municipality,6,12
Gandaki Province,Kaski,38,Madi Rural Municipality,Rural Municipality,7,12
Gandaki Province,Kaski,38,Madi Rural Municipality,Rural Municipality,8,12
Gandaki Province,Kaski,38,Madi Rural Municipality,Rural Municipality,9,12
Gandaki Province,Kaski,38,Madi Rural Municipality,Rural Municipality,10,12
Gandaki Province,Kaski,38,Madi Rural Municipality,Rural Municipality,11,12
Gandaki Province,Kaski,38,Madi Rural Municipality,Rural Municipality,12,12
Gandaki Province,Kaski,38,Rupa Rural Municipality,Rural Municipality,1,7
Gandaki Province,Kaski,38,Rupa Rural Municipality,Rural Municipality,2,7
Gandaki Province,Kaski,38,Rupa Rural Municipality,Rural Municipality,3,7
Gandaki Province,Kaski,38,Rupa Rural Municipality,Rural Municipality,4,7
Gandaki Province,Kaski,38,Rupa Rural Municipality,Rural Municipality,5,7
Gandaki Province,Kaski,38,Rupa Rural Municipality,Rural Municipality,6,7
Gandaki Province,Kaski,38,Rupa Rural Municipality,Rural Municipality,7,7
Gandaki Province,Lamjung,39,Besisahar Municipality,Municipality,1,11
Gandaki Province,Lamjung,39,Besisahar Municipality,Municipality,2,11
Gandaki Province,Lamjung,39,Besisahar Municipality,Municipality,3,11
Gandaki Province,Lamjung,39,Besisahar Municipality,Municipality,4,11
Gandaki Province,Lamjung,39,Besisahar Municipality,Municipality,5,11
Gandaki Province,Lamjung,39,Besisahar Municipality,Municipality,6,11
Gandaki Province,Lamjung,39,Besisahar Municipality,Municipality,7,11
Gandaki Province,Lamjung,39,Besisahar Municipality,Municipality,8,11
Gandaki Province,Lamjung,39,Besisahar Municipality,Municipality,9,11
Gandaki Province,Lamjung,39,Besisahar Municipality,Municipality,10,11
Gandaki Province,Lamjung,39,Besisahar Municipality,Municipality,11,11
Gandaki Province,Lamjung,39,Madhya Nepal Municipality,Municipality,1,10
Gandaki Province,Lamjung,39,Madhya Nepal Municipality,Municipality,2,10
Gandaki Province,Lamjung,39,Madhya Nepal Municipality,Municipality,3,10
Gandaki Province,Lamjung,39,Madhya Nepal Municipality,Municipality,4,10
Gandaki Province,Lamjung,39,Madhya Nepal Municipality,Municipality,5,10
Gandaki Province,Lamjung,39,Madhya Nepal Municipality,Municipality,6,10
Gandaki Province,Lamjung,39,Madhya Nepal Municipality,Municipality,7,10
Gandaki Province,Lamjung,39,Madhya Nepal Municipality,Municipality,8,10
Gandaki Province,Lamjung,39,Madhya Nepal Municipality,Municipality,9,10
Gandaki Province,Lamjung,39,Madhya Nepal Municipality,Municipality,10,10
Gandaki Province,Lamjung,39,Rainas Municipality,Municipality,1,10
Gandaki Province,Lamjung,39,Rainas Municipality,Municipality,2,10
Gandaki Province,Lamjung,39,Rainas Municipality,Municipality,3,10
Gandaki Province,Lamjung,39,Rainas Municipality,Municipality,4,10
Gandaki Province,Lamjung,39,Rainas Municipality,Municipality,5,10
Gandaki Province,Lamjung,39,Rainas Municipality,Municipality,6,10
Gandaki Province,Lamjung,39,Rainas Municipality,Municipality,7,10
Gandaki Province,Lamjung,39,Rainas Municipality,Municipality,8,10
Gandaki Province,Lamjung,39,Rainas Municipality,Municipality,9,10
Gandaki Province,Lamjung,39,Rainas Municipality,Municipality,10,10
Gandaki Province,Lamjung,39,Sundarbazar Municipality,Municipality,1,11
Gandaki Province,Lamjung,39,Sundarbazar Municipality,Municipality,2,11
Gandaki Province,Lamjung,39,Sundarbazar Municipality,Municipality,3,11
Gandaki Province,Lamjung,39,Sundarbazar Municipality,Municipality,4,11
Gandaki Province,Lamjung,39,Sundarbazar Municipality,Municipality,5,11
Gandaki Province,Lamjung,39,Sundarbazar Municipality,Municipality,6,11
Gandaki Province,Lamjung,39,Sundarbazar Municipality,Municipality,7,11
Gandaki Province,Lamjung,39,Sundarbazar Municipality,Municipality,8,11
Gandaki Province,Lamjung,39,Sundarbazar Municipality,Municipality,9,11
Gandaki Province,Lamjung,39,Sundarbazar Municipality,Municipality,10,11
Gandaki Province,Lamjung,39,Sundarbazar Municipality,Municipality,11,11
Gandaki Province,Lamjung,39,Dordi Rural Municipality,Rural Municipality,1,9
Gandaki Province,Lamjung,39,Dordi Rural Municipality,Rural Municipality,2,9
Gandaki Province,Lamjung,39,Dordi Rural Municipality,Rural Municipality,3,9
Gandaki Province,Lamjung,39,Dordi Rural Municipality,Rural Municipality,4,9
Gandaki Province,Lamjung,39,Dordi Rural Municipality,Rural Municipality,5,9
Gandaki Province,Lamjung,39,Dordi Rural Municipality,Rural Municipality,6,9
Gandaki Province,Lamjung,39,Dordi Rural Municipality,Rural Municipality,7,9
Gandaki Province,Lamjung,39,Dordi Rural Municipality,Rural Municipality,8,9
Gandaki Province,Lamjung,39,Dordi Rural Municipality,Rural Municipality,9,9
Gandaki Province,Lamjung,39,Dudhpokhari Rural Municipality,Rural Municipality,1,6
Gandaki Province,Lamjung,39,Dudhpokhari Rural Municipality,Rural Municipality,2,6
Gandaki Province,Lamjung,39,Dudhpokhari Rural Municipality,Rural Municipality,3,6
Gandaki Province,Lamjung,39,Dudhpokhari Rural Municipality,Rural Municipality,4,6
Gandaki Province,Lamjung,39,Dudhpokhari Rural Municipality,Rural Municipality,5,6
Gandaki Province,Lamjung,39,Dudhpokhari Rural Municipality,Rural Municipality,6,6
Gandaki Province,Lamjung,39,Kwhlosothar Rural Municipality,Rural Municipality,1,9
Gandaki Province,Lamjung,39,Kwhlosothar Rural Municipality,Rural Municipality,2,9
Gandaki Province,Lamjung,39,Kwhlosothar Rural Municipality,Rural Municipality,3,9
Gandaki Province,Lamjung,39,Kwhlosothar Rural Municipality,Rural Municipality,4,9
Gandaki Province,Lamjung,39,Kwhlosothar Rural Municipality,Rural Municipality,5,9
Gandaki Province,Lamjung,39,Kwhlosothar Rural Municipality,Rural Municipality,6,9
Gandaki Province,Lamjung,39,Kwhlosothar Rural Municipality,Rural Municipality,7,9
Gandaki Province,Lamjung,39,Kwhlosothar Rural Municipality,Rural Municipality,8,9
Gandaki Province,Lamjung,39,Kwhlosothar Rural Municipality,Rural Municipality,9,9
Gandaki Province,Lamjung,39,Marsyangdi Rural Municipality,Rural Municipality,1,9
Gandaki Province,Lamjung,39,Marsyangdi Rural Municipality,Rural Municipality,2,9
Gandaki Province,Lamjung,39,Marsyangdi Rural Municipality,Rural Municipality,3,9
Gandaki Province,Lamjung,39,Marsyangdi Rural Municipality,Rural Municipality,4,9
Gandaki Province,Lamjung,39,Marsyangdi Rural Municipality,Rural Municipality,5,9
Gandaki Province,Lamjung,39,Marsyangdi Rural Municipality,Rural Municipality,6,9
Gandaki Province,Lamjung,39,Marsyangdi Rural Municipality,Rural Municipality,7,9
Gandaki Province,Lamjung,39,Marsyangdi Rural Municipality,Rural Municipality,8,9
Gandaki Province,Lamjung,39,Marsyangdi Rural Municipality,Rural Municipality,9,9
Gandaki Province,Manang,40,Chame Rural Municipality,Rural Municipality,1,5
Gandaki Province,Manang,40,Chame Rural Municipality,Rural Municipality,2,5
Gandaki Province,Manang,40,Chame Rural Municipality,Rural Municipality,3,5
Gandaki Province,Manang,40,Chame Rural Municipality,Rural Municipality,4,5
Gandaki Province,Manang,40,Chame Rural Municipality,Rural Municipality,5,5
Gandaki Province,Manang,40,Nason Rural Municipality,Rural Municipality,1,9
Gandaki Province,Manang,40,Nason Rural Municipality,Rural Municipality,2,9
Gandaki Province,Manang,40,Nason Rural Municipality,Rural Municipality,3,9
Gandaki Province,Manang,40,Nason Rural Municipality,Rural Municipality,4,9
Gandaki Province,Manang,40,Nason Rural Municipality,Rural Municipality,5,9
Gandaki Province,Manang,40,Nason Rural Municipality,Rural Municipality,6,9
Gandaki Province,Manang,40,Nason Rural Municipality,Rural Municipality,7,9
Gandaki Province,Manang,40,Nason Rural Municipality,Rural Municipality,8,9
Gandaki Province,Manang,40,Nason Rural Municipality,Rural Municipality,9,9
Gandaki Province,Manang,40,NarpaBhumi Rural Municipality,Rural Municipality,1,5
Gandaki Province,Manang,40,NarpaBhumi Rural Municipality,Rural Municipality,2,5
Gandaki Province,Manang,40,NarpaBhumi Rural Municipality,Rural Municipality,3,5
Gandaki Province,Manang,40,NarpaBhumi Rural Municipality,Rural Municipality,4,5
Gandaki Province,Manang,40,NarpaBhumi Rural Municipality,Rural Municipality,5,5
Gandaki Province,Manang,40,Manang Ngisyang Rural Municipality,Rural Municipality,1,9
Gandaki Province,Manang,40,Manang Ngisyang Rural Municipality,Rural Municipality,2,9
Gandaki Province,Manang,40,Manang Ngisyang Rural Municipality,Rural Municipality,3,9
Gandaki Province,Manang,40,Manang Ngisyang Rural Municipality,Rural Municipality,4,9
Gandaki Province,Manang,40,Manang Ngisyang Rural Municipality,Rural Municipality,5,9
Gandaki Province,Manang,40,Manang Ngisyang Rural Municipality,Rural Municipality,6,9
Gandaki Province,Manang,40,Manang Ngisyang Rural Municipality,Rural Municipality,7,9
Gandaki Province,Manang,40,Manang Ngisyang Rural Municipality,Rural Municipality,8,9
Gandaki Province,Manang,40,Manang Ngisyang Rural Municipality,Rural Municipality,9,9
Gandaki Province,Mustang,41,Gharpajhong Rural Municipality,Rural Municipality,1,5
Gandaki Province,Mustang,41,Gharpajhong Rural Municipality,Rural Municipality,2,5
Gandaki Province,Mustang,41,Gharpajhong Rural Municipality,Rural Municipality,3,5
Gandaki Province,Mustang,41,Gharpajhong Rural Municipality,Rural Municipality,4,5
Gandaki Province,Mustang,41,Gharpajhong Rural Municipality,Rural Municipality,5,5
Gandaki Province,Mustang,41,Thasang Rural Municipality,Rural Municipality,1,5
Gandaki Province,Mustang,41,Thasang Rural Municipality,Rural Municipality,2,5
Gandaki Province,Mustang,41,Thasang Rural Municipality,Rural Municipality,3,5
Gandaki Province,Mustang,41,Thasang Rural Municipality,Rural Municipality,4,5
Gandaki Province,Mustang,41,Thasang Rural Municipality,Rural Municipality,5,5
Gandaki Province,Mustang,41,Barhagaun Muktichhetra Rural Municipality,Rural Municipality,1,5
Gandaki Province,Mustang,41,Barhagaun Muktichhetra Rural Municipality,Rural Municipality,2,5
Gandaki Province,Mustang,41,Barhagaun Muktichhetra Rural Municipality,Rural Municipality,3,5
Gandaki Province,Mustang,41,Barhagaun Muktichhetra Rural Municipality,Rural Municipality,4,5
Gandaki Province,Mustang,41,Barhagaun Muktichhetra Rural Municipality,Rural Municipality,5,5
Gandaki Province,Mustang,41,Lomanthang Rural Municipality,Rural Municipality,1,5
Gandaki Province,Mustang,41,Lomanthang Rural Municipality,Rural Municipality,2,5
Gandaki Province,Mustang,41,Lomanthang Rural Municipality,Rural Municipality,3,5
Gandaki Province,Mustang,41,Lomanthang Rural Municipality,Rural Municipality,4,5
Gandaki Province,Mustang,41,Lomanthang Rural Municipality,Rural Municipality,5,5
Gandaki Province,Mustang,41,Lo-Ghekar Damodarkunda Rural Municipality,Rural Municipality,1,5
Gandaki Province,Mustang,41,Lo-Ghekar Damodarkunda Rural Municipality,Rural Municipality,2,5
Gandaki Province,Mustang,41,Lo-Ghekar Damodarkunda Rural Municipality,Rural Municipality,3,5
Gandaki Province,Mustang,41,Lo-Ghekar Damodarkunda Rural Municipality,Rural Municipality,4,5
Gandaki Province,Mustang,41,Lo-Ghekar Damodarkunda Rural Municipality,Rural Municipality,5,5
Gandaki Province,Myagdi,42,Beni Municipality,Municipality,1,10
Gandaki Province,Myagdi,42,Beni Municipality,Municipality,2,10
Gandaki Province,Myagdi,42,Beni Municipality,Municipality,3,10
Gandaki Province,Myagdi,42,Beni Municipality,Municipality,4,10
Gandaki Province,Myagdi,42,Beni Municipality,Municipality,5,10
Gandaki Province,Myagdi,42,Beni Municipality,Municipality,6,10
Gandaki Province,Myagdi,42,Beni Municipality,Municipality,7,10
Gandaki Province,Myagdi,42,Beni Municipality,Municipality,8,10
Gandaki Province,Myagdi,42,Beni Municipality,Municipality,9,10
Gandaki Province,Myagdi,42,Beni Municipality,Municipality,10,10
Gandaki Province,Myagdi,42,Annapurna Rural Municipality,Rural Municipality,1,8
Gandaki Province,Myagdi,42,Annapurna Rural Municipality,Rural Municipality,2,8
Gandaki Province,Myagdi,42,Annapurna Rural Municipality,Rural Municipality,3,8
Gandaki Province,Myagdi,42,Annapurna Rural Municipality,Rural Municipality,4,8
Gandaki Province,Myagdi,42,Annapurna Rural Municipality,Rural Municipality,5,8
Gandaki Province,Myagdi,42,Annapurna Rural Municipality,Rural Municipality,6,8
Gandaki Province,Myagdi,42,Annapurna Rural Municipality,Rural Municipality,7,8
Gandaki Province,Myagdi,42,Annapurna Rural Municipality,Rural Municipality,8,8
Gandaki Province,Myagdi,42,Dhaulagiri Rural Municipality,Rural Municipality,1,7
Gandaki Province,Myagdi,42,Dhaulagiri Rural Municipality,Rural Municipality,2,7
Gandaki Province,Myagdi,42,Dhaulagiri Rural Municipality,Rural Municipality,3,7
Gandaki Province,Myagdi,42,Dhaulagiri Rural Municipality,Rural Municipality,4,7
Gandaki Province,Myagdi,42,Dhaulagiri Rural Municipality,Rural Municipality,5,7
Gandaki Province,Myagdi,42,Dhaulagiri Rural Municipality,Rural Municipality,6,7
Gandaki Province,Myagdi,42,Dhaulagiri Rural Municipality,Rural Municipality,7,7
Gandaki Province,Myagdi,42,Mangala Rural Municipality,Rural Municipality,1,5
Gandaki Province,Myagdi,42,Mangala Rural Municipality,Rural Municipality,2,5
Gandaki Province,Myagdi,42,Mangala Rural Municipality,Rural Municipality,3,5
Gandaki Province,Myagdi,42,Mangala Rural Municipality,Rural Municipality,4,5
Gandaki Province,Myagdi,42,Mangala Rural Municipality,Rural Municipality,5,5
Gandaki Province,Myagdi,42,Malika Rural Municipality,Rural Municipality,1,7
Gandaki Province,Myagdi,42,Malika Rural Municipality,Rural Municipality,2,7
Gandaki Province,Myagdi,42,Malika Rural Municipality,Rural Municipality,3,7
Gandaki Province,Myagdi,42,Malika Rural Municipality,Rural Municipality,4,7
Gandaki Province,Myagdi,42,Malika Rural Municipality,Rural Municipality,5,7
Gandaki Province,Myagdi,42,Malika Rural Municipality,Rural Municipality,6,7
Gandaki Province,Myagdi,42,Malika Rural Municipality,Rural Municipality,7,7
Gandaki Province,Myagdi,42,Raghuganga Rural Municipality,Rural Municipality,1,8
Gandaki Province,Myagdi,42,Raghuganga Rural Municipality,Rural Municipality,2,8
Gandaki Province,Myagdi,42,Raghuganga Rural Municipality,Rural Municipality,3,8
Gandaki Province,Myagdi,42,Raghuganga Rural Municipality,Rural Municipality,4,8
Gandaki Province,Myagdi,42,Raghuganga Rural Municipality,Rural Municipality,5,8
Gandaki Province,Myagdi,42,Raghuganga Rural Municipality,Rural Municipality,6,8
Gandaki Province,Myagdi,42,Raghuganga Rural Municipality,Rural Municipality,7,8
Gandaki Province,Myagdi,42,Raghuganga Rural Municipality,Rural Municipality,8,8
Gandaki Province,Nawalpur,43,Kawasoti Municipality,Municipality,1,17
Gandaki Province,Nawalpur,43,Kawasoti Municipality,Municipality,2,17
Gandaki Province,Nawalpur,43,Kawasoti Municipality,Municipality,3,17
Gandaki Province,Nawalpur,43,Kawasoti Municipality,Municipality,4,17
Gandaki Province,Nawalpur,43,Kawasoti Municipality,Municipality,5,17
Gandaki Province,Nawalpur,43,Kawasoti Municipality,Municipality,6,17
Gandaki Province,Nawalpur,43,Kawasoti Municipality,Municipality,7,17
Gandaki Province,Nawalpur,43,Kawasoti Municipality,Municipality,8,17
Gandaki Province,Nawalpur,43,Kawasoti Municipality,Municipality,9,17
Gandaki Province,Nawalpur,43,Kawasoti Municipality,Municipality,10,17
Gandaki Province,Nawalpur,43,Kawasoti Municipality,Municipality,11,17
Gandaki Province,Nawalpur,43,Kawasoti Municipality,Municipality,12,17
Gandaki Province,Nawalpur,43,Kawasoti Municipality,Municipality,13,17
Gandaki Province,Nawalpur,43,Kawasoti Municipality,Municipality,14,17
Gandaki Province,Nawalpur,43,Kawasoti Municipality,Municipality,15,17
Gandaki Province,Nawalpur,43,Kawasoti Municipality,Municipality,16,17
Gandaki Province,Nawalpur,43,Kawasoti Municipality,Municipality,17,17
Gandaki Province,Nawalpur,43,Gaindakot Municipality,Municipality,1,18
Gandaki Province,Nawalpur,43,Gaindakot Municipality,Municipality,2,18
Gandaki Province,Nawalpur,43,Gaindakot Municipality,Municipality,3,18
Gandaki Province,Nawalpur,43,Gaindakot Municipality,Municipality,4,18
Gandaki Province,Nawalpur,43,Gaindakot Municipality,Municipality,5,18
Gandaki Province,Nawalpur,43,Gaindakot Municipality,Municipality,6,18
Gandaki Province,Nawalpur,43,Gaindakot Municipality,Municipality,7,18
Gandaki Province,Nawalpur,43,Gaindakot Municipality,Municipality,8,18
Gandaki Province,Nawalpur,43,Gaindakot Municipality,Municipality,9,18
Gandaki Province,Nawalpur,43,Gaindakot Municipality,Municipality,10,18
Gandaki Province,Nawalpur,43,Gaindakot Municipality,Municipality,11,18
Gandaki Province,Nawalpur,43,Gaindakot Municipality,Municipality,12,18
Gandaki Province,Nawalpur,43,Gaindakot Municipality,Municipality,13,18
Gandaki Province,Nawalpur,43,Gaindakot Municipality,Municipality,14,18
Gandaki Province,Nawalpur,43,Gaindakot Municipality,Municipality,15,18
Gandaki Province,Nawalpur,43,Gaindakot Municipality,Municipality,16,18
Gandaki Province,Nawalpur,43,Gaindakot Municipality,Municipality,17,18
Gandaki Province,Nawalpur,43,Gaindakot Municipality,Municipality,18,18
Gandaki Province,Nawalpur,43,Devachuli Municipality,Municipality,1,17
Gandaki Province,Nawalpur,43,Devachuli Municipality,Municipality,2,17
Gandaki Province,Nawalpur,43,Devachuli Municipality,Municipality,3,17
Gandaki Province,Nawalpur,43,Devachuli Municipality,Municipality,4,17
Gandaki Province,Nawalpur,43,Devachuli Municipality,Municipality,5,17
Gandaki Province,Nawalpur,43,Devachuli Municipality,Municipality,6,17
Gandaki Province,Nawalpur,43,Devachuli Municipality,Municipality,7,17
Gandaki Province,Nawalpur,43,Devachuli Municipality,Municipality,8,17
Gandaki Province,Nawalpur,43,Devachuli Municipality,Municipality,9,17
Gandaki Province,Nawalpur,43,Devachuli Municipality,Municipality,10,17
Gandaki Province,Nawalpur,43,Devachuli Municipality,Municipality,11,17
Gandaki Province,Nawalpur,43,Devachuli Municipality,Municipality,12,17
Gandaki Province,Nawalpur,43,Devachuli Municipality,Municipality,13,17
Gandaki Province,Nawalpur,43,Devachuli Municipality,Municipality,14,17
Gandaki Province,Nawalpur,43,Devachuli Municipality,Municipality,15,17
Gandaki Province,Nawalpur,43,Devachuli Municipality,Municipality,16,17
Gandaki Province,Nawalpur,43,Devachuli Municipality,Municipality,17,17
Gandaki Province,Nawalpur,43,Madhya Bindu Municipality,Municipality,1,15
Gandaki Province,Nawalpur,43,Madhya Bindu Municipality,Municipality,2,15
Gandaki Province,Nawalpur,43,Madhya Bindu Municipality,Municipality,3,15
Gandaki Province,Nawalpur,43,Madhya Bindu Municipality,Municipality,4,15
Gandaki Province,Nawalpur,43,Madhya Bindu Municipality,Municipality,5,15
Gandaki Province,Nawalpur,43,Madhya Bindu Municipality,Municipality,6,15
Gandaki Province,Nawalpur,43,Madhya Bindu Municipality,Municipality,7,15
Gandaki Province,Nawalpur,43,Madhya Bindu Municipality,Municipality,8,15
Gandaki Province,Nawalpur,43,Madhya Bindu Municipality,Municipality,9,15
Gandaki Province,Nawalpur,43,Madhya Bindu Municipality,Municipality,10,15
Gandaki Province,Nawalpur,43,Madhya Bindu Municipality,Municipality,11,15
Gandaki Province,Nawalpur,43,Madhya Bindu Municipality,Municipality,12,15
Gandaki Province,Nawalpur,43,Madhya Bindu Municipality,Municipality,13,15
Gandaki Province,Nawalpur,43,Madhya Bindu Municipality,Municipality,14,15
Gandaki Province,Nawalpur,43,Madhya Bindu Municipality,Municipality,15,15
Gandaki Province,Nawalpur,43,Baudikali Rural Municipality,Rural Municipality,1,6
Gandaki Province,Nawalpur,43,Baudikali Rural Municipality,Rural Municipality,2,6
Gandaki Province,Nawalpur,43,Baudikali Rural Municipality,Rural Municipality,3,6
Gandaki Province,Nawalpur,43,Baudikali Rural Municipality,Rural Municipality,4,6
Gandaki Province,Nawalpur,43,Baudikali Rural Municipality,Rural Municipality,5,6
Gandaki Province,Nawalpur,43,Baudikali Rural Municipality,Rural Municipality,6,6
Gandaki Province,Nawalpur,43,Bulingtar Rural Municipality,Rural Municipality,1,6
Gandaki Province,Nawalpur,43,Bulingtar Rural Municipality,Rural Municipality,2,6
Gandaki Province,Nawalpur,43,Bulingtar Rural Municipality,Rural Municipality,3,6
Gandaki Province,Nawalpur,43,Bulingtar Rural Municipality,Rural Municipality,4,6
Gandaki Province,Nawalpur,43,Bulingtar Rural Municipality,Rural Municipality,5,6
Gandaki Province,Nawalpur,43,Bulingtar Rural Municipality,Rural Municipality,6,6
Gandaki Province,Nawalpur,43,Binayi Tribeni Rural Municipality,Rural Municipality,1,7
Gandaki Province,Nawalpur,43,Binayi Tribeni Rural Municipality,Rural Municipality,2,7
Gandaki Province,Nawalpur,43,Binayi Tribeni Rural Municipality,Rural Municipality,3,7
Gandaki Province,Nawalpur,43,Binayi Tribeni Rural Municipality,Rural Municipality,4,7
Gandaki Province,Nawalpur,43,Binayi Tribeni Rural Municipality,Rural Municipality,5,7
Gandaki Province,Nawalpur,43,Binayi Tribeni Rural Municipality,Rural Municipality,6,7
Gandaki Province,Nawalpur,43,Binayi Tribeni Rural Municipality,Rural Municipality,7,7
Gandaki Province,Nawalpur,43,Hupsekot Rural Municipality,Rural Municipality,1,6
Gandaki Province,Nawalpur,43,Hupsekot Rural Municipality,Rural Municipality,2,6
Gandaki Province,Nawalpur,43,Hupsekot Rural Municipality,Rural Municipality,3,6
Gandaki Province,Nawalpur,43,Hupsekot Rural Municipality,Rural Municipality,4,6
Gandaki Province,Nawalpur,43,Hupsekot Rural Municipality,Rural Municipality,5,6
Gandaki Province,Nawalpur,43,Hupsekot Rural Municipality,Rural Municipality,6,6
Gandaki Province,Parwat,44,Kushma Municipality,Municipality,1,14
Gandaki Province,Parwat,44,Kushma Municipality,Municipality,2,14
Gandaki Province,Parwat,44,Kushma Municipality,Municipality,3,14
Gandaki Province,Parwat,44,Kushma Municipality,Municipality,4,14
Gandaki Province,Parwat,44,Kushma Municipality,Municipality,5,14
Gandaki Province,Parwat,44,Kushma Municipality,Municipality,6,14
Gandaki Province,Parwat,44,Kushma Municipality,Municipality,7,14
Gandaki Province,Parwat,44,Kushma Municipality,Municipality,8,14
Gandaki Province,Parwat,44,Kushma Municipality,Municipality,9,14
Gandaki Province,Parwat,44,Kushma Municipality,Municipality,10,14
Gandaki Province,Parwat,44,Kushma Municipality,Municipality,11,14
Gandaki Province,Parwat,44,Kushma Municipality,Municipality,12,14
Gandaki Province,Parwat,44,Kushma Municipality,Municipality,13,14
Gandaki Province,Parwat,44,Kushma Municipality,Municipality,14,14
Gandaki Province,Parwat,44,Phalewas Municipality,Municipality,1,11
Gandaki Province,Parwat,44,Phalewas Municipality,Municipality,2,11
Gandaki Province,Parwat,44,Phalewas Municipality,Municipality,3,11
Gandaki Province,Parwat,44,Phalewas Municipality,Municipality,4,11
Gandaki Province,Parwat,44,Phalewas Municipality,Municipality,5,11
Gandaki Province,Parwat,44,Phalewas Municipality,Municipality,6,11
Gandaki Province,Parwat,44,Phalewas Municipality,Municipality,7,11
Gandaki Province,Parwat,44,Phalewas Municipality,Municipality,8,11
Gandaki Province,Parwat,44,Phalewas Municipality,Municipality,9,11
Gandaki Province,Parwat,44,Phalewas Municipality,Municipality,10,11
Gandaki Province,Parwat,44,Phalewas Municipality,Municipality,11,11
Gandaki Province,Parwat,44,Jaljala Rural Municipality,Rural Municipality,1,9
Gandaki Province,Parwat,44,Jaljala Rural Municipality,Rural Municipality,2,9
Gandaki Province,Parwat,44,Jaljala Rural Municipality,Rural Municipality,3,9
Gandaki Province,Parwat,44,Jaljala Rural Municipality,Rural Municipality,4,9
Gandaki Province,Parwat,44,Jaljala Rural Municipality,Rural Municipality,5,9
Gandaki Province,Parwat,44,Jaljala Rural Municipality,Rural Municipality,6,9
Gandaki Province,Parwat,44,Jaljala Rural Municipality,Rural Municipality,7,9
Gandaki Province,Parwat,44,Jaljala Rural Municipality,Rural Municipality,8,9
Gandaki Province,Parwat,44,Jaljala Rural Municipality,Rural Municipality,9,9
Gandaki Province,Parwat,44,Paiyun Rural Municipality,Rural Municipality,1,7
Gandaki Province,Parwat,44,Paiyun Rural Municipality,Rural Municipality,2,7
Gandaki Province,Parwat,44,Paiyun Rural Municipality,Rural Municipality,3,7
Gandaki Province,Parwat,44,Paiyun Rural Municipality,Rural Municipality,4,7
Gandaki Province,Parwat,44,Paiyun Rural Municipality,Rural Municipality,5,7
Gandaki Province,Parwat,44,Paiyun Rural Municipality,Rural Municipality,6,7
Gandaki Province,Parwat,44,Paiyun Rural Municipality,Rural Municipality,7,7
Gandaki Province,Parwat,44,Mahashila Rural Municipality,Rural Municipality,1,6
Gandaki Province,Parwat,44,Mahashila Rural Municipality,Rural Municipality,2,6
Gandaki Province,Parwat,44,Mahashila Rural Municipality,Rural Municipality,3,6
Gandaki Province,Parwat,44,Mahashila Rural Municipality,Rural Municipality,4,6
Gandaki Province,Parwat,44,Mahashila Rural Municipality,Rural Municipality,5,6
Gandaki Province,Parwat,44,Mahashila Rural Municipality,Rural Municipality,6,6
Gandaki Province,Parwat,44,Modi Rural Municipality,Rural Municipality,1,8
Gandaki Province,Parwat,44,Modi Rural Municipality,Rural Municipality,2,8
Gandaki Province,Parwat,44,Modi Rural Municipality,Rural Municipality,3,8
Gandaki Province,Parwat,44,Modi Rural Municipality,Rural Municipality,4,8
Gandaki Province,Parwat,44,Modi Rural Municipality,Rural Municipality,5,8
Gandaki Province,Parwat,44,Modi Rural Municipality,Rural Municipality,6,8
Gandaki Province,Parwat,44,Modi Rural Municipality,Rural Municipality,7,8
Gandaki Province,Parwat,44,Modi Rural Municipality,Rural Municipality,8,8
Gandaki Province,Parwat,44,Bihadi Rural Municipality,Rural Municipality,1,6
Gandaki Province,Parwat,44,Bihadi Rural Municipality,Rural Municipality,2,6
Gandaki Province,Parwat,44,Bihadi Rural Municipality,Rural Municipality,3,6
Gandaki Province,Parwat,44,Bihadi Rural Municipality,Rural Municipality,4,6
Gandaki Province,Parwat,44,Bihadi Rural Municipality,Rural Municipality,5,6
Gandaki Province,Parwat,44,Bihadi Rural Municipality,Rural Municipality,6,6
Gandaki Province,Syangja,45,Galyang Municipality,Municipality,1,11
Gandaki Province,Syangja,45,Galyang Municipality,Municipality,2,11
Gandaki Province,Syangja,45,Galyang Municipality,Municipality,3,11
Gandaki Province,Syangja,45,Galyang Municipality,Municipality,4,11
Gandaki Province,Syangja,45,Galyang Municipality,Municipality,5,11
Gandaki Province,Syangja,45,Galyang Municipality,Municipality,6,11
Gandaki Province,Syangja,45,Galyang Municipality,Municipality,7,11
Gandaki Province,Syangja,45,Galyang Municipality,Municipality,8,11
Gandaki Province,Syangja,45,Galyang Municipality,Municipality,9,11
Gandaki Province,Syangja,45,Galyang Municipality,Municipality,10,11
Gandaki Province,Syangja,45,Galyang Municipality,Municipality,11,11
Gandaki Province,Syangja,45,Chapakot Municipality,Municipality,1,10
Gandaki Province,Syangja,45,Chapakot Municipality,Municipality,2,10
Gandaki Province,Syangja,45,Chapakot Municipality,Municipality,3,10
Gandaki Province,Syangja,45,Chapakot Municipality,Municipality,4,10
Gandaki Province,Syangja,45,Chapakot Municipality,Municipality,5,10
Gandaki Province,Syangja,45,Chapakot Municipality,Municipality,6,10
Gandaki Province,Syangja,45,Chapakot Municipality,Municipality,7,10
Gandaki Province,Syangja,45,Chapakot Municipality,Municipality,8,10
Gandaki Province,Syangja,45,Chapakot Municipality,Municipality,9,10
Gandaki Province,Syangja,45,Chapakot Municipality,Municipality,10,10
Gandaki Province,Syangja,45,Putalibazar Municipality,Municipality,1,14
Gandaki Province,Syangja,45,Putalibazar Municipality,Municipality,2,14
Gandaki Province,Syangja,45,Putalibazar Municipality,Municipality,3,14
Gandaki Province,Syangja,45,Putalibazar Municipality,Municipality,4,14
Gandaki Province,Syangja,45,Putalibazar Municipality,Municipality,5,14
Gandaki Province,Syangja,45,Putalibazar Municipality,Municipality,6,14
Gandaki Province,Syangja,45,Putalibazar Municipality,Municipality,7,14
Gandaki Province,Syangja,45,Putalibazar Municipality,Municipality,8,14
Gandaki Province,Syangja,45,Putalibazar Municipality,Municipality,9,14
Gandaki Province,Syangja,45,Putalibazar Municipality,Municipality,10,14
Gandaki Province,Syangja,45,Putalibazar Municipality,Municipality,11,14
Gandaki Province,Syangja,45,Putalibazar Municipality,Municipality,12,14
Gandaki Province,Syangja,45,Putalibazar Municipality,Municipality,13,14
Gandaki Province,Syangja,45,Putalibazar Municipality,Municipality,14,14
Gandaki Province,Syangja,45,Bheerkot Municipality,Municipality,1,9
Gandaki Province,Syangja,45,Bheerkot Municipality,Municipality,2,9
Gandaki Province,Syangja,45,Bheerkot Municipality,Municipality,3,9
Gandaki Province,Syangja,45,Bheerkot Municipality,Municipality,4,9
Gandaki Province,Syangja,45,Bheerkot Municipality,Municipality,5,9
Gandaki Province,Syangja,45,Bheerkot Municipality,Municipality,6,9
Gandaki Province,Syangja,45,Bheerkot Municipality,Municipality,7,9
Gandaki Province,Syangja,45,Bheerkot Municipality,Municipality,8,9
Gandaki Province,Syangja,45,Bheerkot Municipality,Municipality,9,9
Gandaki Province,Syangja,45,Waling Municipality,Municipality,1,14
Gandaki Province,Syangja,45,Waling Municipality,Municipality,2,14
Gandaki Province,Syangja,45,Waling Municipality,Municipality,3,14
Gandaki Province,Syangja,45,Waling Municipality,Municipality,4,14
Gandaki Province,Syangja,45,Waling Municipality,Municipality,5,14
Gandaki Province,Syangja,45,Waling Municipality,Municipality,6,14
Gandaki Province,Syangja,45,Waling Municipality,Municipality,7,14
Gandaki Province,Syangja,45,Waling Municipality,Municipality,8,14
Gandaki Province,Syangja,45,Waling Municipality,Municipality,9,14
Gandaki Province,Syangja,45,Waling Municipality,Municipality,10,14
Gandaki Province,Syangja,45,Waling Municipality,Municipality,11,14
Gandaki Province,Syangja,45,Waling Municipality,Municipality,12,14
Gandaki Province,Syangja,45,Waling Municipality,Municipality,13,14
Gandaki Province,Syangja,45,Waling Municipality,Municipality,14,14
Gandaki Province,Syangja,45,Arjun Chaupari Rural Municipality,Rural Municipality,1,6
Gandaki Province,Syangja,45,Arjun Chaupari Rural Municipality,Rural Municipality,2,6
Gandaki Province,Syangja,45,Arjun Chaupari Rural Municipality,Rural Municipality,3,6
Gandaki Province,Syangja,45,Arjun Chaupari Rural Municipality,Rural Municipality,4,6
Gandaki Province,Syangja,45,Arjun Chaupari Rural Municipality,Rural Municipality,5,6
Gandaki Province,Syangja,45,Arjun Chaupari Rural Municipality,Rural Municipality,6,6
Gandaki Province,Syangja,45,Aandhikhola Rural Municipality,Rural Municipality,1,6
Gandaki Province,Syangja,45,Aandhikhola Rural Municipality,Rural Municipality,2,6
Gandaki Province,Syangja,45,Aandhikhola Rural Municipality,Rural Municipality,3,6
Gandaki Province,Syangja,45,Aandhikhola Rural Municipality,Rural Municipality,4,6
Gandaki Province,Syangja,45,Aandhikhola Rural Municipality,Rural Municipality,5,6
Gandaki Province,Syangja,45,Aandhikhola Rural Municipality,Rural Municipality,6,6
Gandaki Province,Syangja,45,Kaligandaki Rural Municipality,Rural Municipality,1,7
Gandaki Province,Syangja,45,Kaligandaki Rural Municipality,Rural Municipality,2,7
Gandaki Province,Syangja,45,Kaligandaki Rural Municipality,Rural Municipality,3,7
Gandaki Province,Syangja,45,Kaligandaki Rural Municipality,Rural Municipality,4,7
Gandaki Province,Syangja,45,Kaligandaki Rural Municipality,Rural Municipality,5,7
Gandaki Province,Syangja,45,Kaligandaki Rural Municipality,Rural Municipality,6,7
Gandaki Province,Syangja,45,Kaligandaki Rural Municipality,Rural Municipality,7,7
Gandaki Province,Syangja,45,Phedikhola Rural Municipality,Rural Municipality,1,5
Gandaki Province,Syangja,45,Phedikhola Rural Municipality,Rural Municipality,2,5
Gandaki Province,Syangja,45,Phedikhola Rural Municipality,Rural Municipality,3,5
Gandaki Province,Syangja,45,Phedikhola Rural Municipality,Rural Municipality,4,5
Gandaki Province,Syangja,45,Phedikhola Rural Municipality,Rural Municipality,5,5
Gandaki Province,Syangja,45,Harinas Rural Municipality,Rural Municipality,1,7
Gandaki Province,Syangja,45,Harinas Rural Municipality,Rural Municipality,2,7
Gandaki Province,Syangja,45,Harinas Rural Municipality,Rural Municipality,3,7
Gandaki Province,Syangja,45,Harinas Rural Municipality,Rural Municipality,4,7
Gandaki Province,Syangja,45,Harinas Rural Municipality,Rural Municipality,5,7
Gandaki Province,Syangja,45,Harinas Rural Municipality,Rural Municipality,6,7
Gandaki Province,Syangja,45,Harinas Rural Municipality,Rural Municipality,7,7
Gandaki Province,Syangja,45,Biruwa Rural Municipality,Rural Municipality,1,8
Gandaki Province,Syangja,45,Biruwa Rural Municipality,Rural Municipality,2,8
Gandaki Province,Syangja,45,Biruwa Rural Municipality,Rural Municipality,3,8
Gandaki Province,Syangja,45,Biruwa Rural Municipality,Rural Municipality,4,8
Gandaki Province,Syangja,45,Biruwa Rural Municipality,Rural Municipality,5,8
Gandaki Province,Syangja,45,Biruwa Rural Municipality,Rural Municipality,6,8
Gandaki Province,Syangja,45,Biruwa Rural Municipality,Rural Municipality,7,8
Gandaki Province,Syangja,45,Biruwa Rural Municipality,Rural Municipality,8,8
Gandaki Province,Tanahun,46,Bhanu Municipality,Municipality,1,13
Gandaki Province,Tanahun,46,Bhanu Municipality,Municipality,2,13
Gandaki Province,Tanahun,46,Bhanu Municipality,Municipality,3,13
Gandaki Province,Tanahun,46,Bhanu Municipality,Municipality,4,13
Gandaki Province,Tanahun,46,Bhanu Municipality,Municipality,5,13
Gandaki Province,Tanahun,46,Bhanu Municipality,Municipality,6,13
Gandaki Province,Tanahun,46,Bhanu Municipality,Municipality,7,13
Gandaki Province,Tanahun,46,Bhanu Municipality,Municipality,8,13
Gandaki Province,Tanahun,46,Bhanu Municipality,Municipality,9,13
Gandaki Province,Tanahun,46,Bhanu Municipality,Municipality,10,13
Gandaki Province,Tanahun,46,Bhanu Municipality,Municipality,11,13
Gandaki Province,Tanahun,46,Bhanu Municipality,Municipality,12,13
Gandaki Province,Tanahun,46,Bhanu Municipality,Municipality,13,13
Gandaki Province,Tanahun,46,Bhimad Municipality,Municipality,1,9
Gandaki Province,Tanahun,46,Bhimad Municipality,Municipality,2,9
Gandaki Province,Tanahun,46,Bhimad Municipality,Municipality,3,9
Gandaki Province,Tanahun,46,Bhimad Municipality,Municipality,4,9
Gandaki Province,Tanahun,46,Bhimad Municipality,Municipality,5,9
Gandaki Province,Tanahun,46,Bhimad Municipality,Municipality,6,9
Gandaki Province,Tanahun,46,Bhimad Municipality,Municipality,7,9
Gandaki Province,Tanahun,46,Bhimad Municipality,Municipality,8,9
Gandaki Province,Tanahun,46,Bhimad Municipality,Municipality,9,9
Gandaki Province,Tanahun,46,Byas Municipality,Municipality,1,14
Gandaki Province,Tanahun,46,Byas Municipality,Municipality,2,14
Gandaki Province,Tanahun,46,Byas Municipality,Municipality,3,14
Gandaki Province,Tanahun,46,Byas Municipality,Municipality,4,14
Gandaki Province,Tanahun,46,Byas Municipality,Municipality,5,14
Gandaki Province,Tanahun,46,Byas Municipality,Municipality,6,14
Gandaki Province,Tanahun,46,Byas Municipality,Municipality,7,14
Gandaki Province,Tanahun,46,Byas Municipality,Municipality,8,14
Gandaki Province,Tanahun,46,Byas Municipality,Municipality,9,14
Gandaki Province,Tanahun,46,Byas Municipality,Municipality,10,14
Gandaki Province,Tanahun,46,Byas Municipality,Municipality,11,14
Gandaki Province,Tanahun,46,Byas Municipality,Municipality,12,14
Gandaki Province,Tanahun,46,Byas Municipality,Municipality,13,14
Gandaki Province,Tanahun,46,Byas Municipality,Municipality,14,14
Gandaki Province,Tanahun,46,Suklagandaki Municipality,Municipality,1,12
Gandaki Province,Tanahun,46,Suklagandaki Municipality,Municipality,2,12
Gandaki Province,Tanahun,46,Suklagandaki Municipality,Municipality,3,12
Gandaki Province,Tanahun,46,Suklagandaki Municipality,Municipality,4,12
Gandaki Province,Tanahun,46,Suklagandaki Municipality,Municipality,5,12
Gandaki Province,Tanahun,46,Suklagandaki Municipality,Municipality,6,12
Gandaki Province,Tanahun,46,Suklagandaki Municipality,Municipality,7,12
Gandaki Province,Tanahun,46,Suklagandaki Municipality,Municipality,8,12
Gandaki Province,Tanahun,46,Suklagandaki Municipality,Municipality,9,12
Gandaki Province,Tanahun,46,Suklagandaki Municipality,Municipality,10,12
Gandaki Province,Tanahun,46,Suklagandaki Municipality,Municipality,11,12
Gandaki Province,Tanahun,46,Suklagandaki Municipality,Municipality,12,12
Gandaki Province,Tanahun,46,AnbuKhaireni Rural Municipality,Rural Municipality,1,6
Gandaki Province,Tanahun,46,AnbuKhaireni Rural Municipality,Rural Municipality,2,6
Gandaki Province,Tanahun,46,AnbuKhaireni Rural Municipality,Rural Municipality,3,6
Gandaki Province,Tanahun,46,AnbuKhaireni Rural Municipality,Rural Municipality,4,6
Gandaki Province,Tanahun,46,AnbuKhaireni Rural Municipality,Rural Municipality,5,6
Gandaki Province,Tanahun,46,AnbuKhaireni Rural Municipality,Rural Municipality,6,6
Gandaki Province,Tanahun,46,Devghat Rural Municipality,Rural Municipality,1,5
Gandaki Province,Tanahun,46,Devghat Rural Municipality,Rural Municipality,2,5
Gandaki Province,Tanahun,46,Devghat Rural Municipality,Rural Municipality,3,5
Gandaki Province,Tanahun,46,Devghat Rural Municipality,Rural Municipality,4,5
Gandaki Province,Tanahun,46,Devghat Rural Municipality,Rural Municipality,5,5
Gandaki Province,Tanahun,46,Bandipur Rural Municipality,Rural Municipality,1,6
Gandaki Province,Tanahun,46,Bandipur Rural Municipality,Rural Municipality,2,6
Gandaki Province,Tanahun,46,Bandipur Rural Municipality,Rural Municipality,3,6
Gandaki Province,Tanahun,46,Bandipur Rural Municipality,Rural Municipality,4,6
Gandaki Province,Tanahun,46,Bandipur Rural Municipality,Rural Municipality,5,6
Gandaki Province,Tanahun,46,Bandipur Rural Municipality,Rural Municipality,6,6
Gandaki Province,Tanahun,46,Rishing Rural Municipality,Rural Municipality,1,8
Gandaki Province,Tanahun,46,Rishing Rural Municipality,Rural Municipality,2,8
Gandaki Province,Tanahun,46,Rishing Rural Municipality,Rural Municipality,3,8
Gandaki Province,Tanahun,46,Rishing Rural Municipality,Rural Municipality,4,8
Gandaki Province,Tanahun,46,Rishing Rural Municipality,Rural Municipality,5,8
Gandaki Province,Tanahun,46,Rishing Rural Municipality,Rural Municipality,6,8
Gandaki Province,Tanahun,46,Rishing Rural Municipality,Rural Municipality,7,8
Gandaki Province,Tanahun,46,Rishing Rural Municipality,Rural Municipality,8,8
Gandaki Province,Tanahun,46,Ghiring Rural Municipality,Rural Municipality,1,5
Gandaki Province,Tanahun,46,Ghiring Rural Municipality,Rural Municipality,2,5
Gandaki Province,Tanahun,46,Ghiring Rural Municipality,Rural Municipality,3,5
Gandaki Province,Tanahun,46,Ghiring Rural Municipality,Rural Municipality,4,5
Gandaki Province,Tanahun,46,Ghiring Rural Municipality,Rural Municipality,5,5
Gandaki Province,Tanahun,46,Myagde Rural Municipality,Rural Municipality,1,7
Gandaki Province,Tanahun,46,Myagde Rural Municipality,Rural Municipality,2,7
Gandaki Province,Tanahun,46,Myagde Rural Municipality,Rural Municipality,3,7
Gandaki Province,Tanahun,46,Myagde Rural Municipality,Rural Municipality,4,7
Gandaki Province,Tanahun,46,Myagde Rural Municipality,Rural Municipality,5,7
Gandaki Province,Tanahun,46,Myagde Rural Municipality,Rural Municipality,6,7
Gandaki Province,Tanahun,46,Myagde Rural Municipality,Rural Municipality,7,7
Lumbini Province,Kapilvastu,47,Kapilvastu Municipality,Municipality,1,12
Lumbini Province,Kapilvastu,47,Kapilvastu Municipality,Municipality,2,12
Lumbini Province,Kapilvastu,47,Kapilvastu Municipality,Municipality,3,12
Lumbini Province,Kapilvastu,47,Kapilvastu Municipality,Municipality,4,12
Lumbini Province,Kapilvastu,47,Kapilvastu Municipality,Municipality,5,12
Lumbini Province,Kapilvastu,47,Kapilvastu Municipality,Municipality,6,12
Lumbini Province,Kapilvastu,47,Kapilvastu Municipality,Municipality,7,12
Lumbini Province,Kapilvastu,47,Kapilvastu Municipality,Municipality,8,12
Lumbini Province,Kapilvastu,47,Kapilvastu Municipality,Municipality,9,12
Lumbini Province,Kapilvastu,47,Kapilvastu Municipality,Municipality,10,12
Lumbini Province,Kapilvastu,47,Kapilvastu Municipality,Municipality,11,12
Lumbini Province,Kapilvastu,47,Kapilvastu Municipality,Municipality,12,12
Lumbini Province,Kapilvastu,47,Banganga Municipality,Municipality,1,11
Lumbini Province,Kapilvastu,47,Banganga Municipality,Municipality,2,11
Lumbini Province,Kapilvastu,47,Banganga Municipality,Municipality,3,11
Lumbini Province,Kapilvastu,47,Banganga Municipality,Municipality,4,11
Lumbini Province,Kapilvastu,47,Banganga Municipality,Municipality,5,11
Lumbini Province,Kapilvastu,47,Banganga Municipality,Municipality,6,11
Lumbini Province,Kapilvastu,47,Banganga Municipality,Municipality,7,11
Lumbini Province,Kapilvastu,47,Banganga Municipality,Municipality,8,11
Lumbini Province,Kapilvastu,47,Banganga Municipality,Municipality,9,11
Lumbini Province,Kapilvastu,47,Banganga Municipality,Municipality,10,11
Lumbini Province,Kapilvastu,47,Banganga Municipality,Municipality,11,11
Lumbini Province,Kapilvastu,47,Buddhabhumi Municipality,Municipality,1,10
Lumbini Province,Kapilvastu,47,Buddhabhumi Municipality,Municipality,2,10
Lumbini Province,Kapilvastu,47,Buddhabhumi Municipality,Municipality,3,10
Lumbini Province,Kapilvastu,47,Buddhabhumi Municipality,Municipality,4,10
Lumbini Province,Kapilvastu,47,Buddhabhumi Municipality,Municipality,5,10
Lumbini Province,Kapilvastu,47,Buddhabhumi Municipality,Municipality,6,10
Lumbini Province,Kapilvastu,47,Buddhabhumi Municipality,Municipality,7,10
Lumbini Province,Kapilvastu,47,Buddhabhumi Municipality,Municipality,8,10
Lumbini Province,Kapilvastu,47,Buddhabhumi Municipality,Municipality,9,10
Lumbini Province,Kapilvastu,47,Buddhabhumi Municipality,Municipality,10,10
Lumbini Province,Kapilvastu,47,Shivaraj Municipality,Municipality,1,11
Lumbini Province,Kapilvastu,47,Shivaraj Municipality,Municipality,2,11
Lumbini Province,Kapilvastu,47,Shivaraj Municipality,Municipality,3,11
Lumbini Province,Kapilvastu,47,Shivaraj Municipality,Municipality,4,11
Lumbini Province,Kapilvastu,47,Shivaraj Municipality,Municipality,5,11
Lumbini Province,Kapilvastu,47,Shivaraj Municipality,Municipality,6,11
Lumbini Province,Kapilvastu,47,Shivaraj Municipality,Municipality,7,11
Lumbini Province,Kapilvastu,47,Shivaraj Municipality,Municipality,8,11
Lumbini Province,Kapilvastu,47,Shivaraj Municipality,Municipality,9,11
Lumbini Province,Kapilvastu,47,Shivaraj Municipality,Municipality,10,11
Lumbini Province,Kapilvastu,47,Shivaraj Municipality,Municipality,11,11
Lumbini Province,Kapilvastu,47,Krishnanagar Municipality,Municipality,1,12
Lumbini Province,Kapilvastu,47,Krishnanagar Municipality,Municipality,2,12
Lumbini Province,Kapilvastu,47,Krishnanagar Municipality,Municipality,3,12
Lumbini Province,Kapilvastu,47,Krishnanagar Municipality,Municipality,4,12
Lumbini Province,Kapilvastu,47,Krishnanagar Municipality,Municipality,5,12
Lumbini Province,Kapilvastu,47,Krishnanagar Municipality,Municipality,6,12
Lumbini Province,Kapilvastu,47,Krishnanagar Municipality,Municipality,7,12
Lumbini Province,Kapilvastu,47,Krishnanagar Municipality,Municipality,8,12
Lumbini Province,Kapilvastu,47,Krishnanagar Municipality,Municipality,9,12
Lumbini Province,Kapilvastu,47,Krishnanagar Municipality,Municipality,10,12
Lumbini Province,Kapilvastu,47,Krishnanagar Municipality,Municipality,11,12
Lumbini Province,Kapilvastu,47,Krishnanagar Municipality,Municipality,12,12
Lumbini Province,Kapilvastu,47,Maharajgunj Municipality,Municipality,1,11
Lumbini Province,Kapilvastu,47,Maharajgunj Municipality,Municipality,2,11
Lumbini Province,Kapilvastu,47,Maharajgunj Municipality,Municipality,3,11
Lumbini Province,Kapilvastu,47,Maharajgunj Municipality,Municipality,4,11
Lumbini Province,Kapilvastu,47,Maharajgunj Municipality,Municipality,5,11
Lumbini Province,Kapilvastu,47,Maharajgunj Municipality,Municipality,6,11
Lumbini Province,Kapilvastu,47,Maharajgunj Municipality,Municipality,7,11
Lumbini Province,Kapilvastu,47,Maharajgunj Municipality,Municipality,8,11
Lumbini Province,Kapilvastu,47,Maharajgunj Municipality,Municipality,9,11
Lumbini Province,Kapilvastu,47,Maharajgunj Municipality,Municipality,10,11
Lumbini Province,Kapilvastu,47,Maharajgunj Municipality,Municipality,11,11
Lumbini Province,Kapilvastu,47,Mayadevi Rural Municipality,Rural Municipality,1,8
Lumbini Province,Kapilvastu,47,Mayadevi Rural Municipality,Rural Municipality,2,8
Lumbini Province,Kapilvastu,47,Mayadevi Rural Municipality,Rural Municipality,3,8
Lumbini Province,Kapilvastu,47,Mayadevi Rural Municipality,Rural Municipality,4,8
Lumbini Province,Kapilvastu,47,Mayadevi Rural Municipality,Rural Municipality,5,8
Lumbini Province,Kapilvastu,47,Mayadevi Rural Municipality,Rural Municipality,6,8
Lumbini Province,Kapilvastu,47,Mayadevi Rural Municipality,Rural Municipality,7,8
Lumbini Province,Kapilvastu,47,Mayadevi Rural Municipality,Rural Municipality,8,8
Lumbini Province,Kapilvastu,47,Yashodhara Rural Municipality,Rural Municipality,1,8
Lumbini Province,Kapilvastu,47,Yashodhara Rural Municipality,Rural Municipality,2,8
Lumbini Province,Kapilvastu,47,Yashodhara Rural Municipality,Rural Municipality,3,8
Lumbini Province,Kapilvastu,47,Yashodhara Rural Municipality,Rural Municipality,4,8
Lumbini Province,Kapilvastu,47,Yashodhara Rural Municipality,Rural Municipality,5,8
Lumbini Province,Kapilvastu,47,Yashodhara Rural Municipality,Rural Municipality,6,8
Lumbini Province,Kapilvastu,47,Yashodhara Rural Municipality,Rural Municipality,7,8
Lumbini Province,Kapilvastu,47,Yashodhara Rural Municipality,Rural Municipality,8,8
Lumbini Province,Kapilvastu,47,Suddhodan Rural Municipality,Rural Municipality,1,6
Lumbini Province,Kapilvastu,47,Suddhodan Rural Municipality,Rural Municipality,2,6
Lumbini Province,Kapilvastu,47,Suddhodan Rural Municipality,Rural Municipality,3,6
Lumbini Province,Kapilvastu,47,Suddhodan Rural Municipality,Rural Municipality,4,6
Lumbini Province,Kapilvastu,47,Suddhodan Rural Municipality,Rural Municipality,5,6
Lumbini Province,Kapilvastu,47,Suddhodan Rural Municipality,Rural Municipality,6,6
Lumbini Province,Kapilvastu,47,Bijaynagar Rural Municipality,Rural Municipality,1,7
Lumbini Province,Kapilvastu,47,Bijaynagar Rural Municipality,Rural Municipality,2,7
Lumbini Province,Kapilvastu,47,Bijaynagar Rural Municipality,Rural Municipality,3,7
Lumbini Province,Kapilvastu,47,Bijaynagar Rural Municipality,Rural Municipality,4,7
Lumbini Province,Kapilvastu,47,Bijaynagar Rural Municipality,Rural Municipality,5,7
Lumbini Province,Kapilvastu,47,Bijaynagar Rural Municipality,Rural Municipality,6,7
Lumbini Province,Kapilvastu,47,Bijaynagar Rural Municipality,Rural Municipality,7,7
Lumbini Province,Parasi,48,Bardaghat Municipality,Municipality,1,16
Lumbini Province,Parasi,48,Bardaghat Municipality,Municipality,2,16
Lumbini Province,Parasi,48,Bardaghat Municipality,Municipality,3,16
Lumbini Province,Parasi,48,Bardaghat Municipality,Municipality,4,16
Lumbini Province,Parasi,48,Bardaghat Municipality,Municipality,5,16
Lumbini Province,Parasi,48,Bardaghat Municipality,Municipality,6,16
Lumbini Province,Parasi,48,Bardaghat Municipality,Municipality,7,16
Lumbini Province,Parasi,48,Bardaghat Municipality,Municipality,8,16
Lumbini Province,Parasi,48,Bardaghat Municipality,Municipality,9,16
Lumbini Province,Parasi,48,Bardaghat Municipality,Municipality,10,16
Lumbini Province,Parasi,48,Bardaghat Municipality,Municipality,11,16
Lumbini Province,Parasi,48,Bardaghat Municipality,Municipality,12,16
Lumbini Province,Parasi,48,Bardaghat Municipality,Municipality,13,16
Lumbini Province,Parasi,48,Bardaghat Municipality,Municipality,14,16
Lumbini Province,Parasi,48,Bardaghat Municipality,Municipality,15,16
Lumbini Province,Parasi,48,Bardaghat Municipality,Municipality,16,16
Lumbini Province,Parasi,48,Ramgram Municipality,Municipality,1,18
Lumbini Province,Parasi,48,Ramgram Municipality,Municipality,2,18
Lumbini Province,Parasi,48,Ramgram Municipality,Municipality,3,18
Lumbini Province,Parasi,48,Ramgram Municipality,Municipality,4,18
Lumbini Province,Parasi,48,Ramgram Municipality,Municipality,5,18
Lumbini Province,Parasi,48,Ramgram Municipality,Municipality,6,18
Lumbini Province,Parasi,48,Ramgram Municipality,Municipality,7,18
Lumbini Province,Parasi,48,Ramgram Municipality,Municipality,8,18
Lumbini Province,Parasi,48,Ramgram Municipality,Municipality,9,18
Lumbini Province,Parasi,48,Ramgram Municipality,Municipality,10,18
Lumbini Province,Parasi,48,Ramgram Municipality,Municipality,11,18
Lumbini Province,Parasi,48,Ramgram Municipality,Municipality,12,18
Lumbini Province,Parasi,48,Ramgram Municipality,Municipality,13,18
Lumbini Province,Parasi,48,Ramgram Municipality,Municipality,14,18
Lumbini Province,Parasi,48,Ramgram Municipality,Municipality,15,18
Lumbini Province,Parasi,48,Ramgram Municipality,Municipality,16,18
Lumbini Province,Parasi,48,Ramgram Municipality,Municipality,17,18
Lumbini Province,Parasi,48,Ramgram Municipality,Municipality,18,18
Lumbini Province,Parasi,48,Sunwal Municipality,Municipality,1,13
Lumbini Province,Parasi,48,Sunwal Municipality,Municipality,2,13
Lumbini Province,Parasi,48,Sunwal Municipality,Municipality,3,13
Lumbini Province,Parasi,48,Sunwal Municipality,Municipality,4,13
Lumbini Province,Parasi,48,Sunwal Municipality,Municipality,5,13
Lumbini Province,Parasi,48,Sunwal Municipality,Municipality,6,13
Lumbini Province,Parasi,48,Sunwal Municipality,Municipality,7,13
Lumbini Province,Parasi,48,Sunwal Municipality,Municipality,8,13
Lumbini Province,Parasi,48,Sunwal Municipality,Municipality,9,13
Lumbini Province,Parasi,48,Sunwal Municipality,Municipality,10,13
Lumbini Province,Parasi,48,Sunwal Municipality,Municipality,11,13
Lumbini Province,Parasi,48,Sunwal Municipality,Municipality,12,13
Lumbini Province,Parasi,48,Sunwal Municipality,Municipality,13,13
Lumbini Province,Parasi,48,Susta Rural Municipality,Rural Municipality,1,5
Lumbini Province,Parasi,48,Susta Rural Municipality,Rural Municipality,2,5
Lumbini Province,Parasi,48,Susta Rural Municipality,Rural Municipality,3,5
Lumbini Province,Parasi,48,Susta Rural Municipality,Rural Municipality,4,5
Lumbini Province,Parasi,48,Susta Rural Municipality,Rural Municipality,5,5
Lumbini Province,Parasi,48,Palhi Nandan Rural Municipality,Rural Municipality,1,6
Lumbini Province,Parasi,48,Palhi Nandan Rural Municipality,Rural Municipality,2,6
Lumbini Province,Parasi,48,Palhi Nandan Rural Municipality,Rural Municipality,3,6
Lumbini Province,Parasi,48,Palhi Nandan Rural Municipality,Rural Municipality,4,6
Lumbini Province,Parasi,48,Palhi Nandan Rural Municipality,Rural Municipality,5,6
Lumbini Province,Parasi,48,Palhi Nandan Rural Municipality,Rural Municipality,6,6
Lumbini Province,Parasi,48,Pratappur Rural Municipality,Rural Municipality,1,9
Lumbini Province,Parasi,48,Pratappur Rural Municipality,Rural Municipality,2,9
Lumbini Province,Parasi,48,Pratappur Rural Municipality,Rural Municipality,3,9
Lumbini Province,Parasi,48,Pratappur Rural Municipality,Rural Municipality,4,9
Lumbini Province,Parasi,48,Pratappur Rural Municipality,Rural Municipality,5,9
Lumbini Province,Parasi,48,Pratappur Rural Municipality,Rural Municipality,6,9
Lumbini Province,Parasi,48,Pratappur Rural Municipality,Rural Municipality,7,9
Lumbini Province,Parasi,48,Pratappur Rural Municipality,Rural Municipality,8,9
Lumbini Province,Parasi,48,Pratappur Rural Municipality,Rural Municipality,9,9
Lumbini Province,Parasi,48,Sarawal Rural Municipality,Rural Municipality,1,7
Lumbini Province,Parasi,48,Sarawal Rural Municipality,Rural Municipality,2,7
Lumbini Province,Parasi,48,Sarawal Rural Municipality,Rural Municipality,3,7
Lumbini Province,Parasi,48,Sarawal Rural Municipality,Rural Municipality,4,7
Lumbini Province,Parasi,48,Sarawal Rural Municipality,Rural Municipality,5,7
Lumbini Province,Parasi,48,Sarawal Rural Municipality,Rural Municipality,6,7
Lumbini Province,Parasi,48,Sarawal Rural Municipality,Rural Municipality,7,7
Lumbini Province,Rupandehi,49,Butwal Sub-Metropolitan City,Sub-Metropolitan City,1,19
Lumbini Province,Rupandehi,49,Butwal Sub-Metropolitan City,Sub-Metropolitan City,2,19
Lumbini Province,Rupandehi,49,Butwal Sub-Metropolitan City,Sub-Metropolitan City,3,19
Lumbini Province,Rupandehi,49,Butwal Sub-Metropolitan City,Sub-Metropolitan City,4,19
Lumbini Province,Rupandehi,49,Butwal Sub-Metropolitan City,Sub-Metropolitan City,5,19
Lumbini Province,Rupandehi,49,Butwal Sub-Metropolitan City,Sub-Metropolitan City,6,19
Lumbini Province,Rupandehi,49,Butwal Sub-Metropolitan City,Sub-Metropolitan City,7,19
Lumbini Province,Rupandehi,49,Butwal Sub-Metropolitan City,Sub-Metropolitan City,8,19
Lumbini Province,Rupandehi,49,Butwal Sub-Metropolitan City,Sub-Metropolitan City,9,19
Lumbini Province,Rupandehi,49,Butwal Sub-Metropolitan City,Sub-Metropolitan City,10,19
Lumbini Province,Rupandehi,49,Butwal Sub-Metropolitan City,Sub-Metropolitan City,11,19
Lumbini Province,Rupandehi,49,Butwal Sub-Metropolitan City,Sub-Metropolitan City,12,19
Lumbini Province,Rupandehi,49,Butwal Sub-Metropolitan City,Sub-Metropolitan City,13,19
Lumbini Province,Rupandehi,49,Butwal Sub-Metropolitan City,Sub-Metropolitan City,14,19
Lumbini Province,Rupandehi,49,Butwal Sub-Metropolitan City,Sub-Metropolitan City,15,19
Lumbini Province,Rupandehi,49,Butwal Sub-Metropolitan City,Sub-Metropolitan City,16,19
Lumbini Province,Rupandehi,49,Butwal Sub-Metropolitan City,Sub-Metropolitan City,17,19
Lumbini Province,Rupandehi,49,Butwal Sub-Metropolitan City,Sub-Metropolitan City,18,19
Lumbini Province,Rupandehi,49,Butwal Sub-Metropolitan City,Sub-Metropolitan City,19,19
Lumbini Province,Rupandehi,49,Devdaha Municipality,Municipality,1,12
Lumbini Province,Rupandehi,49,Devdaha Municipality,Municipality,2,12
Lumbini Province,Rupandehi,49,Devdaha Municipality,Municipality,3,12
Lumbini Province,Rupandehi,49,Devdaha Municipality,Municipality,4,12
Lumbini Province,Rupandehi,49,Devdaha Municipality,Municipality,5,12
Lumbini Province,Rupandehi,49,Devdaha Municipality,Municipality,6,12
Lumbini Province,Rupandehi,49,Devdaha Municipality,Municipality,7,12
Lumbini Province,Rupandehi,49,Devdaha Municipality,Municipality,8,12
Lumbini Province,Rupandehi,49,Devdaha Municipality,Municipality,9,12
Lumbini Province,Rupandehi,49,Devdaha Municipality,Municipality,10,12
Lumbini Province,Rupandehi,49,Devdaha Municipality,Municipality,11,12
Lumbini Province,Rupandehi,49,Devdaha Municipality,Municipality,12,12
Lumbini Province,Rupandehi,49,Lumbini Sanskritik Municipality,Municipality,1,13
Lumbini Province,Rupandehi,49,Lumbini Sanskritik Municipality,Municipality,2,13
Lumbini Province,Rupandehi,49,Lumbini Sanskritik Municipality,Municipality,3,13
Lumbini Province,Rupandehi,49,Lumbini Sanskritik Municipality,Municipality,4,13
Lumbini Province,Rupandehi,49,Lumbini Sanskritik Municipality,Municipality,5,13
Lumbini Province,Rupandehi,49,Lumbini Sanskritik Municipality,Municipality,6,13
Lumbini Province,Rupandehi,49,Lumbini Sanskritik Municipality,Municipality,7,13
Lumbini Province,Rupandehi,49,Lumbini Sanskritik Municipality,Municipality,8,13
Lumbini Province,Rupandehi,49,Lumbini Sanskritik Municipality,Municipality,9,13
Lumbini Province,Rupandehi,49,Lumbini Sanskritik Municipality,Municipality,10,13
Lumbini Province,Rupandehi,49,Lumbini Sanskritik Municipality,Municipality,11,13
Lumbini Province,Rupandehi,49,Lumbini Sanskritik Municipality,Municipality,12,13
Lumbini Province,Rupandehi,49,Lumbini Sanskritik Municipality,Municipality,13,13
Lumbini Province,Rupandehi,49,Sainamaina Municipality,Municipality,1,11
Lumbini Province,Rupandehi,49,Sainamaina Municipality,Municipality,2,11
Lumbini Province,Rupandehi,49,Sainamaina Municipality,Municipality,3,11
Lumbini Province,Rupandehi,49,Sainamaina Municipality,Municipality,4,11
Lumbini Province,Rupandehi,49,Sainamaina Municipality,Municipality,5,11
Lumbini Province,Rupandehi,49,Sainamaina Municipality,Municipality,6,11
Lumbini Province,Rupandehi,49,Sainamaina Municipality,Municipality,7,11
Lumbini Province,Rupandehi,49,Sainamaina Municipality,Municipality,8,11
Lumbini Province,Rupandehi,49,Sainamaina Municipality,Municipality,9,11
Lumbini Province,Rupandehi,49,Sainamaina Municipality,Municipality,10,11
Lumbini Province,Rupandehi,49,Sainamaina Municipality,Municipality,11,11
Lumbini Province,Rupandehi,49,Siddharthanagar Municipality,Municipality,1,13
Lumbini Province,Rupandehi,49,Siddharthanagar Municipality,Municipality,2,13
Lumbini Province,Rupandehi,49,Siddharthanagar Municipality,Municipality,3,13
Lumbini Province,Rupandehi,49,Siddharthanagar Municipality,Municipality,4,13
Lumbini Province,Rupandehi,49,Siddharthanagar Municipality,Municipality,5,13
Lumbini Province,Rupandehi,49,Siddharthanagar Municipality,Municipality,6,13
Lumbini Province,Rupandehi,49,Siddharthanagar Municipality,Municipality,7,13
Lumbini Province,Rupandehi,49,Siddharthanagar Municipality,Municipality,8,13
Lumbini Province,Rupandehi,49,Siddharthanagar Municipality,Municipality,9,13
Lumbini Province,Rupandehi,49,Siddharthanagar Municipality,Municipality,10,13
Lumbini Province,Rupandehi,49,Siddharthanagar Municipality,Municipality,11,13
Lumbini Province,Rupandehi,49,Siddharthanagar Municipality,Municipality,12,13
Lumbini Province,Rupandehi,49,Siddharthanagar Municipality,Municipality,13,13
Lumbini Province,Rupandehi,49,Tilottama Municipality,Municipality,1,17
Lumbini Province,Rupandehi,49,Tilottama Municipality,Municipality,2,17
Lumbini Province,Rupandehi,49,Tilottama Municipality,Municipality,3,17
Lumbini Province,Rupandehi,49,Tilottama Municipality,Municipality,4,17
Lumbini Province,Rupandehi,49,Tilottama Municipality,Municipality,5,17
Lumbini Province,Rupandehi,49,Tilottama Municipality,Municipality,6,17
Lumbini Province,Rupandehi,49,Tilottama Municipality,Municipality,7,17
Lumbini Province,Rupandehi,49,Tilottama Municipality,Municipality,8,17
Lumbini Province,Rupandehi,49,Tilottama Municipality,Municipality,9,17
Lumbini Province,Rupandehi,49,Tilottama Municipality,Municipality,10,17
Lumbini Province,Rupandehi,49,Tilottama Municipality,Municipality,11,17
Lumbini Province,Rupandehi,49,Tilottama Municipality,Municipality,12,17
Lumbini Province,Rupandehi,49,Tilottama Municipality,Municipality,13,17
Lumbini Province,Rupandehi,49,Tilottama Municipality,Municipality,14,17
Lumbini Province,Rupandehi,49,Tilottama Municipality,Municipality,15,17
Lumbini Province,Rupandehi,49,Tilottama Municipality,Municipality,16,17
Lumbini Province,Rupandehi,49,Tilottama Municipality,Municipality,17,17
Lumbini Province,Rupandehi,49,Gaidahawa Rural Municipality,Rural Municipality,1,9
Lumbini Province,Rupandehi,49,Gaidahawa Rural Municipality,Rural Municipality,2,9
Lumbini Province,Rupandehi,49,Gaidahawa Rural Municipality,Rural Municipality,3,9
Lumbini Province,Rupandehi,49,Gaidahawa Rural Municipality,Rural Municipality,4,9
Lumbini Province,Rupandehi,49,Gaidahawa Rural Municipality,Rural Municipality,5,9
Lumbini Province,Rupandehi,49,Gaidahawa Rural Municipality,Rural Municipality,6,9
Lumbini Province,Rupandehi,49,Gaidahawa Rural Municipality,Rural Municipality,7,9
Lumbini Province,Rupandehi,49,Gaidahawa Rural Municipality,Rural Municipality,8,9
Lumbini Province,Rupandehi,49,Gaidahawa Rural Municipality,Rural Municipality,9,9
Lumbini Province,Rupandehi,49,Kanchan Rural Municipality,Rural Municipality,1,5
Lumbini Province,Rupandehi,49,Kanchan Rural Municipality,Rural Municipality,2,5
Lumbini Province,Rupandehi,49,Kanchan Rural Municipality,Rural Municipality,3,5
Lumbini Province,Rupandehi,49,Kanchan Rural Municipality,Rural Municipality,4,5
Lumbini Province,Rupandehi,49,Kanchan Rural Municipality,Rural Municipality,5,5
Lumbini Province,Rupandehi,49,Kotahimai Rural Municipality,Rural Municipality,1,7
Lumbini Province,Rupandehi,49,Kotahimai Rural Municipality,Rural Municipality,2,7
Lumbini Province,Rupandehi,49,Kotahimai Rural Municipality,Rural Municipality,3,7
Lumbini Province,Rupandehi,49,Kotahimai Rural Municipality,Rural Municipality,4,7
Lumbini Province,Rupandehi,49,Kotahimai Rural Municipality,Rural Municipality,5,7
Lumbini Province,Rupandehi,49,Kotahimai Rural Municipality,Rural Municipality,6,7
Lumbini Province,Rupandehi,49,Kotahimai Rural Municipality,Rural Municipality,7,7
Lumbini Province,Rupandehi,49,Marchawari Rural Municipality,Rural Municipality,1,7
Lumbini Province,Rupandehi,49,Marchawari Rural Municipality,Rural Municipality,2,7
Lumbini Province,Rupandehi,49,Marchawari Rural Municipality,Rural Municipality,3,7
Lumbini Province,Rupandehi,49,Marchawari Rural Municipality,Rural Municipality,4,7
Lumbini Province,Rupandehi,49,Marchawari Rural Municipality,Rural Municipality,5,7
Lumbini Province,Rupandehi,49,Marchawari Rural Municipality,Rural Municipality,6,7
Lumbini Province,Rupandehi,49,Marchawari Rural Municipality,Rural Municipality,7,7
Lumbini Province,Rupandehi,49,Mayadevi Rural Municipality,Rural Municipality,1,8
Lumbini Province,Rupandehi,49,Mayadevi Rural Municipality,Rural Municipality,2,8
Lumbini Province,Rupandehi,49,Mayadevi Rural Municipality,Rural Municipality,3,8
Lumbini Province,Rupandehi,49,Mayadevi Rural Municipality,Rural Municipality,4,8
Lumbini Province,Rupandehi,49,Mayadevi Rural Municipality,Rural Municipality,5,8
Lumbini Province,Rupandehi,49,Mayadevi Rural Municipality,Rural Municipality,6,8
Lumbini Province,Rupandehi,49,Mayadevi Rural Municipality,Rural Municipality,7,8
Lumbini Province,Rupandehi,49,Mayadevi Rural Municipality,Rural Municipality,8,8
Lumbini Province,Rupandehi,49,Omsatiya Rural Municipality,Rural Municipality,1,6
Lumbini Province,Rupandehi,49,Omsatiya Rural Municipality,Rural Municipality,2,6
Lumbini Province,Rupandehi,49,Omsatiya Rural Municipality,Rural Municipality,3,6
Lumbini Province,Rupandehi,49,Omsatiya Rural Municipality,Rural Municipality,4,6
Lumbini Province,Rupandehi,49,Omsatiya Rural Municipality,Rural Municipality,5,6
Lumbini Province,Rupandehi,49,Omsatiya Rural Municipality,Rural Municipality,6,6
Lumbini Province,Rupandehi,49,Rohini Rural Municipality,Rural Municipality,1,7
Lumbini Province,Rupandehi,49,Rohini Rural Municipality,Rural Municipality,2,7
Lumbini Province,Rupandehi,49,Rohini Rural Municipality,Rural Municipality,3,7
Lumbini Province,Rupandehi,49,Rohini Rural Municipality,Rural Municipality,4,7
Lumbini Province,Rupandehi,49,Rohini Rural Municipality,Rural Municipality,5,7
Lumbini Province,Rupandehi,49,Rohini Rural Municipality,Rural Municipality,6,7
Lumbini Province,Rupandehi,49,Rohini Rural Municipality,Rural Municipality,7,7
Lumbini Province,Rupandehi,49,Sammarimai Rural Municipality,Rural Municipality,1,7
Lumbini Province,Rupandehi,49,Sammarimai Rural Municipality,Rural Municipality,2,7
Lumbini Province,Rupandehi,49,Sammarimai Rural Municipality,Rural Municipality,3,7
Lumbini Province,Rupandehi,49,Sammarimai Rural Municipality,Rural Municipality,4,7
Lumbini Province,Rupandehi,49,Sammarimai Rural Municipality,Rural Municipality,5,7
Lumbini Province,Rupandehi,49,Sammarimai Rural Municipality,Rural Municipality,6,7
Lumbini Province,Rupandehi,49,Sammarimai Rural Municipality,Rural Municipality,7,7
Lumbini Province,Rupandehi,49,Siyari Rural Municipality,Rural Municipality,1,7
Lumbini Province,Rupandehi,49,Siyari Rural Municipality,Rural Municipality,2,7
Lumbini Province,Rupandehi,49,Siyari Rural Municipality,Rural Municipality,3,7
Lumbini Province,Rupandehi,49,Siyari Rural Municipality,Rural Municipality,4,7
Lumbini Province,Rupandehi,49,Siyari Rural Municipality,Rural Municipality,5,7
Lumbini Province,Rupandehi,49,Siyari Rural Municipality,Rural Municipality,6,7
Lumbini Province,Rupandehi,49,Siyari Rural Municipality,Rural Municipality,7,7
Lumbini Province,Rupandehi,49,Suddodhan Rural Municipality,Rural Municipality,1,7
Lumbini Province,Rupandehi,49,Suddodhan Rural Municipality,Rural Municipality,2,7
Lumbini Province,Rupandehi,49,Suddodhan Rural Municipality,Rural Municipality,3,7
Lumbini Province,Rupandehi,49,Suddodhan Rural Municipality,Rural Municipality,4,7
Lumbini Province,Rupandehi,49,Suddodhan Rural Municipality,Rural Municipality,5,7
Lumbini Province,Rupandehi,49,Suddodhan Rural Municipality,Rural Municipality,6,7
Lumbini Province,Rupandehi,49,Suddodhan Rural Municipality,Rural Municipality,7,7
Lumbini Province,Arghakhanchi,50,Sandhikharka Municipality,Municipality,1,12
Lumbini Province,Arghakhanchi,50,Sandhikharka Municipality,Municipality,2,12
Lumbini Province,Arghakhanchi,50,Sandhikharka Municipality,Municipality,3,12
Lumbini Province,Arghakhanchi,50,Sandhikharka Municipality,Municipality,4,12
Lumbini Province,Arghakhanchi,50,Sandhikharka Municipality,Municipality,5,12
Lumbini Province,Arghakhanchi,50,Sandhikharka Municipality,Municipality,6,12
Lumbini Province,Arghakhanchi,50,Sandhikharka Municipality,Municipality,7,12
Lumbini Province,Arghakhanchi,50,Sandhikharka Municipality,Municipality,8,12
Lumbini Province,Arghakhanchi,50,Sandhikharka Municipality,Municipality,9,12
Lumbini Province,Arghakhanchi,50,Sandhikharka Municipality,Municipality,10,12
Lumbini Province,Arghakhanchi,50,Sandhikharka Municipality,Municipality,11,12
Lumbini Province,Arghakhanchi,50,Sandhikharka Municipality,Municipality,12,12
Lumbini Province,Arghakhanchi,50,Sitganga Municipality,Municipality,1,14
Lumbini Province,Arghakhanchi,50,Sitganga Municipality,Municipality,2,14
Lumbini Province,Arghakhanchi,50,Sitganga Municipality,Municipality,3,14
Lumbini Province,Arghakhanchi,50,Sitganga Municipality,Municipality,4,14
Lumbini Province,Arghakhanchi,50,Sitganga Municipality,Municipality,5,14
Lumbini Province,Arghakhanchi,50,Sitganga Municipality,Municipality,6,14
Lumbini Province,Arghakhanchi,50,Sitganga Municipality,Municipality,7,14
Lumbini Province,Arghakhanchi,50,Sitganga Municipality,Municipality,8,14
Lumbini Province,Arghakhanchi,50,Sitganga Municipality,Municipality,9,14
Lumbini Province,Arghakhanchi,50,Sitganga Municipality,Municipality,10,14
Lumbini Province,Arghakhanchi,50,Sitganga Municipality,Municipality,11,14
Lumbini Province,Arghakhanchi,50,Sitganga Municipality,Municipality,12,14
Lumbini Province,Arghakhanchi,50,Sitganga Municipality,Municipality,13,14
Lumbini Province,Arghakhanchi,50,Sitganga Municipality,Municipality,14,14
Lumbini Province,Arghakhanchi,50,Bhumikasthan Municipality,Municipality,1,10
Lumbini Province,Arghakhanchi,50,Bhumikasthan Municipality,Municipality,2,10
Lumbini Province,Arghakhanchi,50,Bhumikasthan Municipality,Municipality,3,10
Lumbini Province,Arghakhanchi,50,Bhumikasthan Municipality,Municipality,4,10
Lumbini Province,Arghakhanchi,50,Bhumikasthan Municipality,Municipality,5,10
Lumbini Province,Arghakhanchi,50,Bhumikasthan Municipality,Municipality,6,10
Lumbini Province,Arghakhanchi,50,Bhumikasthan Municipality,Municipality,7,10
Lumbini Province,Arghakhanchi,50,Bhumikasthan Municipality,Municipality,8,10
Lumbini Province,Arghakhanchi,50,Bhumikasthan Municipality,Municipality,9,10
Lumbini Province,Arghakhanchi,50,Bhumikasthan Municipality,Municipality,10,10
Lumbini Province,Arghakhanchi,50,Chhatradev Rural Municipality,Rural Municipality,1,8
Lumbini Province,Arghakhanchi,50,Chhatradev Rural Municipality,Rural Municipality,2,8
Lumbini Province,Arghakhanchi,50,Chhatradev Rural Municipality,Rural Municipality,3,8
Lumbini Province,Arghakhanchi,50,Chhatradev Rural Municipality,Rural Municipality,4,8
Lumbini Province,Arghakhanchi,50,Chhatradev Rural Municipality,Rural Municipality,5,8
Lumbini Province,Arghakhanchi,50,Chhatradev Rural Municipality,Rural Municipality,6,8
Lumbini Province,Arghakhanchi,50,Chhatradev Rural Municipality,Rural Municipality,7,8
Lumbini Province,Arghakhanchi,50,Chhatradev Rural Municipality,Rural Municipality,8,8
Lumbini Province,Arghakhanchi,50,Panini Rural Municipality,Rural Municipality,1,8
Lumbini Province,Arghakhanchi,50,Panini Rural Municipality,Rural Municipality,2,8
Lumbini Province,Arghakhanchi,50,Panini Rural Municipality,Rural Municipality,3,8
Lumbini Province,Arghakhanchi,50,Panini Rural Municipality,Rural Municipality,4,8
Lumbini Province,Arghakhanchi,50,Panini Rural Municipality,Rural Municipality,5,8
Lumbini Province,Arghakhanchi,50,Panini Rural Municipality,Rural Municipality,6,8
Lumbini Province,Arghakhanchi,50,Panini Rural Municipality,Rural Municipality,7,8
Lumbini Province,Arghakhanchi,50,Panini Rural Municipality,Rural Municipality,8,8
Lumbini Province,Arghakhanchi,50,Malarani Rural Municipality,Rural Municipality,1,9
Lumbini Province,Arghakhanchi,50,Malarani Rural Municipality,Rural Municipality,2,9
Lumbini Province,Arghakhanchi,50,Malarani Rural Municipality,Rural Municipality,3,9
Lumbini Province,Arghakhanchi,50,Malarani Rural Municipality,Rural Municipality,4,9
Lumbini Province,Arghakhanchi,50,Malarani Rural Municipality,Rural Municipality,5,9
Lumbini Province,Arghakhanchi,50,Malarani Rural Municipality,Rural Municipality,6,9
Lumbini Province,Arghakhanchi,50,Malarani Rural Municipality,Rural Municipality,7,9
Lumbini Province,Arghakhanchi,50,Malarani Rural Municipality,Rural Municipality,8,9
Lumbini Province,Arghakhanchi,50,Malarani Rural Municipality,Rural Municipality,9,9
Lumbini Province,Gulmi,51,Resunga Municipality,Municipality,1,14
Lumbini Province,Gulmi,51,Resunga Municipality,Municipality,2,14
Lumbini Province,Gulmi,51,Resunga Municipality,Municipality,3,14
Lumbini Province,Gulmi,51,Resunga Municipality,Municipality,4,14
Lumbini Province,Gulmi,51,Resunga Municipality,Municipality,5,14
Lumbini Province,Gulmi,51,Resunga Municipality,Municipality,6,14
Lumbini Province,Gulmi,51,Resunga Municipality,Municipality,7,14
Lumbini Province,Gulmi,51,Resunga Municipality,Municipality,8,14
Lumbini Province,Gulmi,51,Resunga Municipality,Municipality,9,14
Lumbini Province,Gulmi,51,Resunga Municipality,Municipality,10,14
Lumbini Province,Gulmi,51,Resunga Municipality,Municipality,11,14
Lumbini Province,Gulmi,51,Resunga Municipality,Municipality,12,14
Lumbini Province,Gulmi,51,Resunga Municipality,Municipality,13,14
Lumbini Province,Gulmi,51,Resunga Municipality,Municipality,14,14
Lumbini Province,Gulmi,51,Musikot Municipality,Municipality,1,9
Lumbini Province,Gulmi,51,Musikot Municipality,Municipality,2,9
Lumbini Province,Gulmi,51,Musikot Municipality,Municipality,3,9
Lumbini Province,Gulmi,51,Musikot Municipality,Municipality,4,9
Lumbini Province,Gulmi,51,Musikot Municipality,Municipality,5,9
Lumbini Province,Gulmi,51,Musikot Municipality,Municipality,6,9
Lumbini Province,Gulmi,51,Musikot Municipality,Municipality,7,9
Lumbini Province,Gulmi,51,Musikot Municipality,Municipality,8,9
Lumbini Province,Gulmi,51,Musikot Municipality,Municipality,9,9
Lumbini Province,Gulmi,51,Rurukshetra Rural Municipality,Rural Municipality,1,6
Lumbini Province,Gulmi,51,Rurukshetra Rural Municipality,Rural Municipality,2,6
Lumbini Province,Gulmi,51,Rurukshetra Rural Municipality,Rural Municipality,3,6
Lumbini Province,Gulmi,51,Rurukshetra Rural Municipality,Rural Municipality,4,6
Lumbini Province,Gulmi,51,Rurukshetra Rural Municipality,Rural Municipality,5,6
Lumbini Province,Gulmi,51,Rurukshetra Rural Municipality,Rural Municipality,6,6
Lumbini Province,Gulmi,51,Chhatrakot Rural Municipality,Rural Municipality,1,6
Lumbini Province,Gulmi,51,Chhatrakot Rural Municipality,Rural Municipality,2,6
Lumbini Province,Gulmi,51,Chhatrakot Rural Municipality,Rural Municipality,3,6
Lumbini Province,Gulmi,51,Chhatrakot Rural Municipality,Rural Municipality,4,6
Lumbini Province,Gulmi,51,Chhatrakot Rural Municipality,Rural Municipality,5,6
Lumbini Province,Gulmi,51,Chhatrakot Rural Municipality,Rural Municipality,6,6
Lumbini Province,Gulmi,51,Gulmidarbar Rural Municipality,Rural Municipality,1,7
Lumbini Province,Gulmi,51,Gulmidarbar Rural Municipality,Rural Municipality,2,7
Lumbini Province,Gulmi,51,Gulmidarbar Rural Municipality,Rural Municipality,3,7
Lumbini Province,Gulmi,51,Gulmidarbar Rural Municipality,Rural Municipality,4,7
Lumbini Province,Gulmi,51,Gulmidarbar Rural Municipality,Rural Municipality,5,7
Lumbini Province,Gulmi,51,Gulmidarbar Rural Municipality,Rural Municipality,6,7
Lumbini Province,Gulmi,51,Gulmidarbar Rural Municipality,Rural Municipality,7,7
Lumbini Province,Gulmi,51,Chandrakot Rural Municipality,Rural Municipality,1,8
Lumbini Province,Gulmi,51,Chandrakot Rural Municipality,Rural Municipality,2,8
Lumbini Province,Gulmi,51,Chandrakot Rural Municipality,Rural Municipality,3,8
Lumbini Province,Gulmi,51,Chandrakot Rural Municipality,Rural Municipality,4,8
Lumbini Province,Gulmi,51,Chandrakot Rural Municipality,Rural Municipality,5,8
Lumbini Province,Gulmi,51,Chandrakot Rural Municipality,Rural Municipality,6,8
Lumbini Province,Gulmi,51,Chandrakot Rural Municipality,Rural Municipality,7,8
Lumbini Province,Gulmi,51,Chandrakot Rural Municipality,Rural Municipality,8,8
Lumbini Province,Gulmi,51,Satyawati Rural Municipality,Rural Municipality,1,8
Lumbini Province,Gulmi,51,Satyawati Rural Municipality,Rural Municipality,2,8
Lumbini Province,Gulmi,51,Satyawati Rural Municipality,Rural Municipality,3,8
Lumbini Province,Gulmi,51,Satyawati Rural Municipality,Rural Municipality,4,8
Lumbini Province,Gulmi,51,Satyawati Rural Municipality,Rural Municipality,5,8
Lumbini Province,Gulmi,51,Satyawati Rural Municipality,Rural Municipality,6,8
Lumbini Province,Gulmi,51,Satyawati Rural Municipality,Rural Municipality,7,8
Lumbini Province,Gulmi,51,Satyawati Rural Municipality,Rural Municipality,8,8
Lumbini Province,Gulmi,51,Dhurkot Rural Municipality,Rural Municipality,1,7
Lumbini Province,Gulmi,51,Dhurkot Rural Municipality,Rural Municipality,2,7
Lumbini Province,Gulmi,51,Dhurkot Rural Municipality,Rural Municipality,3,7
Lumbini Province,Gulmi,51,Dhurkot Rural Municipality,Rural Municipality,4,7
Lumbini Province,Gulmi,51,Dhurkot Rural Municipality,Rural Municipality,5,7
Lumbini Province,Gulmi,51,Dhurkot Rural Municipality,Rural Municipality,6,7
Lumbini Province,Gulmi,51,Dhurkot Rural Municipality,Rural Municipality,7,7
Lumbini Province,Gulmi,51,Kaligandaki Rural Municipality,Rural Municipality,1,7
Lumbini Province,Gulmi,51,Kaligandaki Rural Municipality,Rural Municipality,2,7
Lumbini Province,Gulmi,51,Kaligandaki Rural Municipality,Rural Municipality,3,7
Lumbini Province,Gulmi,51,Kaligandaki Rural Municipality,Rural Municipality,4,7
Lumbini Province,Gulmi,51,Kaligandaki Rural Municipality,Rural Municipality,5,7
Lumbini Province,Gulmi,51,Kaligandaki Rural Municipality,Rural Municipality,6,7
Lumbini Province,Gulmi,51,Kaligandaki Rural Municipality,Rural Municipality,7,7
Lumbini Province,Gulmi,51,Isma Rural Municipality,Rural Municipality,1,6
Lumbini Province,Gulmi,51,Isma Rural Municipality,Rural Municipality,2,6
Lumbini Province,Gulmi,51,Isma Rural Municipality,Rural Municipality,3,6
Lumbini Province,Gulmi,51,Isma Rural Municipality,Rural Municipality,4,6
Lumbini Province,Gulmi,51,Isma Rural Municipality,Rural Municipality,5,6
Lumbini Province,Gulmi,51,Isma Rural Municipality,Rural Municipality,6,6
Lumbini Province,Gulmi,51,Malika Rural Municipality,Rural Municipality,1,8
Lumbini Province,Gulmi,51,Malika Rural Municipality,Rural Municipality,2,8
Lumbini Province,Gulmi,51,Malika Rural Municipality,Rural Municipality,3,8
Lumbini Province,Gulmi,51,Malika Rural Municipality,Rural Municipality,4,8
Lumbini Province,Gulmi,51,Malika Rural Municipality,Rural Municipality,5,8
Lumbini Province,Gulmi,51,Malika Rural Municipality,Rural Municipality,6,8
Lumbini Province,Gulmi,51,Malika Rural Municipality,Rural Municipality,7,8
Lumbini Province,Gulmi,51,Malika Rural Municipality,Rural Municipality,8,8
Lumbini Province,Gulmi,51,Madane Rural Municipality,Rural Municipality,1,7
Lumbini Province,Gulmi,51,Madane Rural Municipality,Rural Municipality,2,7
Lumbini Province,Gulmi,51,Madane Rural Municipality,Rural Municipality,3,7
Lumbini Province,Gulmi,51,Madane Rural Municipality,Rural Municipality,4,7
Lumbini Province,Gulmi,51,Madane Rural Municipality,Rural Municipality,5,7
Lumbini Province,Gulmi,51,Madane Rural Municipality,Rural Municipality,6,7
Lumbini Province,Gulmi,51,Madane Rural Municipality,Rural Municipality,7,7
Lumbini Province,Palpa,52,Tansen Municipality,Municipality,1,14
Lumbini Province,Palpa,52,Tansen Municipality,Municipality,2,14
Lumbini Province,Palpa,52,Tansen Municipality,Municipality,3,14
Lumbini Province,Palpa,52,Tansen Municipality,Municipality,4,14
Lumbini Province,Palpa,52,Tansen Municipality,Municipality,5,14
Lumbini Province,Palpa,52,Tansen Municipality,Municipality,6,14
Lumbini Province,Palpa,52,Tansen Municipality,Municipality,7,14
Lumbini Province,Palpa,52,Tansen Municipality,Municipality,8,14
Lumbini Province,Palpa,52,Tansen Municipality,Municipality,9,14
Lumbini Province,Palpa,52,Tansen Municipality,Municipality,10,14
Lumbini Province,Palpa,52,Tansen Municipality,Municipality,11,14
Lumbini Province,Palpa,52,Tansen Municipality,Municipality,12,14
Lumbini Province,Palpa,52,Tansen Municipality,Municipality,13,14
Lumbini Province,Palpa,52,Tansen Municipality,Municipality,14,14
Lumbini Province,Palpa,52,Rampur Municipality,Municipality,1,10
Lumbini Province,Palpa,52,Rampur Municipality,Municipality,2,10
Lumbini Province,Palpa,52,Rampur Municipality,Municipality,3,10
Lumbini Province,Palpa,52,Rampur Municipality,Municipality,4,10
Lumbini Province,Palpa,52,Rampur Municipality,Municipality,5,10
Lumbini Province,Palpa,52,Rampur Municipality,Municipality,6,10
Lumbini Province,Palpa,52,Rampur Municipality,Municipality,7,10
Lumbini Province,Palpa,52,Rampur Municipality,Municipality,8,10
Lumbini Province,Palpa,52,Rampur Municipality,Municipality,9,10
Lumbini Province,Palpa,52,Rampur Municipality,Municipality,10,10
Lumbini Province,Palpa,52,Rainadevi Chhahara Rural Municipality,Rural Municipality,1,8
Lumbini Province,Palpa,52,Rainadevi Chhahara Rural Municipality,Rural Municipality,2,8
Lumbini Province,Palpa,52,Rainadevi Chhahara Rural Municipality,Rural Municipality,3,8
Lumbini Province,Palpa,52,Rainadevi Chhahara Rural Municipality,Rural Municipality,4,8
Lumbini Province,Palpa,52,Rainadevi Chhahara Rural Municipality,Rural Municipality,5,8
Lumbini Province,Palpa,52,Rainadevi Chhahara Rural Municipality,Rural Municipality,6,8
Lumbini Province,Palpa,52,Rainadevi Chhahara Rural Municipality,Rural Municipality,7,8
Lumbini Province,Palpa,52,Rainadevi Chhahara Rural Municipality,Rural Municipality,8,8
Lumbini Province,Palpa,52,Ripdikot Rural Municipality,Rural Municipality,1,8
Lumbini Province,Palpa,52,Ripdikot Rural Municipality,Rural Municipality,2,8
Lumbini Province,Palpa,52,Ripdikot Rural Municipality,Rural Municipality,3,8
Lumbini Province,Palpa,52,Ripdikot Rural Municipality,Rural Municipality,4,8
Lumbini Province,Palpa,52,Ripdikot Rural Municipality,Rural Municipality,5,8
Lumbini Province,Palpa,52,Ripdikot Rural Municipality,Rural Municipality,6,8
Lumbini Province,Palpa,52,Ripdikot Rural Municipality,Rural Municipality,7,8
Lumbini Province,Palpa,52,Ripdikot Rural Municipality,Rural Municipality,8,8
Lumbini Province,Palpa,52,Bagnaskali Rural Municipality,Rural Municipality,1,9
Lumbini Province,Palpa,52,Bagnaskali Rural Municipality,Rural Municipality,2,9
Lumbini Province,Palpa,52,Bagnaskali Rural Municipality,Rural Municipality,3,9
Lumbini Province,Palpa,52,Bagnaskali Rural Municipality,Rural Municipality,4,9
Lumbini Province,Palpa,52,Bagnaskali Rural Municipality,Rural Municipality,5,9
Lumbini Province,Palpa,52,Bagnaskali Rural Municipality,Rural Municipality,6,9
Lumbini Province,Palpa,52,Bagnaskali Rural Municipality,Rural Municipality,7,9
Lumbini Province,Palpa,52,Bagnaskali Rural Municipality,Rural Municipality,8,9
Lumbini Province,Palpa,52,Bagnaskali Rural Municipality,Rural Municipality,9,9
Lumbini Province,Palpa,52,Rambha Rural Municipality,Rural Municipality,1,5
Lumbini Province,Palpa,52,Rambha Rural Municipality,Rural Municipality,2,5
Lumbini Province,Palpa,52,Rambha Rural Municipality,Rural Municipality,3,5
Lumbini Province,Palpa,52,Rambha Rural Municipality,Rural Municipality,4,5
Lumbini Province,Palpa,52,Rambha Rural Municipality,Rural Municipality,5,5
Lumbini Province,Palpa,52,Purbakhola Rural Municipality,Rural Municipality,1,6
Lumbini Province,Palpa,52,Purbakhola Rural Municipality,Rural Municipality,2,6
Lumbini Province,Palpa,52,Purbakhola Rural Municipality,Rural Municipality,3,6
Lumbini Province,Palpa,52,Purbakhola Rural Municipality,Rural Municipality,4,6
Lumbini Province,Palpa,52,Purbakhola Rural Municipality,Rural Municipality,5,6
Lumbini Province,Palpa,52,Purbakhola Rural Municipality,Rural Municipality,6,6
Lumbini Province,Palpa,52,Nisdi Rural Municipality,Rural Municipality,1,7
Lumbini Province,Palpa,52,Nisdi Rural Municipality,Rural Municipality,2,7
Lumbini Province,Palpa,52,Nisdi Rural Municipality,Rural Municipality,3,7
Lumbini Province,Palpa,52,Nisdi Rural Municipality,Rural Municipality,4,7
Lumbini Province,Palpa,52,Nisdi Rural Municipality,Rural Municipality,5,7
Lumbini Province,Palpa,52,Nisdi Rural Municipality,Rural Municipality,6,7
Lumbini Province,Palpa,52,Nisdi Rural Municipality,Rural Municipality,7,7
Lumbini Province,Palpa,52,Mathagadhi Rural Municipality,Rural Municipality,1,8
Lumbini Province,Palpa,52,Mathagadhi Rural Municipality,Rural Municipality,2,8
Lumbini Province,Palpa,52,Mathagadhi Rural Municipality,Rural Municipality,3,8
Lumbini Province,Palpa,52,Mathagadhi Rural Municipality,Rural Municipality,4,8
Lumbini Province,Palpa,52,Mathagadhi Rural Municipality,Rural Municipality,5,8
Lumbini Province,Palpa,52,Mathagadhi Rural Municipality,Rural Municipality,6,8
Lumbini Province,Palpa,52,Mathagadhi Rural Municipality,Rural Municipality,7,8
Lumbini Province,Palpa,52,Mathagadhi Rural Municipality,Rural Municipality,8,8
Lumbini Province,Palpa,52,Tinahu Rural Municipality,Rural Municipality,1,6
Lumbini Province,Palpa,52,Tinahu Rural Municipality,Rural Municipality,2,6
Lumbini Province,Palpa,52,Tinahu Rural Municipality,Rural Municipality,3,6
Lumbini Province,Palpa,52,Tinahu Rural Municipality,Rural Municipality,4,6
Lumbini Province,Palpa,52,Tinahu Rural Municipality,Rural Municipality,5,6
Lumbini Province,Palpa,52,Tinahu Rural Municipality,Rural Municipality,6,6
Lumbini Province,Dang,53,Ghorahi Sub-Metropolitan City,Sub-Metropolitan City,1,19
Lumbini Province,Dang,53,Ghorahi Sub-Metropolitan City,Sub-Metropolitan City,2,19
Lumbini Province,Dang,53,Ghorahi Sub-Metropolitan City,Sub-Metropolitan City,3,19
Lumbini Province,Dang,53,Ghorahi Sub-Metropolitan City,Sub-Metropolitan City,4,19
Lumbini Province,Dang,53,Ghorahi Sub-Metropolitan City,Sub-Metropolitan City,5,19
Lumbini Province,Dang,53,Ghorahi Sub-Metropolitan City,Sub-Metropolitan City,6,19
Lumbini Province,Dang,53,Ghorahi Sub-Metropolitan City,Sub-Metropolitan City,7,19
Lumbini Province,Dang,53,Ghorahi Sub-Metropolitan City,Sub-Metropolitan City,8,19
Lumbini Province,Dang,53,Ghorahi Sub-Metropolitan City,Sub-Metropolitan City,9,19
Lumbini Province,Dang,53,Ghorahi Sub-Metropolitan City,Sub-Metropolitan City,10,19
Lumbini Province,Dang,53,Ghorahi Sub-Metropolitan City,Sub-Metropolitan City,11,19
Lumbini Province,Dang,53,Ghorahi Sub-Metropolitan City,Sub-Metropolitan City,12,19
Lumbini Province,Dang,53,Ghorahi Sub-Metropolitan City,Sub-Metropolitan City,13,19
Lumbini Province,Dang,53,Ghorahi Sub-Metropolitan City,Sub-Metropolitan City,14,19
Lumbini Province,Dang,53,Ghorahi Sub-Metropolitan City,Sub-Metropolitan City,15,19
Lumbini Province,Dang,53,Ghorahi Sub-Metropolitan City,Sub-Metropolitan City,16,19
Lumbini Province,Dang,53,Ghorahi Sub-Metropolitan City,Sub-Metropolitan City,17,19
Lumbini Province,Dang,53,Ghorahi Sub-Metropolitan City,Sub-Metropolitan City,18,19
Lumbini Province,Dang,53,Ghorahi Sub-Metropolitan City,Sub-Metropolitan City,19,19
Lumbini Province,Dang,53,Tulsipur Sub-Metropolitan City,Sub-Metropolitan City,1,19
Lumbini Province,Dang,53,Tulsipur Sub-Metropolitan City,Sub-Metropolitan City,2,19
Lumbini Province,Dang,53,Tulsipur Sub-Metropolitan City,Sub-Metropolitan City,3,19
Lumbini Province,Dang,53,Tulsipur Sub-Metropolitan City,Sub-Metropolitan City,4,19
Lumbini Province,Dang,53,Tulsipur Sub-Metropolitan City,Sub-Metropolitan City,5,19
Lumbini Province,Dang,53,Tulsipur Sub-Metropolitan City,Sub-Metropolitan City,6,19
Lumbini Province,Dang,53,Tulsipur Sub-Metropolitan City,Sub-Metropolitan City,7,19
Lumbini Province,Dang,53,Tulsipur Sub-Metropolitan City,Sub-Metropolitan City,8,19
Lumbini Province,Dang,53,Tulsipur Sub-Metropolitan City,Sub-Metropolitan City,9,19
Lumbini Province,Dang,53,Tulsipur Sub-Metropolitan City,Sub-Metropolitan City,10,19
Lumbini Province,Dang,53,Tulsipur Sub-Metropolitan City,Sub-Metropolitan City,11,19
Lumbini Province,Dang,53,Tulsipur Sub-Metropolitan City,Sub-Metropolitan City,12,19
Lumbini Province,Dang,53,Tulsipur Sub-Metropolitan City,Sub-Metropolitan City,13,19
Lumbini Province,Dang,53,Tulsipur Sub-Metropolitan City,Sub-Metropolitan City,14,19
Lumbini Province,Dang,53,Tulsipur Sub-Metropolitan City,Sub-Metropolitan City,15,19
Lumbini Province,Dang,53,Tulsipur Sub-Metropolitan City,Sub-Metropolitan City,16,19
Lumbini Province,Dang,53,Tulsipur Sub-Metropolitan City,Sub-Metropolitan City,17,19
Lumbini Province,Dang,53,Tulsipur Sub-Metropolitan City,Sub-Metropolitan City,18,19
Lumbini Province,Dang,53,Tulsipur Sub-Metropolitan City,Sub-Metropolitan City,19,19
Lumbini Province,Dang,53,Lamahi Municipality,Municipality,1,9
Lumbini Province,Dang,53,Lamahi Municipality,Municipality,2,9
Lumbini Province,Dang,53,Lamahi Municipality,Municipality,3,9
Lumbini Province,Dang,53,Lamahi Municipality,Municipality,4,9
Lumbini Province,Dang,53,Lamahi Municipality,Municipality,5,9
Lumbini Province,Dang,53,Lamahi Municipality,Municipality,6,9
Lumbini Province,Dang,53,Lamahi Municipality,Municipality,7,9
Lumbini Province,Dang,53,Lamahi Municipality,Municipality,8,9
Lumbini Province,Dang,53,Lamahi Municipality,Municipality,9,9
Lumbini Province,Dang,53,Gadhawa Rural Municipality,Rural Municipality,1,8
Lumbini Province,Dang,53,Gadhawa Rural Municipality,Rural Municipality,2,8
Lumbini Province,Dang,53,Gadhawa Rural Municipality,Rural Municipality,3,8
Lumbini Province,Dang,53,Gadhawa Rural Municipality,Rural Municipality,4,8
Lumbini Province,Dang,53,Gadhawa Rural Municipality,Rural Municipality,5,8
Lumbini Province,Dang,53,Gadhawa Rural Municipality,Rural Municipality,6,8
Lumbini Province,Dang,53,Gadhawa Rural Municipality,Rural Municipality,7,8
Lumbini Province,Dang,53,Gadhawa Rural Municipality,Rural Municipality,8,8
Lumbini Province,Dang,53,Rajpur Rural Municipality,Rural Municipality,1,7
Lumbini Province,Dang,53,Rajpur Rural Municipality,Rural Municipality,2,7
Lumbini Province,Dang,53,Rajpur Rural Municipality,Rural Municipality,3,7
Lumbini Province,Dang,53,Rajpur Rural Municipality,Rural Municipality,4,7
Lumbini Province,Dang,53,Rajpur Rural Municipality,Rural Municipality,5,7
Lumbini Province,Dang,53,Rajpur Rural Municipality,Rural Municipality,6,7
Lumbini Province,Dang,53,Rajpur Rural Municipality,Rural Municipality,7,7
Lumbini Province,Dang,53,Shantinagar Rural Municipality,Rural Municipality,1,7
Lumbini Province,Dang,53,Shantinagar Rural Municipality,Rural Municipality,2,7
Lumbini Province,Dang,53,Shantinagar Rural Municipality,Rural Municipality,3,7
Lumbini Province,Dang,53,Shantinagar Rural Municipality,Rural Municipality,4,7
Lumbini Province,Dang,53,Shantinagar Rural Municipality,Rural Municipality,5,7
Lumbini Province,Dang,53,Shantinagar Rural Municipality,Rural Municipality,6,7
Lumbini Province,Dang,53,Shantinagar Rural Municipality,Rural Municipality,7,7
Lumbini Province,Dang,53,Rapti Rural Municipality,Rural Municipality,1,9
Lumbini Province,Dang,53,Rapti Rural Municipality,Rural Municipality,2,9
Lumbini Province,Dang,53,Rapti Rural Municipality,Rural Municipality,3,9
Lumbini Province,Dang,53,Rapti Rural Municipality,Rural Municipality,4,9
Lumbini Province,Dang,53,Rapti Rural Municipality,Rural Municipality,5,9
Lumbini Province,Dang,53,Rapti Rural Municipality,Rural Municipality,6,9
Lumbini Province,Dang,53,Rapti Rural Municipality,Rural Municipality,7,9
Lumbini Province,Dang,53,Rapti Rural Municipality,Rural Municipality,8,9
Lumbini Province,Dang,53,Rapti Rural Municipality,Rural Municipality,9,9
Lumbini Province,Dang,53,Banglachuli Rural Municipality,Rural Municipality,1,8
Lumbini Province,Dang,53,Banglachuli Rural Municipality,Rural Municipality,2,8
Lumbini Province,Dang,53,Banglachuli Rural Municipality,Rural Municipality,3,8
Lumbini Province,Dang,53,Banglachuli Rural Municipality,Rural Municipality,4,8
Lumbini Province,Dang,53,Banglachuli Rural Municipality,Rural Municipality,5,8
Lumbini Province,Dang,53,Banglachuli Rural Municipality,Rural Municipality,6,8
Lumbini Province,Dang,53,Banglachuli Rural Municipality,Rural Municipality,7,8
Lumbini Province,Dang,53,Banglachuli Rural Municipality,Rural Municipality,8,8
Lumbini Province,Dang,53,Dangisharan Rural Municipality,Rural Municipality,1,7
Lumbini Province,Dang,53,Dangisharan Rural Municipality,Rural Municipality,2,7
Lumbini Province,Dang,53,Dangisharan Rural Municipality,Rural Municipality,3,7
Lumbini Province,Dang,53,Dangisharan Rural Municipality,Rural Municipality,4,7
Lumbini Province,Dang,53,Dangisharan Rural Municipality,Rural Municipality,5,7
Lumbini Province,Dang,53,Dangisharan Rural Municipality,Rural Municipality,6,7
Lumbini Province,Dang,53,Dangisharan Rural Municipality,Rural Municipality,7,7
Lumbini Province,Dang,53,Babai Rural Municipality,Rural Municipality,1,7
Lumbini Province,Dang,53,Babai Rural Municipality,Rural Municipality,2,7
Lumbini Province,Dang,53,Babai Rural Municipality,Rural Municipality,3,7
Lumbini Province,Dang,53,Babai Rural Municipality,Rural Municipality,4,7
Lumbini Province,Dang,53,Babai Rural Municipality,Rural Municipality,5,7
Lumbini Province,Dang,53,Babai Rural Municipality,Rural Municipality,6,7
Lumbini Province,Dang,53,Babai Rural Municipality,Rural Municipality,7,7
Lumbini Province,Pyuthan,54,Sworgadwari Municipality,Municipality,1,9
Lumbini Province,Pyuthan,54,Sworgadwari Municipality,Municipality,2,9
Lumbini Province,Pyuthan,54,Sworgadwari Municipality,Municipality,3,9
Lumbini Province,Pyuthan,54,Sworgadwari Municipality,Municipality,4,9
Lumbini Province,Pyuthan,54,Sworgadwari Municipality,Municipality,5,9
Lumbini Province,Pyuthan,54,Sworgadwari Municipality,Municipality,6,9
Lumbini Province,Pyuthan,54,Sworgadwari Municipality,Municipality,7,9
Lumbini Province,Pyuthan,54,Sworgadwari Municipality,Municipality,8,9
Lumbini Province,Pyuthan,54,Sworgadwari Municipality,Municipality,9,9
Lumbini Province,Pyuthan,54,Pyuthan Municipality,Municipality,1,10
Lumbini Province,Pyuthan,54,Pyuthan Municipality,Municipality,2,10
Lumbini Province,Pyuthan,54,Pyuthan Municipality,Municipality,3,10
Lumbini Province,Pyuthan,54,Pyuthan Municipality,Municipality,4,10
Lumbini Province,Pyuthan,54,Pyuthan Municipality,Municipality,5,10
Lumbini Province,Pyuthan,54,Pyuthan Municipality,Municipality,6,10
Lumbini Province,Pyuthan,54,Pyuthan Municipality,Municipality,7,10
Lumbini Province,Pyuthan,54,Pyuthan Municipality,Municipality,8,10
Lumbini Province,Pyuthan,54,Pyuthan Municipality,Municipality,9,10
Lumbini Province,Pyuthan,54,Pyuthan Municipality,Municipality,10,10
Lumbini Province,Pyuthan,54,Mandavi Rural Municipality,Rural Municipality,1,5
Lumbini Province,Pyuthan,54,Mandavi Rural Municipality,Rural Municipality,2,5
Lumbini Province,Pyuthan,54,Mandavi Rural Municipality,Rural Municipality,3,5
Lumbini Province,Pyuthan,54,Mandavi Rural Municipality,Rural Municipality,4,5
Lumbini Province,Pyuthan,54,Mandavi Rural Municipality,Rural Municipality,5,5
Lumbini Province,Pyuthan,54,Sarumarani Rural Municipality,Rural Municipality,1,6
Lumbini Province,Pyuthan,54,Sarumarani Rural Municipality,Rural Municipality,2,6
Lumbini Province,Pyuthan,54,Sarumarani Rural Municipality,Rural Municipality,3,6
Lumbini Province,Pyuthan,54,Sarumarani Rural Municipality,Rural Municipality,4,6
Lumbini Province,Pyuthan,54,Sarumarani Rural Municipality,Rural Municipality,5,6
Lumbini Province,Pyuthan,54,Sarumarani Rural Municipality,Rural Municipality,6,6
Lumbini Province,Pyuthan,54,Ayirawati Rural Municipality,Rural Municipality,1,6
Lumbini Province,Pyuthan,54,Ayirawati Rural Municipality,Rural Municipality,2,6
Lumbini Province,Pyuthan,54,Ayirawati Rural Municipality,Rural Municipality,3,6
Lumbini Province,Pyuthan,54,Ayirawati Rural Municipality,Rural Municipality,4,6
Lumbini Province,Pyuthan,54,Ayirawati Rural Municipality,Rural Municipality,5,6
Lumbini Province,Pyuthan,54,Ayirawati Rural Municipality,Rural Municipality,6,6
Lumbini Province,Pyuthan,54,Mallarani Rural Municipality,Rural Municipality,1,5
Lumbini Province,Pyuthan,54,Mallarani Rural Municipality,Rural Municipality,2,5
Lumbini Province,Pyuthan,54,Mallarani Rural Municipality,Rural Municipality,3,5
Lumbini Province,Pyuthan,54,Mallarani Rural Municipality,Rural Municipality,4,5
Lumbini Province,Pyuthan,54,Mallarani Rural Municipality,Rural Municipality,5,5
Lumbini Province,Pyuthan,54,Jhimruk Rural Municipality,Rural Municipality,1,8
Lumbini Province,Pyuthan,54,Jhimruk Rural Municipality,Rural Municipality,2,8
Lumbini Province,Pyuthan,54,Jhimruk Rural Municipality,Rural Municipality,3,8
Lumbini Province,Pyuthan,54,Jhimruk Rural Municipality,Rural Municipality,4,8
Lumbini Province,Pyuthan,54,Jhimruk Rural Municipality,Rural Municipality,5,8
Lumbini Province,Pyuthan,54,Jhimruk Rural Municipality,Rural Municipality,6,8
Lumbini Province,Pyuthan,54,Jhimruk Rural Municipality,Rural Municipality,7,8
Lumbini Province,Pyuthan,54,Jhimruk Rural Municipality,Rural Municipality,8,8
Lumbini Province,Pyuthan,54,Naubahini Rural Municipality,Rural Municipality,1,8
Lumbini Province,Pyuthan,54,Naubahini Rural Municipality,Rural Municipality,2,8
Lumbini Province,Pyuthan,54,Naubahini Rural Municipality,Rural Municipality,3,8
Lumbini Province,Pyuthan,54,Naubahini Rural Municipality,Rural Municipality,4,8
Lumbini Province,Pyuthan,54,Naubahini Rural Municipality,Rural Municipality,5,8
Lumbini Province,Pyuthan,54,Naubahini Rural Municipality,Rural Municipality,6,8
Lumbini Province,Pyuthan,54,Naubahini Rural Municipality,Rural Municipality,7,8
Lumbini Province,Pyuthan,54,Naubahini Rural Municipality,Rural Municipality,8,8
Lumbini Province,Pyuthan,54,Gaumukhi Rural Municipality,Rural Municipality,1,7
Lumbini Province,Pyuthan,54,Gaumukhi Rural Municipality,Rural Municipality,2,7
Lumbini Province,Pyuthan,54,Gaumukhi Rural Municipality,Rural Municipality,3,7
Lumbini Province,Pyuthan,54,Gaumukhi Rural Municipality,Rural Municipality,4,7
Lumbini Province,Pyuthan,54,Gaumukhi Rural Municipality,Rural Municipality,5,7
Lumbini Province,Pyuthan,54,Gaumukhi Rural Municipality,Rural Municipality,6,7
Lumbini Province,Pyuthan,54,Gaumukhi Rural Municipality,Rural Municipality,7,7
Lumbini Province,Rolpa,55,Rolpa Municipality,Municipality,1,10
Lumbini Province,Rolpa,55,Rolpa Municipality,Municipality,2,10
Lumbini Province,Rolpa,55,Rolpa Municipality,Municipality,3,10
Lumbini Province,Rolpa,55,Rolpa Municipality,Municipality,4,10
Lumbini Province,Rolpa,55,Rolpa Municipality,Municipality,5,10
Lumbini Province,Rolpa,55,Rolpa Municipality,Municipality,6,10
Lumbini Province,Rolpa,55,Rolpa Municipality,Municipality,7,10
Lumbini Province,Rolpa,55,Rolpa Municipality,Municipality,8,10
Lumbini Province,Rolpa,55,Rolpa Municipality,Municipality,9,10
Lumbini Province,Rolpa,55,Rolpa Municipality,Municipality,10,10
Lumbini Province,Rolpa,55,Runtigadi Rural Municipality,Rural Municipality,1,9
Lumbini Province,Rolpa,55,Runtigadi Rural Municipality,Rural Municipality,2,9
Lumbini Province,Rolpa,55,Runtigadi Rural Municipality,Rural Municipality,3,9
Lumbini Province,Rolpa,55,Runtigadi Rural Municipality,Rural Municipality,4,9
Lumbini Province,Rolpa,55,Runtigadi Rural Municipality,Rural Municipality,5,9
Lumbini Province,Rolpa,55,Runtigadi Rural Municipality,Rural Municipality,6,9
Lumbini Province,Rolpa,55,Runtigadi Rural Municipality,Rural Municipality,7,9
Lumbini Province,Rolpa,55,Runtigadi Rural Municipality,Rural Municipality,8,9
Lumbini Province,Rolpa,55,Runtigadi Rural Municipality,Rural Municipality,9,9
Lumbini Province,Rolpa,55,Triveni Rural Municipality,Rural Municipality,1,7
Lumbini Province,Rolpa,55,Triveni Rural Municipality,Rural Municipality,2,7
Lumbini Province,Rolpa,55,Triveni Rural Municipality,Rural Municipality,3,7
Lumbini Province,Rolpa,55,Triveni Rural Municipality,Rural Municipality,4,7
Lumbini Province,Rolpa,55,Triveni Rural Municipality,Rural Municipality,5,7
Lumbini Province,Rolpa,55,Triveni Rural Municipality,Rural Municipality,6,7
Lumbini Province,Rolpa,55,Triveni Rural Municipality,Rural Municipality,7,7
Lumbini Province,Rolpa,55,Sunil Smiriti Rural Municipality,Rural Municipality,1,8
Lumbini Province,Rolpa,55,Sunil Smiriti Rural Municipality,Rural Municipality,2,8
Lumbini Province,Rolpa,55,Sunil Smiriti Rural Municipality,Rural Municipality,3,8
Lumbini Province,Rolpa,55,Sunil Smiriti Rural Municipality,Rural Municipality,4,8
Lumbini Province,Rolpa,55,Sunil Smiriti Rural Municipality,Rural Municipality,5,8
Lumbini Province,Rolpa,55,Sunil Smiriti Rural Municipality,Rural Municipality,6,8
Lumbini Province,Rolpa,55,Sunil Smiriti Rural Municipality,Rural Municipality,7,8
Lumbini Province,Rolpa,55,Sunil Smiriti Rural Municipality,Rural Municipality,8,8
Lumbini Province,Rolpa,55,Lungri Rural Municipality,Rural Municipality,1,7
Lumbini Province,Rolpa,55,Lungri Rural Municipality,Rural Municipality,2,7
Lumbini Province,Rolpa,55,Lungri Rural Municipality,Rural Municipality,3,7
Lumbini Province,Rolpa,55,Lungri Rural Municipality,Rural Municipality,4,7
Lumbini Province,Rolpa,55,Lungri Rural Municipality,Rural Municipality,5,7
Lumbini Province,Rolpa,55,Lungri Rural Municipality,Rural Municipality,6,7
Lumbini Province,Rolpa,55,Lungri Rural Municipality,Rural Municipality,7,7
Lumbini Province,Rolpa,55,Sunchhahari Rural Municipality,Rural Municipality,1,7
Lumbini Province,Rolpa,55,Sunchhahari Rural Municipality,Rural Municipality,2,7
Lumbini Province,Rolpa,55,Sunchhahari Rural Municipality,Rural Municipality,3,7
Lumbini Province,Rolpa,55,Sunchhahari Rural Municipality,Rural Municipality,4,7
Lumbini Province,Rolpa,55,Sunchhahari Rural Municipality,Rural Municipality,5,7
Lumbini Province,Rolpa,55,Sunchhahari Rural Municipality,Rural Municipality,6,7
Lumbini Province,Rolpa,55,Sunchhahari Rural Municipality,Rural Municipality,7,7
Lumbini Province,Rolpa,55,Thawang Rural Municipality,Rural Municipality,1,5
Lumbini Province,Rolpa,55,Thawang Rural Municipality,Rural Municipality,2,5
Lumbini Province,Rolpa,55,Thawang Rural Municipality,Rural Municipality,3,5
Lumbini Province,Rolpa,55,Thawang Rural Municipality,Rural Municipality,4,5
Lumbini Province,Rolpa,55,Thawang Rural Municipality,Rural Municipality,5,5
Lumbini Province,Rolpa,55,Madi Rural Municipality,Rural Municipality,1,6
Lumbini Province,Rolpa,55,Madi Rural Municipality,Rural Municipality,2,6
Lumbini Province,Rolpa,55,Madi Rural Municipality,Rural Municipality,3,6
Lumbini Province,Rolpa,55,Madi Rural Municipality,Rural Municipality,4,6
Lumbini Province,Rolpa,55,Madi Rural Municipality,Rural Municipality,5,6
Lumbini Province,Rolpa,55,Madi Rural Municipality,Rural Municipality,6,6
Lumbini Province,Rolpa,55,GangaDev Rural Municipality,Rural Municipality,1,7
Lumbini Province,Rolpa,55,GangaDev Rural Municipality,Rural Municipality,2,7
Lumbini Province,Rolpa,55,GangaDev Rural Municipality,Rural Municipality,3,7
Lumbini Province,Rolpa,55,GangaDev Rural Municipality,Rural Municipality,4,7
Lumbini Province,Rolpa,55,GangaDev Rural Municipality,Rural Municipality,5,7
Lumbini Province,Rolpa,55,GangaDev Rural Municipality,Rural Municipality,6,7
Lumbini Province,Rolpa,55,GangaDev Rural Municipality,Rural Municipality,7,7
Lumbini Province,Rolpa,55,Pariwartan Rural Municipality,Rural Municipality,1,6
Lumbini Province,Rolpa,55,Pariwartan Rural Municipality,Rural Municipality,2,6
Lumbini Province,Rolpa,55,Pariwartan Rural Municipality,Rural Municipality,3,6
Lumbini Province,Rolpa,55,Pariwartan Rural Municipality,Rural Municipality,4,6
Lumbini Province,Rolpa,55,Pariwartan Rural Municipality,Rural Municipality,5,6
Lumbini Province,Rolpa,55,Pariwartan Rural Municipality,Rural Municipality,6,6
Lumbini Province,Eastern Rukum,56,Putha Uttarganga Rural Municipality,Rural Municipality,1,14
Lumbini Province,Eastern Rukum,56,Putha Uttarganga Rural Municipality,Rural Municipality,2,14
Lumbini Province,Eastern Rukum,56,Putha Uttarganga Rural Municipality,Rural Municipality,3,14
Lumbini Province,Eastern Rukum,56,Putha Uttarganga Rural Municipality,Rural Municipality,4,14
Lumbini Province,Eastern Rukum,56,Putha Uttarganga Rural Municipality,Rural Municipality,5,14
Lumbini Province,Eastern Rukum,56,Putha Uttarganga Rural Municipality,Rural Municipality,6,14
Lumbini Province,Eastern Rukum,56,Putha Uttarganga Rural Municipality,Rural Municipality,7,14
Lumbini Province,Eastern Rukum,56,Putha Uttarganga Rural Municipality,Rural Municipality,8,14
Lumbini Province,Eastern Rukum,56,Putha Uttarganga Rural Municipality,Rural Municipality,9,14
Lumbini Province,Eastern Rukum,56,Putha Uttarganga Rural Municipality,Rural Municipality,10,14
Lumbini Province,Eastern Rukum,56,Putha Uttarganga Rural Municipality,Rural Municipality,11,14
Lumbini Province,Eastern Rukum,56,Putha Uttarganga Rural Municipality,Rural Municipality,12,14
Lumbini Province,Eastern Rukum,56,Putha Uttarganga Rural Municipality,Rural Municipality,13,14
Lumbini Province,Eastern Rukum,56,Putha Uttarganga Rural Municipality,Rural Municipality,14,14
Lumbini Province,Eastern Rukum,56,Bhume Rural Municipality,Rural Municipality,1,9
Lumbini Province,Eastern Rukum,56,Bhume Rural Municipality,Rural Municipality,2,9
Lumbini Province,Eastern Rukum,56,Bhume Rural Municipality,Rural Municipality,3,9
Lumbini Province,Eastern Rukum,56,Bhume Rural Municipality,Rural Municipality,4,9
Lumbini Province,Eastern Rukum,56,Bhume Rural Municipality,Rural Municipality,5,9
Lumbini Province,Eastern Rukum,56,Bhume Rural Municipality,Rural Municipality,6,9
Lumbini Province,Eastern Rukum,56,Bhume Rural Municipality,Rural Municipality,7,9
Lumbini Province,Eastern Rukum,56,Bhume Rural Municipality,Rural Municipality,8,9
Lumbini Province,Eastern Rukum,56,Bhume Rural Municipality,Rural Municipality,9,9
Lumbini Province,Eastern Rukum,56,Sisne Rural Municipality,Rural Municipality,1,8
Lumbini Province,Eastern Rukum,56,Sisne Rural Municipality,Rural Municipality,2,8
Lumbini Province,Eastern Rukum,56,Sisne Rural Municipality,Rural Municipality,3,8
Lumbini Province,Eastern Rukum,56,Sisne Rural Municipality,Rural Municipality,4,8
Lumbini Province,Eastern Rukum,56,Sisne Rural Municipality,Rural Municipality,5,8
Lumbini Province,Eastern Rukum,56,Sisne Rural Municipality,Rural Municipality,6,8
Lumbini Province,Eastern Rukum,56,Sisne Rural Municipality,Rural Municipality,7,8
Lumbini Province,Eastern Rukum,56,Sisne Rural Municipality,Rural Municipality,8,8
Lumbini Province,Banke,57,Nepalgunj Sub-Metropolitan City,Sub-Metropolitan City,1,23
Lumbini Province,Banke,57,Nepalgunj Sub-Metropolitan City,Sub-Metropolitan City,2,23
Lumbini Province,Banke,57,Nepalgunj Sub-Metropolitan City,Sub-Metropolitan City,3,23
Lumbini Province,Banke,57,Nepalgunj Sub-Metropolitan City,Sub-Metropolitan City,4,23
Lumbini Province,Banke,57,Nepalgunj Sub-Metropolitan City,Sub-Metropolitan City,5,23
Lumbini Province,Banke,57,Nepalgunj Sub-Metropolitan City,Sub-Metropolitan City,6,23
Lumbini Province,Banke,57,Nepalgunj Sub-Metropolitan City,Sub-Metropolitan City,7,23
Lumbini Province,Banke,57,Nepalgunj Sub-Metropolitan City,Sub-Metropolitan City,8,23
Lumbini Province,Banke,57,Nepalgunj Sub-Metropolitan City,Sub-Metropolitan City,9,23
Lumbini Province,Banke,57,Nepalgunj Sub-Metropolitan City,Sub-Metropolitan City,10,23
Lumbini Province,Banke,57,Nepalgunj Sub-Metropolitan City,Sub-Metropolitan City,11,23
Lumbini Province,Banke,57,Nepalgunj Sub-Metropolitan City,Sub-Metropolitan City,12,23
Lumbini Province,Banke,57,Nepalgunj Sub-Metropolitan City,Sub-Metropolitan City,13,23
Lumbini Province,Banke,57,Nepalgunj Sub-Metropolitan City,Sub-Metropolitan City,14,23
Lumbini Province,Banke,57,Nepalgunj Sub-Metropolitan City,Sub-Metropolitan City,15,23
Lumbini Province,Banke,57,Nepalgunj Sub-Metropolitan City,Sub-Metropolitan City,16,23
Lumbini Province,Banke,57,Nepalgunj Sub-Metropolitan City,Sub-Metropolitan City,17,23
Lumbini Province,Banke,57,Nepalgunj Sub-Metropolitan City,Sub-Metropolitan City,18,23
Lumbini Province,Banke,57,Nepalgunj Sub-Metropolitan City,Sub-Metropolitan City,19,23
Lumbini Province,Banke,57,Nepalgunj Sub-Metropolitan City,Sub-Metropolitan City,20,23
Lumbini Province,Banke,57,Nepalgunj Sub-Metropolitan City,Sub-Metropolitan City,21,23
Lumbini Province,Banke,57,Nepalgunj Sub-Metropolitan City,Sub-Metropolitan City,22,23
Lumbini Province,Banke,57,Nepalgunj Sub-Metropolitan City,Sub-Metropolitan City,23,23
Lumbini Province,Banke,57,Kohalpur Municipality,Municipality,1,15
Lumbini Province,Banke,57,Kohalpur Municipality,Municipality,2,15
Lumbini Province,Banke,57,Kohalpur Municipality,Municipality,3,15
Lumbini Province,Banke,57,Kohalpur Municipality,Municipality,4,15
Lumbini Province,Banke,57,Kohalpur Municipality,Municipality,5,15
Lumbini Province,Banke,57,Kohalpur Municipality,Municipality,6,15
Lumbini Province,Banke,57,Kohalpur Municipality,Municipality,7,15
Lumbini Province,Banke,57,Kohalpur Municipality,Municipality,8,15
Lumbini Province,Banke,57,Kohalpur Municipality,Municipality,9,15
Lumbini Province,Banke,57,Kohalpur Municipality,Municipality,10,15
Lumbini Province,Banke,57,Kohalpur Municipality,Municipality,11,15
Lumbini Province,Banke,57,Kohalpur Municipality,Municipality,12,15
Lumbini Province,Banke,57,Kohalpur Municipality,Municipality,13,15
Lumbini Province,Banke,57,Kohalpur Municipality,Municipality,14,15
Lumbini Province,Banke,57,Kohalpur Municipality,Municipality,15,15
Lumbini Province,Banke,57,Rapti-Sonari Rural Municipality,Rural Municipality,1,9
Lumbini Province,Banke,57,Rapti-Sonari Rural Municipality,Rural Municipality,2,9
Lumbini Province,Banke,57,Rapti-Sonari Rural Municipality,Rural Municipality,3,9
Lumbini Province,Banke,57,Rapti-Sonari Rural Municipality,Rural Municipality,4,9
Lumbini Province,Banke,57,Rapti-Sonari Rural Municipality,Rural Municipality,5,9
Lumbini Province,Banke,57,Rapti-Sonari Rural Municipality,Rural Municipality,6,9
Lumbini Province,Banke,57,Rapti-Sonari Rural Municipality,Rural Municipality,7,9
Lumbini Province,Banke,57,Rapti-Sonari Rural Municipality,Rural Municipality,8,9
Lumbini Province,Banke,57,Rapti-Sonari Rural Municipality,Rural Municipality,9,9
Lumbini Province,Banke,57,Narainapur Rural Municipality,Rural Municipality,1,6
Lumbini Province,Banke,57,Narainapur Rural Municipality,Rural Municipality,2,6
Lumbini Province,Banke,57,Narainapur Rural Municipality,Rural Municipality,3,6
Lumbini Province,Banke,57,Narainapur Rural Municipality,Rural Municipality,4,6
Lumbini Province,Banke,57,Narainapur Rural Municipality,Rural Municipality,5,6
Lumbini Province,Banke,57,Narainapur Rural Municipality,Rural Municipality,6,6
Lumbini Province,Banke,57,Duduwa Rural Municipality,Rural Municipality,1,6
Lumbini Province,Banke,57,Duduwa Rural Municipality,Rural Municipality,2,6
Lumbini Province,Banke,57,Duduwa Rural Municipality,Rural Municipality,3,6
Lumbini Province,Banke,57,Duduwa Rural Municipality,Rural Municipality,4,6
Lumbini Province,Banke,57,Duduwa Rural Municipality,Rural Municipality,5,6
Lumbini Province,Banke,57,Duduwa Rural Municipality,Rural Municipality,6,6
Lumbini Province,Banke,57,Janaki Rural Municipality,Rural Municipality,1,6
Lumbini Province,Banke,57,Janaki Rural Municipality,Rural Municipality,2,6
Lumbini Province,Banke,57,Janaki Rural Municipality,Rural Municipality,3,6
Lumbini Province,Banke,57,Janaki Rural Municipality,Rural Municipality,4,6
Lumbini Province,Banke,57,Janaki Rural Municipality,Rural Municipality,5,6
Lumbini Province,Banke,57,Janaki Rural Municipality,Rural Municipality,6,6
Lumbini Province,Banke,57,Khajura Rural Municipality,Rural Municipality,1,8
Lumbini Province,Banke,57,Khajura Rural Municipality,Rural Municipality,2,8
Lumbini Province,Banke,57,Khajura Rural Municipality,Rural Municipality,3,8
Lumbini Province,Banke,57,Khajura Rural Municipality,Rural Municipality,4,8
Lumbini Province,Banke,57,Khajura Rural Municipality,Rural Municipality,5,8
Lumbini Province,Banke,57,Khajura Rural Municipality,Rural Municipality,6,8
Lumbini Province,Banke,57,Khajura Rural Municipality,Rural Municipality,7,8
Lumbini Province,Banke,57,Khajura Rural Municipality,Rural Municipality,8,8
Lumbini Province,Banke,57,Baijanath Rural Municipality,Rural Municipality,1,8
Lumbini Province,Banke,57,Baijanath Rural Municipality,Rural Municipality,2,8
Lumbini Province,Banke,57,Baijanath Rural Municipality,Rural Municipality,3,8
Lumbini Province,Banke,57,Baijanath Rural Municipality,Rural Municipality,4,8
Lumbini Province,Banke,57,Baijanath Rural Municipality,Rural Municipality,5,8
Lumbini Province,Banke,57,Baijanath Rural Municipality,Rural Municipality,6,8
Lumbini Province,Banke,57,Baijanath Rural Municipality,Rural Municipality,7,8
Lumbini Province,Banke,57,Baijanath Rural Municipality,Rural Municipality,8,8
Lumbini Province,Bardiya,58,Gulariya Municipality,Municipality,1,12
Lumbini Province,Bardiya,58,Gulariya Municipality,Municipality,2,12
Lumbini Province,Bardiya,58,Gulariya Municipality,Municipality,3,12
Lumbini Province,Bardiya,58,Gulariya Municipality,Municipality,4,12
Lumbini Province,Bardiya,58,Gulariya Municipality,Municipality,5,12
Lumbini Province,Bardiya,58,Gulariya Municipality,Municipality,6,12
Lumbini Province,Bardiya,58,Gulariya Municipality,Municipality,7,12
Lumbini Province,Bardiya,58,Gulariya Municipality,Municipality,8,12
Lumbini Province,Bardiya,58,Gulariya Municipality,Municipality,9,12
Lumbini Province,Bardiya,58,Gulariya Municipality,Municipality,10,12
Lumbini Province,Bardiya,58,Gulariya Municipality,Municipality,11,12
Lumbini Province,Bardiya,58,Gulariya Municipality,Municipality,12,12
Lumbini Province,Bardiya,58,Rajapur Municipality,Municipality,1,10
Lumbini Province,Bardiya,58,Rajapur Municipality,Municipality,2,10
Lumbini Province,Bardiya,58,Rajapur Municipality,Municipality,3,10
Lumbini Province,Bardiya,58,Rajapur Municipality,Municipality,4,10
Lumbini Province,Bardiya,58,Rajapur Municipality,Municipality,5,10
Lumbini Province,Bardiya,58,Rajapur Municipality,Municipality,6,10
Lumbini Province,Bardiya,58,Rajapur Municipality,Municipality,7,10
Lumbini Province,Bardiya,58,Rajapur Municipality,Municipality,8,10
Lumbini Province,Bardiya,58,Rajapur Municipality,Municipality,9,10
Lumbini Province,Bardiya,58,Rajapur Municipality,Municipality,10,10
Lumbini Province,Bardiya,58,Madhuwan Municipality,Municipality,1,9
Lumbini Province,Bardiya,58,Madhuwan Municipality,Municipality,2,9
Lumbini Province,Bardiya,58,Madhuwan Municipality,Municipality,3,9
Lumbini Province,Bardiya,58,Madhuwan Municipality,Municipality,4,9
Lumbini Province,Bardiya,58,Madhuwan Municipality,Municipality,5,9
Lumbini Province,Bardiya,58,Madhuwan Municipality,Municipality,6,9
Lumbini Province,Bardiya,58,Madhuwan Municipality,Municipality,7,9
Lumbini Province,Bardiya,58,Madhuwan Municipality,Municipality,8,9
Lumbini Province,Bardiya,58,Madhuwan Municipality,Municipality,9,9
Lumbini Province,Bardiya,58,Thakurbaba Municipality,Municipality,1,9
Lumbini Province,Bardiya,58,Thakurbaba Municipality,Municipality,2,9
Lumbini Province,Bardiya,58,Thakurbaba Municipality,Municipality,3,9
Lumbini Province,Bardiya,58,Thakurbaba Municipality,Municipality,4,9
Lumbini Province,Bardiya,58,Thakurbaba Municipality,Municipality,5,9
Lumbini Province,Bardiya,58,Thakurbaba Municipality,Municipality,6,9
Lumbini Province,Bardiya,58,Thakurbaba Municipality,Municipality,7,9
Lumbini Province,Bardiya,58,Thakurbaba Municipality,Municipality,8,9
Lumbini Province,Bardiya,58,Thakurbaba Municipality,Municipality,9,9
Lumbini Province,Bardiya,58,Basgadhi Municipality,Municipality,1,9
Lumbini Province,Bardiya,58,Basgadhi Municipality,Municipality,2,9
Lumbini Province,Bardiya,58,Basgadhi Municipality,Municipality,3,9
Lumbini Province,Bardiya,58,Basgadhi Municipality,Municipality,4,9
Lumbini Province,Bardiya,58,Basgadhi Municipality,Municipality,5,9
Lumbini Province,Bardiya,58,Basgadhi Municipality,Municipality,6,9
Lumbini Province,Bardiya,58,Basgadhi Municipality,Municipality,7,9
Lumbini Province,Bardiya,58,Basgadhi Municipality,Municipality,8,9
Lumbini Province,Bardiya,58,Basgadhi Municipality,Municipality,9,9
Lumbini Province,Bardiya,58,Barbardiya Municipality,Municipality,1,11
Lumbini Province,Bardiya,58,Barbardiya Municipality,Municipality,2,11
Lumbini Province,Bardiya,58,Barbardiya Municipality,Municipality,3,11
Lumbini Province,Bardiya,58,Barbardiya Municipality,Municipality,4,11
Lumbini Province,Bardiya,58,Barbardiya Municipality,Municipality,5,11
Lumbini Province,Bardiya,58,Barbardiya Municipality,Municipality,6,11
Lumbini Province,Bardiya,58,Barbardiya Municipality,Municipality,7,11
Lumbini Province,Bardiya,58,Barbardiya Municipality,Municipality,8,11
Lumbini Province,Bardiya,58,Barbardiya Municipality,Municipality,9,11
Lumbini Province,Bardiya,58,Barbardiya Municipality,Municipality,10,11
Lumbini Province,Bardiya,58,Barbardiya Municipality,Municipality,11,11
Lumbini Province,Bardiya,58,Badhaiyatal Rural Municipality,Rural Municipality,1,9
Lumbini Province,Bardiya,58,Badhaiyatal Rural Municipality,Rural Municipality,2,9
Lumbini Province,Bardiya,58,Badhaiyatal Rural Municipality,Rural Municipality,3,9
Lumbini Province,Bardiya,58,Badhaiyatal Rural Municipality,Rural Municipality,4,9
Lumbini Province,Bardiya,58,Badhaiyatal Rural Municipality,Rural Municipality,5,9
Lumbini Province,Bardiya,58,Badhaiyatal Rural Municipality,Rural Municipality,6,9
Lumbini Province,Bardiya,58,Badhaiyatal Rural Municipality,Rural Municipality,7,9
Lumbini Province,Bardiya,58,Badhaiyatal Rural Municipality,Rural Municipality,8,9
Lumbini Province,Bardiya,58,Badhaiyatal Rural Municipality,Rural Municipality,9,9
Lumbini Province,Bardiya,58,Geruwa Rural Municipality,Rural Municipality,1,6
Lumbini Province,Bardiya,58,Geruwa Rural Municipality,Rural Municipality,2,6
Lumbini Province,Bardiya,58,Geruwa Rural Municipality,Rural Municipality,3,6
Lumbini Province,Bardiya,58,Geruwa Rural Municipality,Rural Municipality,4,6
Lumbini Province,Bardiya,58,Geruwa Rural Municipality,Rural Municipality,5,6
Lumbini Province,Bardiya,58,Geruwa Rural Municipality,Rural Municipality,6,6
Karnali Province,Western Rukum,59,Aathabiskot Municipality,Municipality,1,14
Karnali Province,Western Rukum,59,Aathabiskot Municipality,Municipality,2,14
Karnali Province,Western Rukum,59,Aathabiskot Municipality,Municipality,3,14
Karnali Province,Western Rukum,59,Aathabiskot Municipality,Municipality,4,14
Karnali Province,Western Rukum,59,Aathabiskot Municipality,Municipality,5,14
Karnali Province,Western Rukum,59,Aathabiskot Municipality,Municipality,6,14
Karnali Province,Western Rukum,59,Aathabiskot Municipality,Municipality,7,14
Karnali Province,Western Rukum,59,Aathabiskot Municipality,Municipality,8,14
Karnali Province,Western Rukum,59,Aathabiskot Municipality,Municipality,9,14
Karnali Province,Western Rukum,59,Aathabiskot Municipality,Municipality,10,14
Karnali Province,Western Rukum,59,Aathabiskot Municipality,Municipality,11,14
Karnali Province,Western Rukum,59,Aathabiskot Municipality,Municipality,12,14
Karnali Province,Western Rukum,59,Aathabiskot Municipality,Municipality,13,14
Karnali Province,Western Rukum,59,Aathabiskot Municipality,Municipality,14,14
Karnali Province,Western Rukum,59,Musikot Municipality,Municipality,1,14
Karnali Province,Western Rukum,59,Musikot Municipality,Municipality,2,14
Karnali Province,Western Rukum,59,Musikot Municipality,Municipality,3,14
Karnali Province,Western Rukum,59,Musikot Municipality,Municipality,4,14
Karnali Province,Western Rukum,59,Musikot Municipality,Municipality,5,14
Karnali Province,Western Rukum,59,Musikot Municipality,Municipality,6,14
Karnali Province,Western Rukum,59,Musikot Municipality,Municipality,7,14
Karnali Province,Western Rukum,59,Musikot Municipality,Municipality,8,14
Karnali Province,Western Rukum,59,Musikot Municipality,Municipality,9,14
Karnali Province,Western Rukum,59,Musikot Municipality,Municipality,10,14
Karnali Province,Western Rukum,59,Musikot Municipality,Municipality,11,14
Karnali Province,Western Rukum,59,Musikot Municipality,Municipality,12,14
Karnali Province,Western Rukum,59,Musikot Municipality,Municipality,13,14
Karnali Province,Western Rukum,59,Musikot Municipality,Municipality,14,14
Karnali Province,Western Rukum,59,Chaurjahari Municipality,Municipality,1,14
Karnali Province,Western Rukum,59,Chaurjahari Municipality,Municipality,2,14
Karnali Province,Western Rukum,59,Chaurjahari Municipality,Municipality,3,14
Karnali Province,Western Rukum,59,Chaurjahari Municipality,Municipality,4,14
Karnali Province,Western Rukum,59,Chaurjahari Municipality,Municipality,5,14
Karnali Province,Western Rukum,59,Chaurjahari Municipality,Municipality,6,14
Karnali Province,Western Rukum,59,Chaurjahari Municipality,Municipality,7,14
Karnali Province,Western Rukum,59,Chaurjahari Municipality,Municipality,8,14
Karnali Province,Western Rukum,59,Chaurjahari Municipality,Municipality,9,14
Karnali Province,Western Rukum,59,Chaurjahari Municipality,Municipality,10,14
Karnali Province,Western Rukum,59,Chaurjahari Municipality,Municipality,11,14
Karnali Province,Western Rukum,59,Chaurjahari Municipality,Municipality,12,14
Karnali Province,Western Rukum,59,Chaurjahari Municipality,Municipality,13,14
Karnali Province,Western Rukum,59,Chaurjahari Municipality,Municipality,14,14
Karnali Province,Western Rukum,59,SaniBheri Rural Municipality,Rural Municipality,1,11
Karnali Province,Western Rukum,59,SaniBheri Rural Municipality,Rural Municipality,2,11
Karnali Province,Western Rukum,59,SaniBheri Rural Municipality,Rural Municipality,3,11
Karnali Province,Western Rukum,59,SaniBheri Rural Municipality,Rural Municipality,4,11
Karnali Province,Western Rukum,59,SaniBheri Rural Municipality,Rural Municipality,5,11
Karnali Province,Western Rukum,59,SaniBheri Rural Municipality,Rural Municipality,6,11
Karnali Province,Western Rukum,59,SaniBheri Rural Municipality,Rural Municipality,7,11
Karnali Province,Western Rukum,59,SaniBheri Rural Municipality,Rural Municipality,8,11
Karnali Province,Western Rukum,59,SaniBheri Rural Municipality,Rural Municipality,9,11
Karnali Province,Western Rukum,59,SaniBheri Rural Municipality,Rural Municipality,10,11
Karnali Province,Western Rukum,59,SaniBheri Rural Municipality,Rural Municipality,11,11
Karnali Province,Western Rukum,59,Triveni Rural Municipality,Rural Municipality,1,10
Karnali Province,Western Rukum,59,Triveni Rural Municipality,Rural Municipality,2,10
Karnali Province,Western Rukum,59,Triveni Rural Municipality,Rural Municipality,3,10
Karnali Province,Western Rukum,59,Triveni Rural Municipality,Rural Municipality,4,10
Karnali Province,Western Rukum,59,Triveni Rural Municipality,Rural Municipality,5,10
Karnali Province,Western Rukum,59,Triveni Rural Municipality,Rural Municipality,6,10
Karnali Province,Western Rukum,59,Triveni Rural Municipality,Rural Municipality,7,10
Karnali Province,Western Rukum,59,Triveni Rural Municipality,Rural Municipality,8,10
Karnali Province,Western Rukum,59,Triveni Rural Municipality,Rural Municipality,9,10
Karnali Province,Western Rukum,59,Triveni Rural Municipality,Rural Municipality,10,10
Karnali Province,Western Rukum,59,Banphikot Rural Municipality,Rural Municipality,1,10
Karnali Province,Western Rukum,59,Banphikot Rural Municipality,Rural Municipality,2,10
Karnali Province,Western Rukum,59,Banphikot Rural Municipality,Rural Municipality,3,10
Karnali Province,Western Rukum,59,Banphikot Rural Municipality,Rural Municipality,4,10
Karnali Province,Western Rukum,59,Banphikot Rural Municipality,Rural Municipality,5,10
Karnali Province,Western Rukum,59,Banphikot Rural Municipality,Rural Municipality,6,10
Karnali Province,Western Rukum,59,Banphikot Rural Municipality,Rural Municipality,7,10
Karnali Province,Western Rukum,59,Banphikot Rural Municipality,Rural Municipality,8,10
Karnali Province,Western Rukum,59,Banphikot Rural Municipality,Rural Municipality,9,10
Karnali Province,Western Rukum,59,Banphikot Rural Municipality,Rural Municipality,10,10
Karnali Province,Salyan,60,Kumakh Rural Municipality,Rural Municipality,1,7
Karnali Province,Salyan,60,Kumakh Rural Municipality,Rural Municipality,2,7
Karnali Province,Salyan,60,Kumakh Rural Municipality,Rural Municipality,3,7
Karnali Province,Salyan,60,Kumakh Rural Municipality,Rural Municipality,4,7
Karnali Province,Salyan,60,Kumakh Rural Municipality,Rural Municipality,5,7
Karnali Province,Salyan,60,Kumakh Rural Municipality,Rural Municipality,6,7
Karnali Province,Salyan,60,Kumakh Rural Municipality,Rural Municipality,7,7
Karnali Province,Salyan,60,Kalimati Rural Municipality,Rural Municipality,1,7
Karnali Province,Salyan,60,Kalimati Rural Municipality,Rural Municipality,2,7
Karnali Province,Salyan,60,Kalimati Rural Municipality,Rural Municipality,3,7
Karnali Province,Salyan,60,Kalimati Rural Municipality,Rural Municipality,4,7
Karnali Province,Salyan,60,Kalimati Rural Municipality,Rural Municipality,5,7
Karnali Province,Salyan,60,Kalimati Rural Municipality,Rural Municipality,6,7
Karnali Province,Salyan,60,Kalimati Rural Municipality,Rural Municipality,7,7
Karnali Province,Salyan,60,Chhatreshwari Rural Municipality,Rural Municipality,1,7
Karnali Province,Salyan,60,Chhatreshwari Rural Municipality,Rural Municipality,2,7
Karnali Province,Salyan,60,Chhatreshwari Rural Municipality,Rural Municipality,3,7
Karnali Province,Salyan,60,Chhatreshwari Rural Municipality,Rural Municipality,4,7
Karnali Province,Salyan,60,Chhatreshwari Rural Municipality,Rural Municipality,5,7
Karnali Province,Salyan,60,Chhatreshwari Rural Municipality,Rural Municipality,6,7
Karnali Province,Salyan,60,Chhatreshwari Rural Municipality,Rural Municipality,7,7
Karnali Province,Salyan,60,Darma Rural Municipality,Rural Municipality,1,6
Karnali Province,Salyan,60,Darma Rural Municipality,Rural Municipality,2,6
Karnali Province,Salyan,60,Darma Rural Municipality,Rural Municipality,3,6
Karnali Province,Salyan,60,Darma Rural Municipality,Rural Municipality,4,6
Karnali Province,Salyan,60,Darma Rural Municipality,Rural Municipality,5,6
Karnali Province,Salyan,60,Darma Rural Municipality,Rural Municipality,6,6
Karnali Province,Salyan,60,Kapurkot Rural Municipality,Rural Municipality,1,6
Karnali Province,Salyan,60,Kapurkot Rural Municipality,Rural Municipality,2,6
Karnali Province,Salyan,60,Kapurkot Rural Municipality,Rural Municipality,3,6
Karnali Province,Salyan,60,Kapurkot Rural Municipality,Rural Municipality,4,6
Karnali Province,Salyan,60,Kapurkot Rural Municipality,Rural Municipality,5,6
Karnali Province,Salyan,60,Kapurkot Rural Municipality,Rural Municipality,6,6
Karnali Province,Salyan,60,Triveni Rural Municipality,Rural Municipality,1,6
Karnali Province,Salyan,60,Triveni Rural Municipality,Rural Municipality,2,6
Karnali Province,Salyan,60,Triveni Rural Municipality,Rural Municipality,3,6
Karnali Province,Salyan,60,Triveni Rural Municipality,Rural Municipality,4,6
Karnali Province,Salyan,60,Triveni Rural Municipality,Rural Municipality,5,6
Karnali Province,Salyan,60,Triveni Rural Municipality,Rural Municipality,6,6
Karnali Province,Salyan,60,Siddha Kumakh Rural Municipality,Rural Municipality,1,5
Karnali Province,Salyan,60,Siddha Kumakh Rural Municipality,Rural Municipality,2,5
Karnali Province,Salyan,60,Siddha Kumakh Rural Municipality,Rural Municipality,3,5
Karnali Province,Salyan,60,Siddha Kumakh Rural Municipality,Rural Municipality,4,5
Karnali Province,Salyan,60,Siddha Kumakh Rural Municipality,Rural Municipality,5,5
Karnali Province,Salyan,60,Bagchaur Municipality,Municipality,1,12
Karnali Province,Salyan,60,Bagchaur Municipality,Municipality,2,12
Karnali Province,Salyan,60,Bagchaur Municipality,Municipality,3,12
Karnali Province,Salyan,60,Bagchaur Municipality,Municipality,4,12
Karnali Province,Salyan,60,Bagchaur Municipality,Municipality,5,12
Karnali Province,Salyan,60,Bagchaur Municipality,Municipality,6,12
Karnali Province,Salyan,60,Bagchaur Municipality,Municipality,7,12
Karnali Province,Salyan,60,Bagchaur Municipality,Municipality,8,12
Karnali Province,Salyan,60,Bagchaur Municipality,Municipality,9,12
Karnali Province,Salyan,60,Bagchaur Municipality,Municipality,10,12
Karnali Province,Salyan,60,Bagchaur Municipality,Municipality,11,12
Karnali Province,Salyan,60,Bagchaur Municipality,Municipality,12,12
Karnali Province,Salyan,60,Shaarda Municipality,Municipality,1,15
Karnali Province,Salyan,60,Shaarda Municipality,Municipality,2,15
Karnali Province,Salyan,60,Shaarda Municipality,Municipality,3,15
Karnali Province,Salyan,60,Shaarda Municipality,Municipality,4,15
Karnali Province,Salyan,60,Shaarda Municipality,Municipality,5,15
Karnali Province,Salyan,60,Shaarda Municipality,Municipality,6,15
Karnali Province,Salyan,60,Shaarda Municipality,Municipality,7,15
Karnali Province,Salyan,60,Shaarda Municipality,Municipality,8,15
Karnali Province,Salyan,60,Shaarda Municipality,Municipality,9,15
Karnali Province,Salyan,60,Shaarda Municipality,Municipality,10,15
Karnali Province,Salyan,60,Shaarda Municipality,Municipality,11,15
Karnali Province,Salyan,60,Shaarda Municipality,Municipality,12,15
Karnali Province,Salyan,60,Shaarda Municipality,Municipality,13,15
Karnali Province,Salyan,60,Shaarda Municipality,Municipality,14,15
Karnali Province,Salyan,60,Shaarda Municipality,Municipality,15,15
Karnali Province,Salyan,60,Bangad Kupinde Municipality,Municipality,1,12
Karnali Province,Salyan,60,Bangad Kupinde Municipality,Municipality,2,12
Karnali Province,Salyan,60,Bangad Kupinde Municipality,Municipality,3,12
Karnali Province,Salyan,60,Bangad Kupinde Municipality,Municipality,4,12
Karnali Province,Salyan,60,Bangad Kupinde Municipality,Municipality,5,12
Karnali Province,Salyan,60,Bangad Kupinde Municipality,Municipality,6,12
Karnali Province,Salyan,60,Bangad Kupinde Municipality,Municipality,7,12
Karnali Province,Salyan,60,Bangad Kupinde Municipality,Municipality,8,12
Karnali Province,Salyan,60,Bangad Kupinde Municipality,Municipality,9,12
Karnali Province,Salyan,60,Bangad Kupinde Municipality,Municipality,10,12
Karnali Province,Salyan,60,Bangad Kupinde Municipality,Municipality,11,12
Karnali Province,Salyan,60,Bangad Kupinde Municipality,Municipality,12,12
Karnali Province,Dolpa,61,Mudkechula Rural Municipality,Rural Municipality,1,9
Karnali Province,Dolpa,61,Mudkechula Rural Municipality,Rural Municipality,2,9
Karnali Province,Dolpa,61,Mudkechula Rural Municipality,Rural Municipality,3,9
Karnali Province,Dolpa,61,Mudkechula Rural Municipality,Rural Municipality,4,9
Karnali Province,Dolpa,61,Mudkechula Rural Municipality,Rural Municipality,5,9
Karnali Province,Dolpa,61,Mudkechula Rural Municipality,Rural Municipality,6,9
Karnali Province,Dolpa,61,Mudkechula Rural Municipality,Rural Municipality,7,9
Karnali Province,Dolpa,61,Mudkechula Rural Municipality,Rural Municipality,8,9
Karnali Province,Dolpa,61,Mudkechula Rural Municipality,Rural Municipality,9,9
Karnali Province,Dolpa,61,Kaike Rural Municipality,Rural Municipality,1,7
Karnali Province,Dolpa,61,Kaike Rural Municipality,Rural Municipality,2,7
Karnali Province,Dolpa,61,Kaike Rural Municipality,Rural Municipality,3,7
Karnali Province,Dolpa,61,Kaike Rural Municipality,Rural Municipality,4,7
Karnali Province,Dolpa,61,Kaike Rural Municipality,Rural Municipality,5,7
Karnali Province,Dolpa,61,Kaike Rural Municipality,Rural Municipality,6,7
Karnali Province,Dolpa,61,Kaike Rural Municipality,Rural Municipality,7,7
Karnali Province,Dolpa,61,She Phoksundo Rural Municipality,Rural Municipality,1,9
Karnali Province,Dolpa,61,She Phoksundo Rural Municipality,Rural Municipality,2,9
Karnali Province,Dolpa,61,She Phoksundo Rural Municipality,Rural Municipality,3,9
Karnali Province,Dolpa,61,She Phoksundo Rural Municipality,Rural Municipality,4,9
Karnali Province,Dolpa,61,She Phoksundo Rural Municipality,Rural Municipality,5,9
Karnali Province,Dolpa,61,She Phoksundo Rural Municipality,Rural Municipality,6,9
Karnali Province,Dolpa,61,She Phoksundo Rural Municipality,Rural Municipality,7,9
Karnali Province,Dolpa,61,She Phoksundo Rural Municipality,Rural Municipality,8,9
Karnali Province,Dolpa,61,She Phoksundo Rural Municipality,Rural Municipality,9,9
Karnali Province,Dolpa,61,Jagadulla Rural Municipality,Rural Municipality,1,6
Karnali Province,Dolpa,61,Jagadulla Rural Municipality,Rural Municipality,2,6
Karnali Province,Dolpa,61,Jagadulla Rural Municipality,Rural Municipality,3,6
Karnali Province,Dolpa,61,Jagadulla Rural Municipality,Rural Municipality,4,6
Karnali Province,Dolpa,61,Jagadulla Rural Municipality,Rural Municipality,5,6
Karnali Province,Dolpa,61,Jagadulla Rural Municipality,Rural Municipality,6,6
Karnali Province,Dolpa,61,Dolpo Buddha Rural Municipality,Rural Municipality,1,6
Karnali Province,Dolpa,61,Dolpo Buddha Rural Municipality,Rural Municipality,2,6
Karnali Province,Dolpa,61,Dolpo Buddha Rural Municipality,Rural Municipality,3,6
Karnali Province,Dolpa,61,Dolpo Buddha Rural Municipality,Rural Municipality,4,6
Karnali Province,Dolpa,61,Dolpo Buddha Rural Municipality,Rural Municipality,5,6
Karnali Province,Dolpa,61,Dolpo Buddha Rural Municipality,Rural Municipality,6,6
Karnali Province,Dolpa,61,Chharka Tongsong Rural Municipality,Rural Municipality,1,6
Karnali Province,Dolpa,61,Chharka Tongsong Rural Municipality,Rural Municipality,2,6
Karnali Province,Dolpa,61,Chharka Tongsong Rural Municipality,Rural Municipality,3,6
Karnali Province,Dolpa,61,Chharka Tongsong Rural Municipality,Rural Municipality,4,6
Karnali Province,Dolpa,61,Chharka Tongsong Rural Municipality,Rural Municipality,5,6
Karnali Province,Dolpa,61,Chharka Tongsong Rural Municipality,Rural Municipality,6,6
Karnali Province,Dolpa,61,Thuli Bheri Municipality,Municipality,1,11
Karnali Province,Dolpa,61,Thuli Bheri Municipality,Municipality,2,11
Karnali Province,Dolpa,61,Thuli Bheri Municipality,Municipality,3,11
Karnali Province,Dolpa,61,Thuli Bheri Municipality,Municipality,4,11
Karnali Province,Dolpa,61,Thuli Bheri Municipality,Municipality,5,11
Karnali Province,Dolpa,61,Thuli Bheri Municipality,Municipality,6,11
Karnali Province,Dolpa,61,Thuli Bheri Municipality,Municipality,7,11
Karnali Province,Dolpa,61,Thuli Bheri Municipality,Municipality,8,11
Karnali Province,Dolpa,61,Thuli Bheri Municipality,Municipality,9,11
Karnali Province,Dolpa,61,Thuli Bheri Municipality,Municipality,10,11
Karnali Province,Dolpa,61,Thuli Bheri Municipality,Municipality,11,11
Karnali Province,Dolpa,61,Tripurasundari Municipality,Municipality,1,11
Karnali Province,Dolpa,61,Tripurasundari Municipality,Municipality,2,11
Karnali Province,Dolpa,61,Tripurasundari Municipality,Municipality,3,11
Karnali Province,Dolpa,61,Tripurasundari Municipality,Municipality,4,11
Karnali Province,Dolpa,61,Tripurasundari Municipality,Municipality,5,11
Karnali Province,Dolpa,61,Tripurasundari Municipality,Municipality,6,11
Karnali Province,Dolpa,61,Tripurasundari Municipality,Municipality,7,11
Karnali Province,Dolpa,61,Tripurasundari Municipality,Municipality,8,11
Karnali Province,Dolpa,61,Tripurasundari Municipality,Municipality,9,11
Karnali Province,Dolpa,61,Tripurasundari Municipality,Municipality,10,11
Karnali Province,Dolpa,61,Tripurasundari Municipality,Municipality,11,11
Karnali Province,Humla,62,Simkot Rural Municipality,Rural Municipality,1,8
Karnali Province,Humla,62,Simkot Rural Municipality,Rural Municipality,2,8
Karnali Province,Humla,62,Simkot Rural Municipality,Rural Municipality,3,8
Karnali Province,Humla,62,Simkot Rural Municipality,Rural Municipality,4,8
Karnali Province,Humla,62,Simkot Rural Municipality,Rural Municipality,5,8
Karnali Province,Humla,62,Simkot Rural Municipality,Rural Municipality,6,8
Karnali Province,Humla,62,Simkot Rural Municipality,Rural Municipality,7,8
Karnali Province,Humla,62,Simkot Rural Municipality,Rural Municipality,8,8
Karnali Province,Humla,62,Sarkegad Rural Municipality,Rural Municipality,1,8
Karnali Province,Humla,62,Sarkegad Rural Municipality,Rural Municipality,2,8
Karnali Province,Humla,62,Sarkegad Rural Municipality,Rural Municipality,3,8
Karnali Province,Humla,62,Sarkegad Rural Municipality,Rural Municipality,4,8
Karnali Province,Humla,62,Sarkegad Rural Municipality,Rural Municipality,5,8
Karnali Province,Humla,62,Sarkegad Rural Municipality,Rural Municipality,6,8
Karnali Province,Humla,62,Sarkegad Rural Municipality,Rural Municipality,7,8
Karnali Province,Humla,62,Sarkegad Rural Municipality,Rural Municipality,8,8
Karnali Province,Humla,62,Adanchuli Rural Municipality,Rural Municipality,1,6
Karnali Province,Humla,62,Adanchuli Rural Municipality,Rural Municipality,2,6
Karnali Province,Humla,62,Adanchuli Rural Municipality,Rural Municipality,3,6
Karnali Province,Humla,62,Adanchuli Rural Municipality,Rural Municipality,4,6
Karnali Province,Humla,62,Adanchuli Rural Municipality,Rural Municipality,5,6
Karnali Province,Humla,62,Adanchuli Rural Municipality,Rural Municipality,6,6
Karnali Province,Humla,62,Kharpunath Rural Municipality,Rural Municipality,1,5
Karnali Province,Humla,62,Kharpunath Rural Municipality,Rural Municipality,2,5
Karnali Province,Humla,62,Kharpunath Rural Municipality,Rural Municipality,3,5
Karnali Province,Humla,62,Kharpunath Rural Municipality,Rural Municipality,4,5
Karnali Province,Humla,62,Kharpunath Rural Municipality,Rural Municipality,5,5
Karnali Province,Humla,62,Tanjakot Rural Municipality,Rural Municipality,1,5
Karnali Province,Humla,62,Tanjakot Rural Municipality,Rural Municipality,2,5
Karnali Province,Humla,62,Tanjakot Rural Municipality,Rural Municipality,3,5
Karnali Province,Humla,62,Tanjakot Rural Municipality,Rural Municipality,4,5
Karnali Province,Humla,62,Tanjakot Rural Municipality,Rural Municipality,5,5
Karnali Province,Humla,62,Chankheli Rural Municipality,Rural Municipality,1,6
Karnali Province,Humla,62,Chankheli Rural Municipality,Rural Municipality,2,6
Karnali Province,Humla,62,Chankheli Rural Municipality,Rural Municipality,3,6
Karnali Province,Humla,62,Chankheli Rural Municipality,Rural Municipality,4,6
Karnali Province,Humla,62,Chankheli Rural Municipality,Rural Municipality,5,6
Karnali Province,Humla,62,Chankheli Rural Municipality,Rural Municipality,6,6
Karnali Province,Humla,62,Namkha Rural Municipality,Rural Municipality,1,6
Karnali Province,Humla,62,Namkha Rural Municipality,Rural Municipality,2,6
Karnali Province,Humla,62,Namkha Rural Municipality,Rural Municipality,3,6
Karnali Province,Humla,62,Namkha Rural Municipality,Rural Municipality,4,6
Karnali Province,Humla,62,Namkha Rural Municipality,Rural Municipality,5,6
Karnali Province,Humla,62,Namkha Rural Municipality,Rural Municipality,6,6
Karnali Province,Jumla,63,Tatopani Rural Municipality,Rural Municipality,1,8
Karnali Province,Jumla,63,Tatopani Rural Municipality,Rural Municipality,2,8
Karnali Province,Jumla,63,Tatopani Rural Municipality,Rural Municipality,3,8
Karnali Province,Jumla,63,Tatopani Rural Municipality,Rural Municipality,4,8
Karnali Province,Jumla,63,Tatopani Rural Municipality,Rural Municipality,5,8
Karnali Province,Jumla,63,Tatopani Rural Municipality,Rural Municipality,6,8
Karnali Province,Jumla,63,Tatopani Rural Municipality,Rural Municipality,7,8
Karnali Province,Jumla,63,Tatopani Rural Municipality,Rural Municipality,8,8
Karnali Province,Jumla,63,Patarasi Rural Municipality,Rural Municipality,1,7
Karnali Province,Jumla,63,Patarasi Rural Municipality,Rural Municipality,2,7
Karnali Province,Jumla,63,Patarasi Rural Municipality,Rural Municipality,3,7
Karnali Province,Jumla,63,Patarasi Rural Municipality,Rural Municipality,4,7
Karnali Province,Jumla,63,Patarasi Rural Municipality,Rural Municipality,5,7
Karnali Province,Jumla,63,Patarasi Rural Municipality,Rural Municipality,6,7
Karnali Province,Jumla,63,Patarasi Rural Municipality,Rural Municipality,7,7
Karnali Province,Jumla,63,Tila Rural Municipality,Rural Municipality,1,9
Karnali Province,Jumla,63,Tila Rural Municipality,Rural Municipality,2,9
Karnali Province,Jumla,63,Tila Rural Municipality,Rural Municipality,3,9
Karnali Province,Jumla,63,Tila Rural Municipality,Rural Municipality,4,9
Karnali Province,Jumla,63,Tila Rural Municipality,Rural Municipality,5,9
Karnali Province,Jumla,63,Tila Rural Municipality,Rural Municipality,6,9
Karnali Province,Jumla,63,Tila Rural Municipality,Rural Municipality,7,9
Karnali Province,Jumla,63,Tila Rural Municipality,Rural Municipality,8,9
Karnali Province,Jumla,63,Tila Rural Municipality,Rural Municipality,9,9
Karnali Province,Jumla,63,Kanaka Sundari Rural Municipality,Rural Municipality,1,8
Karnali Province,Jumla,63,Kanaka Sundari Rural Municipality,Rural Municipality,2,8
Karnali Province,Jumla,63,Kanaka Sundari Rural Municipality,Rural Municipality,3,8
Karnali Province,Jumla,63,Kanaka Sundari Rural Municipality,Rural Municipality,4,8
Karnali Province,Jumla,63,Kanaka Sundari Rural Municipality,Rural Municipality,5,8
Karnali Province,Jumla,63,Kanaka Sundari Rural Municipality,Rural Municipality,6,8
Karnali Province,Jumla,63,Kanaka Sundari Rural Municipality,Rural Municipality,7,8
Karnali Province,Jumla,63,Kanaka Sundari Rural Municipality,Rural Municipality,8,8
Karnali Province,Jumla,63,Sinja Rural Municipality,Rural Municipality,1,6
Karnali Province,Jumla,63,Sinja Rural Municipality,Rural Municipality,2,6
Karnali Province,Jumla,63,Sinja Rural Municipality,Rural Municipality,3,6
Karnali Province,Jumla,63,Sinja Rural Municipality,Rural Municipality,4,6
Karnali Province,Jumla,63,Sinja Rural Municipality,Rural Municipality,5,6
Karnali Province,Jumla,63,Sinja Rural Municipality,Rural Municipality,6,6
Karnali Province,Jumla,63,Hima Rural Municipality,Rural Municipality,1,7
Karnali Province,Jumla,63,Hima Rural Municipality,Rural Municipality,2,7
Karnali Province,Jumla,63,Hima Rural Municipality,Rural Municipality,3,7
Karnali Province,Jumla,63,Hima Rural Municipality,Rural Municipality,4,7
Karnali Province,Jumla,63,Hima Rural Municipality,Rural Municipality,5,7
Karnali Province,Jumla,63,Hima Rural Municipality,Rural Municipality,6,7
Karnali Province,Jumla,63,Hima Rural Municipality,Rural Municipality,7,7
Karnali Province,Jumla,63,Guthichaur Rural Municipality,Rural Municipality,1,5
Karnali Province,Jumla,63,Guthichaur Rural Municipality,Rural Municipality,2,5
Karnali Province,Jumla,63,Guthichaur Rural Municipality,Rural Municipality,3,5
Karnali Province,Jumla,63,Guthichaur Rural Municipality,Rural Municipality,4,5
Karnali Province,Jumla,63,Guthichaur Rural Municipality,Rural Municipality,5,5
Karnali Province,Jumla,63,Chandannath Municipality,Municipality,1,10
Karnali Province,Jumla,63,Chandannath Municipality,Municipality,2,10
Karnali Province,Jumla,63,Chandannath Municipality,Municipality,3,10
Karnali Province,Jumla,63,Chandannath Municipality,Municipality,4,10
Karnali Province,Jumla,63,Chandannath Municipality,Municipality,5,10
Karnali Province,Jumla,63,Chandannath Municipality,Municipality,6,10
Karnali Province,Jumla,63,Chandannath Municipality,Municipality,7,10
Karnali Province,Jumla,63,Chandannath Municipality,Municipality,8,10
Karnali Province,Jumla,63,Chandannath Municipality,Municipality,9,10
Karnali Province,Jumla,63,Chandannath Municipality,Municipality,10,10
Karnali Province,Kalikot,64,Khandachakra Municipality,Municipality,1,11
Karnali Province,Kalikot,64,Khandachakra Municipality,Municipality,2,11
Karnali Province,Kalikot,64,Khandachakra Municipality,Municipality,3,11
Karnali Province,Kalikot,64,Khandachakra Municipality,Municipality,4,11
Karnali Province,Kalikot,64,Khandachakra Municipality,Municipality,5,11
Karnali Province,Kalikot,64,Khandachakra Municipality,Municipality,6,11
Karnali Province,Kalikot,64,Khandachakra Municipality,Municipality,7,11
Karnali Province,Kalikot,64,Khandachakra Municipality,Municipality,8,11
Karnali Province,Kalikot,64,Khandachakra Municipality,Municipality,9,11
Karnali Province,Kalikot,64,Khandachakra Municipality,Municipality,10,11
Karnali Province,Kalikot,64,Khandachakra Municipality,Municipality,11,11
Karnali Province,Kalikot,64,Raskot Municipality,Municipality,1,9
Karnali Province,Kalikot,64,Raskot Municipality,Municipality,2,9
Karnali Province,Kalikot,64,Raskot Municipality,Municipality,3,9
Karnali Province,Kalikot,64,Raskot Municipality,Municipality,4,9
Karnali Province,Kalikot,64,Raskot Municipality,Municipality,5,9
Karnali Province,Kalikot,64,Raskot Municipality,Municipality,6,9
Karnali Province,Kalikot,64,Raskot Municipality,Municipality,7,9
Karnali Province,Kalikot,64,Raskot Municipality,Municipality,8,9
Karnali Province,Kalikot,64,Raskot Municipality,Municipality,9,9
Karnali Province,Kalikot,64,Tilagufa Municipality,Municipality,1,11
Karnali Province,Kalikot,64,Tilagufa Municipality,Municipality,2,11
Karnali Province,Kalikot,64,Tilagufa Municipality,Municipality,3,11
Karnali Province,Kalikot,64,Tilagufa Municipality,Municipality,4,11
Karnali Province,Kalikot,64,Tilagufa Municipality,Municipality,5,11
Karnali Province,Kalikot,64,Tilagufa Municipality,Municipality,6,11
Karnali Province,Kalikot,64,Tilagufa Municipality,Municipality,7,11
Karnali Province,Kalikot,64,Tilagufa Municipality,Municipality,8,11
Karnali Province,Kalikot,64,Tilagufa Municipality,Municipality,9,11
Karnali Province,Kalikot,64,Tilagufa Municipality,Municipality,10,11
Karnali Province,Kalikot,64,Tilagufa Municipality,Municipality,11,11
Karnali Province,Kalikot,64,Narharinath Rural Municipality,Rural Municipality,1,9
Karnali Province,Kalikot,64,Narharinath Rural Municipality,Rural Municipality,2,9
Karnali Province,Kalikot,64,Narharinath Rural Municipality,Rural Municipality,3,9
Karnali Province,Kalikot,64,Narharinath Rural Municipality,Rural Municipality,4,9
Karnali Province,Kalikot,64,Narharinath Rural Municipality,Rural Municipality,5,9
Karnali Province,Kalikot,64,Narharinath Rural Municipality,Rural Municipality,6,9
Karnali Province,Kalikot,64,Narharinath Rural Municipality,Rural Municipality,7,9
Karnali Province,Kalikot,64,Narharinath Rural Municipality,Rural Municipality,8,9
Karnali Province,Kalikot,64,Narharinath Rural Municipality,Rural Municipality,9,9
Karnali Province,Kalikot,64,Palata Rural Municipality,Rural Municipality,1,9
Karnali Province,Kalikot,64,Palata Rural Municipality,Rural Municipality,2,9
Karnali Province,Kalikot,64,Palata Rural Municipality,Rural Municipality,3,9
Karnali Province,Kalikot,64,Palata Rural Municipality,Rural Municipality,4,9
Karnali Province,Kalikot,64,Palata Rural Municipality,Rural Municipality,5,9
Karnali Province,Kalikot,64,Palata Rural Municipality,Rural Municipality,6,9
Karnali Province,Kalikot,64,Palata Rural Municipality,Rural Municipality,7,9
Karnali Province,Kalikot,64,Palata Rural Municipality,Rural Municipality,8,9
Karnali Province,Kalikot,64,Palata Rural Municipality,Rural Municipality,9,9
Karnali Province,Kalikot,64,Shubha Kalika Rural Municipality,Rural Municipality,1,8
Karnali Province,Kalikot,64,Shubha Kalika Rural Municipality,Rural Municipality,2,8
Karnali Province,Kalikot,64,Shubha Kalika Rural Municipality,Rural Municipality,3,8
Karnali Province,Kalikot,64,Shubha Kalika Rural Municipality,Rural Municipality,4,8
Karnali Province,Kalikot,64,Shubha Kalika Rural Municipality,Rural Municipality,5,8
Karnali Province,Kalikot,64,Shubha Kalika Rural Municipality,Rural Municipality,6,8
Karnali Province,Kalikot,64,Shubha Kalika Rural Municipality,Rural Municipality,7,8
Karnali Province,Kalikot,64,Shubha Kalika Rural Municipality,Rural Municipality,8,8
Karnali Province,Kalikot,64,Sanni Triveni Rural Municipality,Rural Municipality,1,9
Karnali Province,Kalikot,64,Sanni Triveni Rural Municipality,Rural Municipality,2,9
Karnali Province,Kalikot,64,Sanni Triveni Rural Municipality,Rural Municipality,3,9
Karnali Province,Kalikot,64,Sanni Triveni Rural Municipality,Rural Municipality,4,9
Karnali Province,Kalikot,64,Sanni Triveni Rural Municipality,Rural Municipality,5,9
Karnali Province,Kalikot,64,Sanni Triveni Rural Municipality,Rural Municipality,6,9
Karnali Province,Kalikot,64,Sanni Triveni Rural Municipality,Rural Municipality,7,9
Karnali Province,Kalikot,64,Sanni Triveni Rural Municipality,Rural Municipality,8,9
Karnali Province,Kalikot,64,Sanni Triveni Rural Municipality,Rural Municipality,9,9
Karnali Province,Kalikot,64,Pachaljharana Rural Municipality,Rural Municipality,1,9
Karnali Province,Kalikot,64,Pachaljharana Rural Municipality,Rural Municipality,2,9
Karnali Province,Kalikot,64,Pachaljharana Rural Municipality,Rural Municipality,3,9
Karnali Province,Kalikot,64,Pachaljharana Rural Municipality,Rural Municipality,4,9
Karnali Province,Kalikot,64,Pachaljharana Rural Municipality,Rural Municipality,5,9
Karnali Province,Kalikot,64,Pachaljharana Rural Municipality,Rural Municipality,6,9
Karnali Province,Kalikot,64,Pachaljharana Rural Municipality,Rural Municipality,7,9
Karnali Province,Kalikot,64,Pachaljharana Rural Municipality,Rural Municipality,8,9
Karnali Province,Kalikot,64,Pachaljharana Rural Municipality,Rural Municipality,9,9
Karnali Province,Kalikot,64,Mahawai Rural Municipality,Rural Municipality,1,7
Karnali Province,Kalikot,64,Mahawai Rural Municipality,Rural Municipality,2,7
Karnali Province,Kalikot,64,Mahawai Rural Municipality,Rural Municipality,3,7
Karnali Province,Kalikot,64,Mahawai Rural Municipality,Rural Municipality,4,7
Karnali Province,Kalikot,64,Mahawai Rural Municipality,Rural Municipality,5,7
Karnali Province,Kalikot,64,Mahawai Rural Municipality,Rural Municipality,6,7
Karnali Province,Kalikot,64,Mahawai Rural Municipality,Rural Municipality,7,7
Karnali Province,Mugu,65,Khatyad Rural Municipality,Rural Municipality,1,11
Karnali Province,Mugu,65,Khatyad Rural Municipality,Rural Municipality,2,11
Karnali Province,Mugu,65,Khatyad Rural Municipality,Rural Municipality,3,11
Karnali Province,Mugu,65,Khatyad Rural Municipality,Rural Municipality,4,11
Karnali Province,Mugu,65,Khatyad Rural Municipality,Rural Municipality,5,11
Karnali Province,Mugu,65,Khatyad Rural Municipality,Rural Municipality,6,11
Karnali Province,Mugu,65,Khatyad Rural Municipality,Rural Municipality,7,11
Karnali Province,Mugu,65,Khatyad Rural Municipality,Rural Municipality,8,11
Karnali Province,Mugu,65,Khatyad Rural Municipality,Rural Municipality,9,11
Karnali Province,Mugu,65,Khatyad Rural Municipality,Rural Municipality,10,11
Karnali Province,Mugu,65,Khatyad Rural Municipality,Rural Municipality,11,11
Karnali Province,Mugu,65,Soru Rural Municipality,Rural Municipality,1,11
Karnali Province,Mugu,65,Soru Rural Municipality,Rural Municipality,2,11
Karnali Province,Mugu,65,Soru Rural Municipality,Rural Municipality,3,11
Karnali Province,Mugu,65,Soru Rural Municipality,Rural Municipality,4,11
Karnali Province,Mugu,65,Soru Rural Municipality,Rural Municipality,5,11
Karnali Province,Mugu,65,Soru Rural Municipality,Rural Municipality,6,11
Karnali Province,Mugu,65,Soru Rural Municipality,Rural Municipality,7,11
Karnali Province,Mugu,65,Soru Rural Municipality,Rural Municipality,8,11
Karnali Province,Mugu,65,Soru Rural Municipality,Rural Municipality,9,11
Karnali Province,Mugu,65,Soru Rural Municipality,Rural Municipality,10,11
Karnali Province,Mugu,65,Soru Rural Municipality,Rural Municipality,11,11
Karnali Province,Mugu,65,Mugum Karmarong Rural Municipality,Rural Municipality,1,9
Karnali Province,Mugu,65,Mugum Karmarong Rural Municipality,Rural Municipality,2,9
Karnali Province,Mugu,65,Mugum Karmarong Rural Municipality,Rural Municipality,3,9
Karnali Province,Mugu,65,Mugum Karmarong Rural Municipality,Rural Municipality,4,9
Karnali Province,Mugu,65,Mugum Karmarong Rural Municipality,Rural Municipality,5,9
Karnali Province,Mugu,65,Mugum Karmarong Rural Municipality,Rural Municipality,6,9
Karnali Province,Mugu,65,Mugum Karmarong Rural Municipality,Rural Municipality,7,9
Karnali Province,Mugu,65,Mugum Karmarong Rural Municipality,Rural Municipality,8,9
Karnali Province,Mugu,65,Mugum Karmarong Rural Municipality,Rural Municipality,9,9
Karnali Province,Mugu,65,Chhayanath Rara Municipality,Municipality,1,14
Karnali Province,Mugu,65,Chhayanath Rara Municipality,Municipality,2,14
Karnali Province,Mugu,65,Chhayanath Rara Municipality,Municipality,3,14
Karnali Province,Mugu,65,Chhayanath Rara Municipality,Municipality,4,14
Karnali Province,Mugu,65,Chhayanath Rara Municipality,Municipality,5,14
Karnali Province,Mugu,65,Chhayanath Rara Municipality,Municipality,6,14
Karnali Province,Mugu,65,Chhayanath Rara Municipality,Municipality,7,14
Karnali Province,Mugu,65,Chhayanath Rara Municipality,Municipality,8,14
Karnali Province,Mugu,65,Chhayanath Rara Municipality,Municipality,9,14
Karnali Province,Mugu,65,Chhayanath Rara Municipality,Municipality,10,14
Karnali Province,Mugu,65,Chhayanath Rara Municipality,Municipality,11,14
Karnali Province,Mugu,65,Chhayanath Rara Municipality,Municipality,12,14
Karnali Province,Mugu,65,Chhayanath Rara Municipality,Municipality,13,14
Karnali Province,Mugu,65,Chhayanath Rara Municipality,Municipality,14,14
Karnali Province,Surkhet,66,Simta Rural Municipality,Rural Municipality,1,9
Karnali Province,Surkhet,66,Simta Rural Municipality,Rural Municipality,2,9
Karnali Province,Surkhet,66,Simta Rural Municipality,Rural Municipality,3,9
Karnali Province,Surkhet,66,Simta Rural Municipality,Rural Municipality,4,9
Karnali Province,Surkhet,66,Simta Rural Municipality,Rural Municipality,5,9
Karnali Province,Surkhet,66,Simta Rural Municipality,Rural Municipality,6,9
Karnali Province,Surkhet,66,Simta Rural Municipality,Rural Municipality,7,9
Karnali Province,Surkhet,66,Simta Rural Municipality,Rural Municipality,8,9
Karnali Province,Surkhet,66,Simta Rural Municipality,Rural Municipality,9,9
Karnali Province,Surkhet,66,Barahatal Rural Municipality,Rural Municipality,1,10
Karnali Province,Surkhet,66,Barahatal Rural Municipality,Rural Municipality,2,10
Karnali Province,Surkhet,66,Barahatal Rural Municipality,Rural Municipality,3,10
Karnali Province,Surkhet,66,Barahatal Rural Municipality,Rural Municipality,4,10
Karnali Province,Surkhet,66,Barahatal Rural Municipality,Rural Municipality,5,10
Karnali Province,Surkhet,66,Barahatal Rural Municipality,Rural Municipality,6,10
Karnali Province,Surkhet,66,Barahatal Rural Municipality,Rural Municipality,7,10
Karnali Province,Surkhet,66,Barahatal Rural Municipality,Rural Municipality,8,10
Karnali Province,Surkhet,66,Barahatal Rural Municipality,Rural Municipality,9,10
Karnali Province,Surkhet,66,Barahatal Rural Municipality,Rural Municipality,10,10
Karnali Province,Surkhet,66,Chaukune Rural Municipality,Rural Municipality,1,10
Karnali Province,Surkhet,66,Chaukune Rural Municipality,Rural Municipality,2,10
Karnali Province,Surkhet,66,Chaukune Rural Municipality,Rural Municipality,3,10
Karnali Province,Surkhet,66,Chaukune Rural Municipality,Rural Municipality,4,10
Karnali Province,Surkhet,66,Chaukune Rural Municipality,Rural Municipality,5,10
Karnali Province,Surkhet,66,Chaukune Rural Municipality,Rural Municipality,6,10
Karnali Province,Surkhet,66,Chaukune Rural Municipality,Rural Municipality,7,10
Karnali Province,Surkhet,66,Chaukune Rural Municipality,Rural Municipality,8,10
Karnali Province,Surkhet,66,Chaukune Rural Municipality,Rural Municipality,9,10
Karnali Province,Surkhet,66,Chaukune Rural Municipality,Rural Municipality,10,10
Karnali Province,Surkhet,66,Chingad Rural Municipality,Rural Municipality,1,6
Karnali Province,Surkhet,66,Chingad Rural Municipality,Rural Municipality,2,6
Karnali Province,Surkhet,66,Chingad Rural Municipality,Rural Municipality,3,6
Karnali Province,Surkhet,66,Chingad Rural Municipality,Rural Municipality,4,6
Karnali Province,Surkhet,66,Chingad Rural Municipality,Rural Municipality,5,6
Karnali Province,Surkhet,66,Chingad Rural Municipality,Rural Municipality,6,6
Karnali Province,Surkhet,66,Gurbhakot Municipality,Municipality,1,14
Karnali Province,Surkhet,66,Gurbhakot Municipality,Municipality,2,14
Karnali Province,Surkhet,66,Gurbhakot Municipality,Municipality,3,14
Karnali Province,Surkhet,66,Gurbhakot Municipality,Municipality,4,14
Karnali Province,Surkhet,66,Gurbhakot Municipality,Municipality,5,14
Karnali Province,Surkhet,66,Gurbhakot Municipality,Municipality,6,14
Karnali Province,Surkhet,66,Gurbhakot Municipality,Municipality,7,14
Karnali Province,Surkhet,66,Gurbhakot Municipality,Municipality,8,14
Karnali Province,Surkhet,66,Gurbhakot Municipality,Municipality,9,14
Karnali Province,Surkhet,66,Gurbhakot Municipality,Municipality,10,14
Karnali Province,Surkhet,66,Gurbhakot Municipality,Municipality,11,14
Karnali Province,Surkhet,66,Gurbhakot Municipality,Municipality,12,14
Karnali Province,Surkhet,66,Gurbhakot Municipality,Municipality,13,14
Karnali Province,Surkhet,66,Gurbhakot Municipality,Municipality,14,14
Karnali Province,Surkhet,66,Birendranagar Municipality,Municipality,1,16
Karnali Province,Surkhet,66,Birendranagar Municipality,Municipality,2,16
Karnali Province,Surkhet,66,Birendranagar Municipality,Municipality,3,16
Karnali Province,Surkhet,66,Birendranagar Municipality,Municipality,4,16
Karnali Province,Surkhet,66,Birendranagar Municipality,Municipality,5,16
Karnali Province,Surkhet,66,Birendranagar Municipality,Municipality,6,16
Karnali Province,Surkhet,66,Birendranagar Municipality,Municipality,7,16
Karnali Province,Surkhet,66,Birendranagar Municipality,Municipality,8,16
Karnali Province,Surkhet,66,Birendranagar Municipality,Municipality,9,16
Karnali Province,Surkhet,66,Birendranagar Municipality,Municipality,10,16
Karnali Province,Surkhet,66,Birendranagar Municipality,Municipality,11,16
Karnali Province,Surkhet,66,Birendranagar Municipality,Municipality,12,16
Karnali Province,Surkhet,66,Birendranagar Municipality,Municipality,13,16
Karnali Province,Surkhet,66,Birendranagar Municipality,Municipality,14,16
Karnali Province,Surkhet,66,Birendranagar Municipality,Municipality,15,16
Karnali Province,Surkhet,66,Birendranagar Municipality,Municipality,16,16
Karnali Province,Surkhet,66,Bheriganga Municipality,Municipality,1,13
Karnali Province,Surkhet,66,Bheriganga Municipality,Municipality,2,13
Karnali Province,Surkhet,66,Bheriganga Municipality,Municipality,3,13
Karnali Province,Surkhet,66,Bheriganga Municipality,Municipality,4,13
Karnali Province,Surkhet,66,Bheriganga Municipality,Municipality,5,13
Karnali Province,Surkhet,66,Bheriganga Municipality,Municipality,6,13
Karnali Province,Surkhet,66,Bheriganga Municipality,Municipality,7,13
Karnali Province,Surkhet,66,Bheriganga Municipality,Municipality,8,13
Karnali Province,Surkhet,66,Bheriganga Municipality,Municipality,9,13
Karnali Province,Surkhet,66,Bheriganga Municipality,Municipality,10,13
Karnali Province,Surkhet,66,Bheriganga Municipality,Municipality,11,13
Karnali Province,Surkhet,66,Bheriganga Municipality,Municipality,12,13
Karnali Province,Surkhet,66,Bheriganga Municipality,Municipality,13,13
Karnali Province,Surkhet,66,Panchapuri Municipality,Municipality,1,11
Karnali Province,Surkhet,66,Panchapuri Municipality,Municipality,2,11
Karnali Province,Surkhet,66,Panchapuri Municipality,Municipality,3,11
Karnali Province,Surkhet,66,Panchapuri Municipality,Municipality,4,11
Karnali Province,Surkhet,66,Panchapuri Municipality,Municipality,5,11
Karnali Province,Surkhet,66,Panchapuri Municipality,Municipality,6,11
Karnali Province,Surkhet,66,Panchapuri Municipality,Municipality,7,11
Karnali Province,Surkhet,66,Panchapuri Municipality,Municipality,8,11
Karnali Province,Surkhet,66,Panchapuri Municipality,Municipality,9,11
Karnali Province,Surkhet,66,Panchapuri Municipality,Municipality,10,11
Karnali Province,Surkhet,66,Panchapuri Municipality,Municipality,11,11
Karnali Province,Surkhet,66,Lekbeshi Municipality,Municipality,1,10
Karnali Province,Surkhet,66,Lekbeshi Municipality,Municipality,2,10
Karnali Province,Surkhet,66,Lekbeshi Municipality,Municipality,3,10
Karnali Province,Surkhet,66,Lekbeshi Municipality,Municipality,4,10
Karnali Province,Surkhet,66,Lekbeshi Municipality,Municipality,5,10
Karnali Province,Surkhet,66,Lekbeshi Municipality,Municipality,6,10
Karnali Province,Surkhet,66,Lekbeshi Municipality,Municipality,7,10
Karnali Province,Surkhet,66,Lekbeshi Municipality,Municipality,8,10
Karnali Province,Surkhet,66,Lekbeshi Municipality,Municipality,9,10
Karnali Province,Surkhet,66,Lekbeshi Municipality,Municipality,10,10
Karnali Province,Dailekh,67,Dullu Municipality,Municipality,1,13
Karnali Province,Dailekh,67,Dullu Municipality,Municipality,2,13
Karnali Province,Dailekh,67,Dullu Municipality,Municipality,3,13
Karnali Province,Dailekh,67,Dullu Municipality,Municipality,4,13
Karnali Province,Dailekh,67,Dullu Municipality,Municipality,5,13
Karnali Province,Dailekh,67,Dullu Municipality,Municipality,6,13
Karnali Province,Dailekh,67,Dullu Municipality,Municipality,7,13
Karnali Province,Dailekh,67,Dullu Municipality,Municipality,8,13
Karnali Province,Dailekh,67,Dullu Municipality,Municipality,9,13
Karnali Province,Dailekh,67,Dullu Municipality,Municipality,10,13
Karnali Province,Dailekh,67,Dullu Municipality,Municipality,11,13
Karnali Province,Dailekh,67,Dullu Municipality,Municipality,12,13
Karnali Province,Dailekh,67,Dullu Municipality,Municipality,13,13
Karnali Province,Dailekh,67,Gurans Rural Municipality,Rural Municipality,1,8
Karnali Province,Dailekh,67,Gurans Rural Municipality,Rural Municipality,2,8
Karnali Province,Dailekh,67,Gurans Rural Municipality,Rural Municipality,3,8
Karnali Province,Dailekh,67,Gurans Rural Municipality,Rural Municipality,4,8
Karnali Province,Dailekh,67,Gurans Rural Municipality,Rural Municipality,5,8
Karnali Province,Dailekh,67,Gurans Rural Municipality,Rural Municipality,6,8
Karnali Province,Dailekh,67,Gurans Rural Municipality,Rural Municipality,7,8
Karnali Province,Dailekh,67,Gurans Rural Municipality,Rural Municipality,8,8
Karnali Province,Dailekh,67,Bhairabi Rural Municipality,Rural Municipality,1,7
Karnali Province,Dailekh,67,Bhairabi Rural Municipality,Rural Municipality,2,7
Karnali Province,Dailekh,67,Bhairabi Rural Municipality,Rural Municipality,3,7
Karnali Province,Dailekh,67,Bhairabi Rural Municipality,Rural Municipality,4,7
Karnali Province,Dailekh,67,Bhairabi Rural Municipality,Rural Municipality,5,7
Karnali Province,Dailekh,67,Bhairabi Rural Municipality,Rural Municipality,6,7
Karnali Province,Dailekh,67,Bhairabi Rural Municipality,Rural Municipality,7,7
Karnali Province,Dailekh,67,Naumule Rural Municipality,Rural Municipality,1,8
Karnali Province,Dailekh,67,Naumule Rural Municipality,Rural Municipality,2,8
Karnali Province,Dailekh,67,Naumule Rural Municipality,Rural Municipality,3,8
Karnali Province,Dailekh,67,Naumule Rural Municipality,Rural Municipality,4,8
Karnali Province,Dailekh,67,Naumule Rural Municipality,Rural Municipality,5,8
Karnali Province,Dailekh,67,Naumule Rural Municipality,Rural Municipality,6,8
Karnali Province,Dailekh,67,Naumule Rural Municipality,Rural Municipality,7,8
Karnali Province,Dailekh,67,Naumule Rural Municipality,Rural Municipality,8,8
Karnali Province,Dailekh,67,Mahabu Rural Municipality,Rural Municipality,1,6
Karnali Province,Dailekh,67,Mahabu Rural Municipality,Rural Municipality,2,6
Karnali Province,Dailekh,67,Mahabu Rural Municipality,Rural Municipality,3,6
Karnali Province,Dailekh,67,Mahabu Rural Municipality,Rural Municipality,4,6
Karnali Province,Dailekh,67,Mahabu Rural Municipality,Rural Municipality,5,6
Karnali Province,Dailekh,67,Mahabu Rural Municipality,Rural Municipality,6,6
Karnali Province,Dailekh,67,Thantikandh Rural Municipality,Rural Municipality,1,6
Karnali Province,Dailekh,67,Thantikandh Rural Municipality,Rural Municipality,2,6
Karnali Province,Dailekh,67,Thantikandh Rural Municipality,Rural Municipality,3,6
Karnali Province,Dailekh,67,Thantikandh Rural Municipality,Rural Municipality,4,6
Karnali Province,Dailekh,67,Thantikandh Rural Municipality,Rural Municipality,5,6
Karnali Province,Dailekh,67,Thantikandh Rural Municipality,Rural Municipality,6,6
Karnali Province,Dailekh,67,Bhagawatimai Rural Municipality,Rural Municipality,1,7
Karnali Province,Dailekh,67,Bhagawatimai Rural Municipality,Rural Municipality,2,7
Karnali Province,Dailekh,67,Bhagawatimai Rural Municipality,Rural Municipality,3,7
Karnali Province,Dailekh,67,Bhagawatimai Rural Municipality,Rural Municipality,4,7
Karnali Province,Dailekh,67,Bhagawatimai Rural Municipality,Rural Municipality,5,7
Karnali Province,Dailekh,67,Bhagawatimai Rural Municipality,Rural Municipality,6,7
Karnali Province,Dailekh,67,Bhagawatimai Rural Municipality,Rural Municipality,7,7
Karnali Province,Dailekh,67,Dungeshwar Rural Municipality,Rural Municipality,1,6
Karnali Province,Dailekh,67,Dungeshwar Rural Municipality,Rural Municipality,2,6
Karnali Province,Dailekh,67,Dungeshwar Rural Municipality,Rural Municipality,3,6
Karnali Province,Dailekh,67,Dungeshwar Rural Municipality,Rural Municipality,4,6
Karnali Province,Dailekh,67,Dungeshwar Rural Municipality,Rural Municipality,5,6
Karnali Province,Dailekh,67,Dungeshwar Rural Municipality,Rural Municipality,6,6
Karnali Province,Dailekh,67,Aathabis Municipality,Municipality,1,9
Karnali Province,Dailekh,67,Aathabis Municipality,Municipality,2,9
Karnali Province,Dailekh,67,Aathabis Municipality,Municipality,3,9
Karnali Province,Dailekh,67,Aathabis Municipality,Municipality,4,9
Karnali Province,Dailekh,67,Aathabis Municipality,Municipality,5,9
Karnali Province,Dailekh,67,Aathabis Municipality,Municipality,6,9
Karnali Province,Dailekh,67,Aathabis Municipality,Municipality,7,9
Karnali Province,Dailekh,67,Aathabis Municipality,Municipality,8,9
Karnali Province,Dailekh,67,Aathabis Municipality,Municipality,9,9
Karnali Province,Dailekh,67,Narayan Municipality,Municipality,1,11
Karnali Province,Dailekh,67,Narayan Municipality,Municipality,2,11
Karnali Province,Dailekh,67,Narayan Municipality,Municipality,3,11
Karnali Province,Dailekh,67,Narayan Municipality,Municipality,4,11
Karnali Province,Dailekh,67,Narayan Municipality,Municipality,5,11
Karnali Province,Dailekh,67,Narayan Municipality,Municipality,6,11
Karnali Province,Dailekh,67,Narayan Municipality,Municipality,7,11
Karnali Province,Dailekh,67,Narayan Municipality,Municipality,8,11
Karnali Province,Dailekh,67,Narayan Municipality,Municipality,9,11
Karnali Province,Dailekh,67,Narayan Municipality,Municipality,10,11
Karnali Province,Dailekh,67,Narayan Municipality,Municipality,11,11
Karnali Province,Dailekh,67,Chamunda Bindrasaini Municipality,Municipality,1,9
Karnali Province,Dailekh,67,Chamunda Bindrasaini Municipality,Municipality,2,9
Karnali Province,Dailekh,67,Chamunda Bindrasaini Municipality,Municipality,3,9
Karnali Province,Dailekh,67,Chamunda Bindrasaini Municipality,Municipality,4,9
Karnali Province,Dailekh,67,Chamunda Bindrasaini Municipality,Municipality,5,9
Karnali Province,Dailekh,67,Chamunda Bindrasaini Municipality,Municipality,6,9
Karnali Province,Dailekh,67,Chamunda Bindrasaini Municipality,Municipality,7,9
Karnali Province,Dailekh,67,Chamunda Bindrasaini Municipality,Municipality,8,9
Karnali Province,Dailekh,67,Chamunda Bindrasaini Municipality,Municipality,9,9
Karnali Province,Jajarkot,68,Chhedagad Municipality,Municipality,1,13
Karnali Province,Jajarkot,68,Chhedagad Municipality,Municipality,2,13
Karnali Province,Jajarkot,68,Chhedagad Municipality,Municipality,3,13
Karnali Province,Jajarkot,68,Chhedagad Municipality,Municipality,4,13
Karnali Province,Jajarkot,68,Chhedagad Municipality,Municipality,5,13
Karnali Province,Jajarkot,68,Chhedagad Municipality,Municipality,6,13
Karnali Province,Jajarkot,68,Chhedagad Municipality,Municipality,7,13
Karnali Province,Jajarkot,68,Chhedagad Municipality,Municipality,8,13
Karnali Province,Jajarkot,68,Chhedagad Municipality,Municipality,9,13
Karnali Province,Jajarkot,68,Chhedagad Municipality,Municipality,10,13
Karnali Province,Jajarkot,68,Chhedagad Municipality,Municipality,11,13
Karnali Province,Jajarkot,68,Chhedagad Municipality,Municipality,12,13
Karnali Province,Jajarkot,68,Chhedagad Municipality,Municipality,13,13
Karnali Province,Jajarkot,68,Bheri Municipality,Municipality,1,13
Karnali Province,Jajarkot,68,Bheri Municipality,Municipality,2,13
Karnali Province,Jajarkot,68,Bheri Municipality,Municipality,3,13
Karnali Province,Jajarkot,68,Bheri Municipality,Municipality,4,13
Karnali Province,Jajarkot,68,Bheri Municipality,Municipality,5,13
Karnali Province,Jajarkot,68,Bheri Municipality,Municipality,6,13
Karnali Province,Jajarkot,68,Bheri Municipality,Municipality,7,13
Karnali Province,Jajarkot,68,Bheri Municipality,Municipality,8,13
Karnali Province,Jajarkot,68,Bheri Municipality,Municipality,9,13
Karnali Province,Jajarkot,68,Bheri Municipality,Municipality,10,13
Karnali Province,Jajarkot,68,Bheri Municipality,Municipality,11,13
Karnali Province,Jajarkot,68,Bheri Municipality,Municipality,12,13
Karnali Province,Jajarkot,68,Bheri Municipality,Municipality,13,13
Karnali Province,Jajarkot,68,Nalgad Municipality,Municipality,1,13
Karnali Province,Jajarkot,68,Nalgad Municipality,Municipality,2,13
Karnali Province,Jajarkot,68,Nalgad Municipality,Municipality,3,13
Karnali Province,Jajarkot,68,Nalgad Municipality,Municipality,4,13
Karnali Province,Jajarkot,68,Nalgad Municipality,Municipality,5,13
Karnali Province,Jajarkot,68,Nalgad Municipality,Municipality,6,13
Karnali Province,Jajarkot,68,Nalgad Municipality,Municipality,7,13
Karnali Province,Jajarkot,68,Nalgad Municipality,Municipality,8,13
Karnali Province,Jajarkot,68,Nalgad Municipality,Municipality,9,13
Karnali Province,Jajarkot,68,Nalgad Municipality,Municipality,10,13
Karnali Province,Jajarkot,68,Nalgad Municipality,Municipality,11,13
Karnali Province,Jajarkot,68,Nalgad Municipality,Municipality,12,13
Karnali Province,Jajarkot,68,Nalgad Municipality,Municipality,13,13
Karnali Province,Jajarkot,68,Junichande Rural Municipality,Rural Municipality,1,11
Karnali Province,Jajarkot,68,Junichande Rural Municipality,Rural Municipality,2,11
Karnali Province,Jajarkot,68,Junichande Rural Municipality,Rural Municipality,3,11
Karnali Province,Jajarkot,68,Junichande Rural Municipality,Rural Municipality,4,11
Karnali Province,Jajarkot,68,Junichande Rural Municipality,Rural Municipality,5,11
Karnali Province,Jajarkot,68,Junichande Rural Municipality,Rural Municipality,6,11
Karnali Province,Jajarkot,68,Junichande Rural Municipality,Rural Municipality,7,11
Karnali Province,Jajarkot,68,Junichande Rural Municipality,Rural Municipality,8,11
Karnali Province,Jajarkot,68,Junichande Rural Municipality,Rural Municipality,9,11
Karnali Province,Jajarkot,68,Junichande Rural Municipality,Rural Municipality,10,11
Karnali Province,Jajarkot,68,Junichande Rural Municipality,Rural Municipality,11,11
Karnali Province,Jajarkot,68,Kuse Rural Municipality,Rural Municipality,1,9
Karnali Province,Jajarkot,68,Kuse Rural Municipality,Rural Municipality,2,9
Karnali Province,Jajarkot,68,Kuse Rural Municipality,Rural Municipality,3,9
Karnali Province,Jajarkot,68,Kuse Rural Municipality,Rural Municipality,4,9
Karnali Province,Jajarkot,68,Kuse Rural Municipality,Rural Municipality,5,9
Karnali Province,Jajarkot,68,Kuse Rural Municipality,Rural Municipality,6,9
Karnali Province,Jajarkot,68,Kuse Rural Municipality,Rural Municipality,7,9
Karnali Province,Jajarkot,68,Kuse Rural Municipality,Rural Municipality,8,9
Karnali Province,Jajarkot,68,Kuse Rural Municipality,Rural Municipality,9,9
Karnali Province,Jajarkot,68,Barekot Rural Municipality,Rural Municipality,1,9
Karnali Province,Jajarkot,68,Barekot Rural Municipality,Rural Municipality,2,9
Karnali Province,Jajarkot,68,Barekot Rural Municipality,Rural Municipality,3,9
Karnali Province,Jajarkot,68,Barekot Rural Municipality,Rural Municipality,4,9
Karnali Province,Jajarkot,68,Barekot Rural Municipality,Rural Municipality,5,9
Karnali Province,Jajarkot,68,Barekot Rural Municipality,Rural Municipality,6,9
Karnali Province,Jajarkot,68,Barekot Rural Municipality,Rural Municipality,7,9
Karnali Province,Jajarkot,68,Barekot Rural Municipality,Rural Municipality,8,9
Karnali Province,Jajarkot,68,Barekot Rural Municipality,Rural Municipality,9,9
Karnali Province,Jajarkot,68,Shivalaya Rural Municipality,Rural Municipality,1,9
Karnali Province,Jajarkot,68,Shivalaya Rural Municipality,Rural Municipality,2,9
Karnali Province,Jajarkot,68,Shivalaya Rural Municipality,Rural Municipality,3,9
Karnali Province,Jajarkot,68,Shivalaya Rural Municipality,Rural Municipality,4,9
Karnali Province,Jajarkot,68,Shivalaya Rural Municipality,Rural Municipality,5,9
Karnali Province,Jajarkot,68,Shivalaya Rural Municipality,Rural Municipality,6,9
Karnali Province,Jajarkot,68,Shivalaya Rural Municipality,Rural Municipality,7,9
Karnali Province,Jajarkot,68,Shivalaya Rural Municipality,Rural Municipality,8,9
Karnali Province,Jajarkot,68,Shivalaya Rural Municipality,Rural Municipality,9,9
Sudurpaschim Province,Darchula,69,Mahakali Municipality,Municipality,1,9
Sudurpaschim Province,Darchula,69,Mahakali Municipality,Municipality,2,9
Sudurpaschim Province,Darchula,69,Mahakali Municipality,Municipality,3,9
Sudurpaschim Province,Darchula,69,Mahakali Municipality,Municipality,4,9
Sudurpaschim Province,Darchula,69,Mahakali Municipality,Municipality,5,9
Sudurpaschim Province,Darchula,69,Mahakali Municipality,Municipality,6,9
Sudurpaschim Province,Darchula,69,Mahakali Municipality,Municipality,7,9
Sudurpaschim Province,Darchula,69,Mahakali Municipality,Municipality,8,9
Sudurpaschim Province,Darchula,69,Mahakali Municipality,Municipality,9,9
Sudurpaschim Province,Darchula,69,Shailyashikhar Municipality,Municipality,1,9
Sudurpaschim Province,Darchula,69,Shailyashikhar Municipality,Municipality,2,9
Sudurpaschim Province,Darchula,69,Shailyashikhar Municipality,Municipality,3,9
Sudurpaschim Province,Darchula,69,Shailyashikhar Municipality,Municipality,4,9
Sudurpaschim Province,Darchula,69,Shailyashikhar Municipality,Municipality,5,9
Sudurpaschim Province,Darchula,69,Shailyashikhar Municipality,Municipality,6,9
Sudurpaschim Province,Darchula,69,Shailyashikhar Municipality,Municipality,7,9
Sudurpaschim Province,Darchula,69,Shailyashikhar Municipality,Municipality,8,9
Sudurpaschim Province,Darchula,69,Shailyashikhar Municipality,Municipality,9,9
Sudurpaschim Province,Darchula,69,Naugad Rural Municipality,Rural Municipality,1,6
Sudurpaschim Province,Darchula,69,Naugad Rural Municipality,Rural Municipality,2,6
Sudurpaschim Province,Darchula,69,Naugad Rural Municipality,Rural Municipality,3,6
Sudurpaschim Province,Darchula,69,Naugad Rural Municipality,Rural Municipality,4,6
Sudurpaschim Province,Darchula,69,Naugad Rural Municipality,Rural Municipality,5,6
Sudurpaschim Province,Darchula,69,Naugad Rural Municipality,Rural Municipality,6,6
Sudurpaschim Province,Darchula,69,Malikarjun Rural Municipality,Rural Municipality,1,8
Sudurpaschim Province,Darchula,69,Malikarjun Rural Municipality,Rural Municipality,2,8
Sudurpaschim Province,Darchula,69,Malikarjun Rural Municipality,Rural Municipality,3,8
Sudurpaschim Province,Darchula,69,Malikarjun Rural Municipality,Rural Municipality,4,8
Sudurpaschim Province,Darchula,69,Malikarjun Rural Municipality,Rural Municipality,5,8
Sudurpaschim Province,Darchula,69,Malikarjun Rural Municipality,Rural Municipality,6,8
Sudurpaschim Province,Darchula,69,Malikarjun Rural Municipality,Rural Municipality,7,8
Sudurpaschim Province,Darchula,69,Malikarjun Rural Municipality,Rural Municipality,8,8
Sudurpaschim Province,Darchula,69,Marma Rural Municipality,Rural Municipality,1,6
Sudurpaschim Province,Darchula,69,Marma Rural Municipality,Rural Municipality,2,6
Sudurpaschim Province,Darchula,69,Marma Rural Municipality,Rural Municipality,3,6
Sudurpaschim Province,Darchula,69,Marma Rural Municipality,Rural Municipality,4,6
Sudurpaschim Province,Darchula,69,Marma Rural Municipality,Rural Municipality,5,6
Sudurpaschim Province,Darchula,69,Marma Rural Municipality,Rural Municipality,6,6
Sudurpaschim Province,Darchula,69,Lekam Rural Municipality,Rural Municipality,1,6
Sudurpaschim Province,Darchula,69,Lekam Rural Municipality,Rural Municipality,2,6
Sudurpaschim Province,Darchula,69,Lekam Rural Municipality,Rural Municipality,3,6
Sudurpaschim Province,Darchula,69,Lekam Rural Municipality,Rural Municipality,4,6
Sudurpaschim Province,Darchula,69,Lekam Rural Municipality,Rural Municipality,5,6
Sudurpaschim Province,Darchula,69,Lekam Rural Municipality,Rural Municipality,6,6
Sudurpaschim Province,Darchula,69,Duhun Rural Municipality,Rural Municipality,1,5
Sudurpaschim Province,Darchula,69,Duhun Rural Municipality,Rural Municipality,2,5
Sudurpaschim Province,Darchula,69,Duhun Rural Municipality,Rural Municipality,3,5
Sudurpaschim Province,Darchula,69,Duhun Rural Municipality,Rural Municipality,4,5
Sudurpaschim Province,Darchula,69,Duhun Rural Municipality,Rural Municipality,5,5
Sudurpaschim Province,Darchula,69,Vyans Rural Municipality,Rural Municipality,1,6
Sudurpaschim Province,Darchula,69,Vyans Rural Municipality,Rural Municipality,2,6
Sudurpaschim Province,Darchula,69,Vyans Rural Municipality,Rural Municipality,3,6
Sudurpaschim Province,Darchula,69,Vyans Rural Municipality,Rural Municipality,4,6
Sudurpaschim Province,Darchula,69,Vyans Rural Municipality,Rural Municipality,5,6
Sudurpaschim Province,Darchula,69,Vyans Rural Municipality,Rural Municipality,6,6
Sudurpaschim Province,Darchula,69,Apihimal Rural Municipality,Rural Municipality,1,6
Sudurpaschim Province,Darchula,69,Apihimal Rural Municipality,Rural Municipality,2,6
Sudurpaschim Province,Darchula,69,Apihimal Rural Municipality,Rural Municipality,3,6
Sudurpaschim Province,Darchula,69,Apihimal Rural Municipality,Rural Municipality,4,6
Sudurpaschim Province,Darchula,69,Apihimal Rural Municipality,Rural Municipality,5,6
Sudurpaschim Province,Darchula,69,Apihimal Rural Municipality,Rural Municipality,6,6
Sudurpaschim Province,Bajhang,70,Jayaprithvi Municipality,Municipality,1,11
Sudurpaschim Province,Bajhang,70,Jayaprithvi Municipality,Municipality,2,11
Sudurpaschim Province,Bajhang,70,Jayaprithvi Municipality,Municipality,3,11
Sudurpaschim Province,Bajhang,70,Jayaprithvi Municipality,Municipality,4,11
Sudurpaschim Province,Bajhang,70,Jayaprithvi Municipality,Municipality,5,11
Sudurpaschim Province,Bajhang,70,Jayaprithvi Municipality,Municipality,6,11
Sudurpaschim Province,Bajhang,70,Jayaprithvi Municipality,Municipality,7,11
Sudurpaschim Province,Bajhang,70,Jayaprithvi Municipality,Municipality,8,11
Sudurpaschim Province,Bajhang,70,Jayaprithvi Municipality,Municipality,9,11
Sudurpaschim Province,Bajhang,70,Jayaprithvi Municipality,Municipality,10,11
Sudurpaschim Province,Bajhang,70,Jayaprithvi Municipality,Municipality,11,11
Sudurpaschim Province,Bajhang,70,Bungal Municipality,Municipality,1,11
Sudurpaschim Province,Bajhang,70,Bungal Municipality,Municipality,2,11
Sudurpaschim Province,Bajhang,70,Bungal Municipality,Municipality,3,11
Sudurpaschim Province,Bajhang,70,Bungal Municipality,Municipality,4,11
Sudurpaschim Province,Bajhang,70,Bungal Municipality,Municipality,5,11
Sudurpaschim Province,Bajhang,70,Bungal Municipality,Municipality,6,11
Sudurpaschim Province,Bajhang,70,Bungal Municipality,Municipality,7,11
Sudurpaschim Province,Bajhang,70,Bungal Municipality,Municipality,8,11
Sudurpaschim Province,Bajhang,70,Bungal Municipality,Municipality,9,11
Sudurpaschim Province,Bajhang,70,Bungal Municipality,Municipality,10,11
Sudurpaschim Province,Bajhang,70,Bungal Municipality,Municipality,11,11
Sudurpaschim Province,Bajhang,70,Kedarsyu Rural Municipality,Rural Municipality,1,9
Sudurpaschim Province,Bajhang,70,Kedarsyu Rural Municipality,Rural Municipality,2,9
Sudurpaschim Province,Bajhang,70,Kedarsyu Rural Municipality,Rural Municipality,3,9
Sudurpaschim Province,Bajhang,70,Kedarsyu Rural Municipality,Rural Municipality,4,9
Sudurpaschim Province,Bajhang,70,Kedarsyu Rural Municipality,Rural Municipality,5,9
Sudurpaschim Province,Bajhang,70,Kedarsyu Rural Municipality,Rural Municipality,6,9
Sudurpaschim Province,Bajhang,70,Kedarsyu Rural Municipality,Rural Municipality,7,9
Sudurpaschim Province,Bajhang,70,Kedarsyu Rural Municipality,Rural Municipality,8,9
Sudurpaschim Province,Bajhang,70,Kedarsyu Rural Municipality,Rural Municipality,9,9
Sudurpaschim Province,Bajhang,70,Thalara Rural Municipality,Rural Municipality,1,9
Sudurpaschim Province,Bajhang,70,Thalara Rural Municipality,Rural Municipality,2,9
Sudurpaschim Province,Bajhang,70,Thalara Rural Municipality,Rural Municipality,3,9
Sudurpaschim Province,Bajhang,70,Thalara Rural Municipality,Rural Municipality,4,9
Sudurpaschim Province,Bajhang,70,Thalara Rural Municipality,Rural Municipality,5,9
Sudurpaschim Province,Bajhang,70,Thalara Rural Municipality,Rural Municipality,6,9
Sudurpaschim Province,Bajhang,70,Thalara Rural Municipality,Rural Municipality,7,9
Sudurpaschim Province,Bajhang,70,Thalara Rural Municipality,Rural Municipality,8,9
Sudurpaschim Province,Bajhang,70,Thalara Rural Municipality,Rural Municipality,9,9
Sudurpaschim Province,Bajhang,70,Bitthadchir Rural Municipality,Rural Municipality,1,9
Sudurpaschim Province,Bajhang,70,Bitthadchir Rural Municipality,Rural Municipality,2,9
Sudurpaschim Province,Bajhang,70,Bitthadchir Rural Municipality,Rural Municipality,3,9
Sudurpaschim Province,Bajhang,70,Bitthadchir Rural Municipality,Rural Municipality,4,9
Sudurpaschim Province,Bajhang,70,Bitthadchir Rural Municipality,Rural Municipality,5,9
Sudurpaschim Province,Bajhang,70,Bitthadchir Rural Municipality,Rural Municipality,6,9
Sudurpaschim Province,Bajhang,70,Bitthadchir Rural Municipality,Rural Municipality,7,9
Sudurpaschim Province,Bajhang,70,Bitthadchir Rural Municipality,Rural Municipality,8,9
Sudurpaschim Province,Bajhang,70,Bitthadchir Rural Municipality,Rural Municipality,9,9
Sudurpaschim Province,Bajhang,70,Chhabis Pathibhera Rural Municipality,Rural Municipality,1,7
Sudurpaschim Province,Bajhang,70,Chhabis Pathibhera Rural Municipality,Rural Municipality,2,7
Sudurpaschim Province,Bajhang,70,Chhabis Pathibhera Rural Municipality,Rural Municipality,3,7
Sudurpaschim Province,Bajhang,70,Chhabis Pathibhera Rural Municipality,Rural Municipality,4,7
Sudurpaschim Province,Bajhang,70,Chhabis Pathibhera Rural Municipality,Rural Municipality,5,7
Sudurpaschim Province,Bajhang,70,Chhabis Pathibhera Rural Municipality,Rural Municipality,6,7
Sudurpaschim Province,Bajhang,70,Chhabis Pathibhera Rural Municipality,Rural Municipality,7,7
Sudurpaschim Province,Bajhang,70,Khaptadchhanna Rural Municipality,Rural Municipality,1,7
Sudurpaschim Province,Bajhang,70,Khaptadchhanna Rural Municipality,Rural Municipality,2,7
Sudurpaschim Province,Bajhang,70,Khaptadchhanna Rural Municipality,Rural Municipality,3,7
Sudurpaschim Province,Bajhang,70,Khaptadchhanna Rural Municipality,Rural Municipality,4,7
Sudurpaschim Province,Bajhang,70,Khaptadchhanna Rural Municipality,Rural Municipality,5,7
Sudurpaschim Province,Bajhang,70,Khaptadchhanna Rural Municipality,Rural Municipality,6,7
Sudurpaschim Province,Bajhang,70,Khaptadchhanna Rural Municipality,Rural Municipality,7,7
Sudurpaschim Province,Bajhang,70,Masta Rural Municipality,Rural Municipality,1,7
Sudurpaschim Province,Bajhang,70,Masta Rural Municipality,Rural Municipality,2,7
Sudurpaschim Province,Bajhang,70,Masta Rural Municipality,Rural Municipality,3,7
Sudurpaschim Province,Bajhang,70,Masta Rural Municipality,Rural Municipality,4,7
Sudurpaschim Province,Bajhang,70,Masta Rural Municipality,Rural Municipality,5,7
Sudurpaschim Province,Bajhang,70,Masta Rural Municipality,Rural Municipality,6,7
Sudurpaschim Province,Bajhang,70,Masta Rural Municipality,Rural Municipality,7,7
Sudurpaschim Province,Bajhang,70,Durgathali Rural Municipality,Rural Municipality,1,7
Sudurpaschim Province,Bajhang,70,Durgathali Rural Municipality,Rural Municipality,2,7
Sudurpaschim Province,Bajhang,70,Durgathali Rural Municipality,Rural Municipality,3,7
Sudurpaschim Province,Bajhang,70,Durgathali Rural Municipality,Rural Municipality,4,7
Sudurpaschim Province,Bajhang,70,Durgathali Rural Municipality,Rural Municipality,5,7
Sudurpaschim Province,Bajhang,70,Durgathali Rural Municipality,Rural Municipality,6,7
Sudurpaschim Province,Bajhang,70,Durgathali Rural Municipality,Rural Municipality,7,7
Sudurpaschim Province,Bajhang,70,Talkot Rural Municipality,Rural Municipality,1,7
Sudurpaschim Province,Bajhang,70,Talkot Rural Municipality,Rural Municipality,2,7
Sudurpaschim Province,Bajhang,70,Talkot Rural Municipality,Rural Municipality,3,7
Sudurpaschim Province,Bajhang,70,Talkot Rural Municipality,Rural Municipality,4,7
Sudurpaschim Province,Bajhang,70,Talkot Rural Municipality,Rural Municipality,5,7
Sudurpaschim Province,Bajhang,70,Talkot Rural Municipality,Rural Municipality,6,7
Sudurpaschim Province,Bajhang,70,Talkot Rural Municipality,Rural Municipality,7,7
Sudurpaschim Province,Bajhang,70,Surma Rural Municipality,Rural Municipality,1,5
Sudurpaschim Province,Bajhang,70,Surma Rural Municipality,Rural Municipality,2,5
Sudurpaschim Province,Bajhang,70,Surma Rural Municipality,Rural Municipality,3,5
Sudurpaschim Province,Bajhang,70,Surma Rural Municipality,Rural Municipality,4,5
Sudurpaschim Province,Bajhang,70,Surma Rural Municipality,Rural Municipality,5,5
Sudurpaschim Province,Bajhang,70,Saipal Rural Municipality,Rural Municipality,1,5
Sudurpaschim Province,Bajhang,70,Saipal Rural Municipality,Rural Municipality,2,5
Sudurpaschim Province,Bajhang,70,Saipal Rural Municipality,Rural Municipality,3,5
Sudurpaschim Province,Bajhang,70,Saipal Rural Municipality,Rural Municipality,4,5
Sudurpaschim Province,Bajhang,70,Saipal Rural Municipality,Rural Municipality,5,5
Sudurpaschim Province,Bajura,71,Badimalika Municipality,Municipality,1,9
Sudurpaschim Province,Bajura,71,Badimalika Municipality,Municipality,2,9
Sudurpaschim Province,Bajura,71,Badimalika Municipality,Municipality,3,9
Sudurpaschim Province,Bajura,71,Badimalika Municipality,Municipality,4,9
Sudurpaschim Province,Bajura,71,Badimalika Municipality,Municipality,5,9
Sudurpaschim Province,Bajura,71,Badimalika Municipality,Municipality,6,9
Sudurpaschim Province,Bajura,71,Badimalika Municipality,Municipality,7,9
Sudurpaschim Province,Bajura,71,Badimalika Municipality,Municipality,8,9
Sudurpaschim Province,Bajura,71,Badimalika Municipality,Municipality,9,9
Sudurpaschim Province,Bajura,71,Triveni Municipality,Municipality,1,9
Sudurpaschim Province,Bajura,71,Triveni Municipality,Municipality,2,9
Sudurpaschim Province,Bajura,71,Triveni Municipality,Municipality,3,9
Sudurpaschim Province,Bajura,71,Triveni Municipality,Municipality,4,9
Sudurpaschim Province,Bajura,71,Triveni Municipality,Municipality,5,9
Sudurpaschim Province,Bajura,71,Triveni Municipality,Municipality,6,9
Sudurpaschim Province,Bajura,71,Triveni Municipality,Municipality,7,9
Sudurpaschim Province,Bajura,71,Triveni Municipality,Municipality,8,9
Sudurpaschim Province,Bajura,71,Triveni Municipality,Municipality,9,9
Sudurpaschim Province,Bajura,71,Budhiganga Municipality,Municipality,1,10
Sudurpaschim Province,Bajura,71,Budhiganga Municipality,Municipality,2,10
Sudurpaschim Province,Bajura,71,Budhiganga Municipality,Municipality,3,10
Sudurpaschim Province,Bajura,71,Budhiganga Municipality,Municipality,4,10
Sudurpaschim Province,Bajura,71,Budhiganga Municipality,Municipality,5,10
Sudurpaschim Province,Bajura,71,Budhiganga Municipality,Municipality,6,10
Sudurpaschim Province,Bajura,71,Budhiganga Municipality,Municipality,7,10
Sudurpaschim Province,Bajura,71,Budhiganga Municipality,Municipality,8,10
Sudurpaschim Province,Bajura,71,Budhiganga Municipality,Municipality,9,10
Sudurpaschim Province,Bajura,71,Budhiganga Municipality,Municipality,10,10
Sudurpaschim Province,Bajura,71,Budhinanda Municipality,Municipality,1,10
Sudurpaschim Province,Bajura,71,Budhinanda Municipality,Municipality,2,10
Sudurpaschim Province,Bajura,71,Budhinanda Municipality,Municipality,3,10
Sudurpaschim Province,Bajura,71,Budhinanda Municipality,Municipality,4,10
Sudurpaschim Province,Bajura,71,Budhinanda Municipality,Municipality,5,10
Sudurpaschim Province,Bajura,71,Budhinanda Municipality,Municipality,6,10
Sudurpaschim Province,Bajura,71,Budhinanda Municipality,Municipality,7,10
Sudurpaschim Province,Bajura,71,Budhinanda Municipality,Municipality,8,10
Sudurpaschim Province,Bajura,71,Budhinanda Municipality,Municipality,9,10
Sudurpaschim Province,Bajura,71,Budhinanda Municipality,Municipality,10,10
Sudurpaschim Province,Bajura,71,Khaptad Chhededaha Rural Municipality,Rural Municipality,1,7
Sudurpaschim Province,Bajura,71,Khaptad Chhededaha Rural Municipality,Rural Municipality,2,7
Sudurpaschim Province,Bajura,71,Khaptad Chhededaha Rural Municipality,Rural Municipality,3,7
Sudurpaschim Province,Bajura,71,Khaptad Chhededaha Rural Municipality,Rural Municipality,4,7
Sudurpaschim Province,Bajura,71,Khaptad Chhededaha Rural Municipality,Rural Municipality,5,7
Sudurpaschim Province,Bajura,71,Khaptad Chhededaha Rural Municipality,Rural Municipality,6,7
Sudurpaschim Province,Bajura,71,Khaptad Chhededaha Rural Municipality,Rural Municipality,7,7
Sudurpaschim Province,Bajura,71,Swami Kartik Khapar Rural Municipality,Rural Municipality,1,5
Sudurpaschim Province,Bajura,71,Swami Kartik Khapar Rural Municipality,Rural Municipality,2,5
Sudurpaschim Province,Bajura,71,Swami Kartik Khapar Rural Municipality,Rural Municipality,3,5
Sudurpaschim Province,Bajura,71,Swami Kartik Khapar Rural Municipality,Rural Municipality,4,5
Sudurpaschim Province,Bajura,71,Swami Kartik Khapar Rural Municipality,Rural Municipality,5,5
Sudurpaschim Province,Bajura,71,Jagannath Rural Municipality,Rural Municipality,1,6
Sudurpaschim Province,Bajura,71,Jagannath Rural Municipality,Rural Municipality,2,6
Sudurpaschim Province,Bajura,71,Jagannath Rural Municipality,Rural Municipality,3,6
Sudurpaschim Province,Bajura,71,Jagannath Rural Municipality,Rural Municipality,4,6
Sudurpaschim Province,Bajura,71,Jagannath Rural Municipality,Rural Municipality,5,6
Sudurpaschim Province,Bajura,71,Jagannath Rural Municipality,Rural Municipality,6,6
Sudurpaschim Province,Bajura,71,Himali Rural Municipality,Rural Municipality,1,7
Sudurpaschim Province,Bajura,71,Himali Rural Municipality,Rural Municipality,2,7
Sudurpaschim Province,Bajura,71,Himali Rural Municipality,Rural Municipality,3,7
Sudurpaschim Province,Bajura,71,Himali Rural Municipality,Rural Municipality,4,7
Sudurpaschim Province,Bajura,71,Himali Rural Municipality,Rural Municipality,5,7
Sudurpaschim Province,Bajura,71,Himali Rural Municipality,Rural Municipality,6,7
Sudurpaschim Province,Bajura,71,Himali Rural Municipality,Rural Municipality,7,7
Sudurpaschim Province,Bajura,71,Gaumul Rural Municipality,Rural Municipality,1,6
Sudurpaschim Province,Bajura,71,Gaumul Rural Municipality,Rural Municipality,2,6
Sudurpaschim Province,Bajura,71,Gaumul Rural Municipality,Rural Municipality,3,6
Sudurpaschim Province,Bajura,71,Gaumul Rural Municipality,Rural Municipality,4,6
Sudurpaschim Province,Bajura,71,Gaumul Rural Municipality,Rural Municipality,5,6
Sudurpaschim Province,Bajura,71,Gaumul Rural Municipality,Rural Municipality,6,6
Sudurpaschim Province,Baitadi,72,Dashrathchanda Municipality,Municipality,1,11
Sudurpaschim Province,Baitadi,72,Dashrathchanda Municipality,Municipality,2,11
Sudurpaschim Province,Baitadi,72,Dashrathchanda Municipality,Municipality,3,11
Sudurpaschim Province,Baitadi,72,Dashrathchanda Municipality,Municipality,4,11
Sudurpaschim Province,Baitadi,72,Dashrathchanda Municipality,Municipality,5,11
Sudurpaschim Province,Baitadi,72,Dashrathchanda Municipality,Municipality,6,11
Sudurpaschim Province,Baitadi,72,Dashrathchanda Municipality,Municipality,7,11
Sudurpaschim Province,Baitadi,72,Dashrathchanda Municipality,Municipality,8,11
Sudurpaschim Province,Baitadi,72,Dashrathchanda Municipality,Municipality,9,11
Sudurpaschim Province,Baitadi,72,Dashrathchanda Municipality,Municipality,10,11
Sudurpaschim Province,Baitadi,72,Dashrathchanda Municipality,Municipality,11,11
Sudurpaschim Province,Baitadi,72,Patan Municipality,Municipality,1,10
Sudurpaschim Province,Baitadi,72,Patan Municipality,Municipality,2,10
Sudurpaschim Province,Baitadi,72,Patan Municipality,Municipality,3,10
Sudurpaschim Province,Baitadi,72,Patan Municipality,Municipality,4,10
Sudurpaschim Province,Baitadi,72,Patan Municipality,Municipality,5,10
Sudurpaschim Province,Baitadi,72,Patan Municipality,Municipality,6,10
Sudurpaschim Province,Baitadi,72,Patan Municipality,Municipality,7,10
Sudurpaschim Province,Baitadi,72,Patan Municipality,Municipality,8,10
Sudurpaschim Province,Baitadi,72,Patan Municipality,Municipality,9,10
Sudurpaschim Province,Baitadi,72,Patan Municipality,Municipality,10,10
Sudurpaschim Province,Baitadi,72,Melauli Municipality,Municipality,1,9
Sudurpaschim Province,Baitadi,72,Melauli Municipality,Municipality,2,9
Sudurpaschim Province,Baitadi,72,Melauli Municipality,Municipality,3,9
Sudurpaschim Province,Baitadi,72,Melauli Municipality,Municipality,4,9
Sudurpaschim Province,Baitadi,72,Melauli Municipality,Municipality,5,9
Sudurpaschim Province,Baitadi,72,Melauli Municipality,Municipality,6,9
Sudurpaschim Province,Baitadi,72,Melauli Municipality,Municipality,7,9
Sudurpaschim Province,Baitadi,72,Melauli Municipality,Municipality,8,9
Sudurpaschim Province,Baitadi,72,Melauli Municipality,Municipality,9,9
Sudurpaschim Province,Baitadi,72,Purchaudi Municipality,Municipality,1,10
Sudurpaschim Province,Baitadi,72,Purchaudi Municipality,Municipality,2,10
Sudurpaschim Province,Baitadi,72,Purchaudi Municipality,Municipality,3,10
Sudurpaschim Province,Baitadi,72,Purchaudi Municipality,Municipality,4,10
Sudurpaschim Province,Baitadi,72,Purchaudi Municipality,Municipality,5,10
Sudurpaschim Province,Baitadi,72,Purchaudi Municipality,Municipality,6,10
Sudurpaschim Province,Baitadi,72,Purchaudi Municipality,Municipality,7,10
Sudurpaschim Province,Baitadi,72,Purchaudi Municipality,Municipality,8,10
Sudurpaschim Province,Baitadi,72,Purchaudi Municipality,Municipality,9,10
Sudurpaschim Province,Baitadi,72,Purchaudi Municipality,Municipality,10,10
Sudurpaschim Province,Baitadi,72,Dogdakedar Rural Municipality,Rural Municipality,1,8
Sudurpaschim Province,Baitadi,72,Dogdakedar Rural Municipality,Rural Municipality,2,8
Sudurpaschim Province,Baitadi,72,Dogdakedar Rural Municipality,Rural Municipality,3,8
Sudurpaschim Province,Baitadi,72,Dogdakedar Rural Municipality,Rural Municipality,4,8
Sudurpaschim Province,Baitadi,72,Dogdakedar Rural Municipality,Rural Municipality,5,8
Sudurpaschim Province,Baitadi,72,Dogdakedar Rural Municipality,Rural Municipality,6,8
Sudurpaschim Province,Baitadi,72,Dogdakedar Rural Municipality,Rural Municipality,7,8
Sudurpaschim Province,Baitadi,72,Dogdakedar Rural Municipality,Rural Municipality,8,8
Sudurpaschim Province,Baitadi,72,Dilashaini Rural Municipality,Rural Municipality,1,7
Sudurpaschim Province,Baitadi,72,Dilashaini Rural Municipality,Rural Municipality,2,7
Sudurpaschim Province,Baitadi,72,Dilashaini Rural Municipality,Rural Municipality,3,7
Sudurpaschim Province,Baitadi,72,Dilashaini Rural Municipality,Rural Municipality,4,7
Sudurpaschim Province,Baitadi,72,Dilashaini Rural Municipality,Rural Municipality,5,7
Sudurpaschim Province,Baitadi,72,Dilashaini Rural Municipality,Rural Municipality,6,7
Sudurpaschim Province,Baitadi,72,Dilashaini Rural Municipality,Rural Municipality,7,7
Sudurpaschim Province,Baitadi,72,Sigas Rural Municipality,Rural Municipality,1,9
Sudurpaschim Province,Baitadi,72,Sigas Rural Municipality,Rural Municipality,2,9
Sudurpaschim Province,Baitadi,72,Sigas Rural Municipality,Rural Municipality,3,9
Sudurpaschim Province,Baitadi,72,Sigas Rural Municipality,Rural Municipality,4,9
Sudurpaschim Province,Baitadi,72,Sigas Rural Municipality,Rural Municipality,5,9
Sudurpaschim Province,Baitadi,72,Sigas Rural Municipality,Rural Municipality,6,9
Sudurpaschim Province,Baitadi,72,Sigas Rural Municipality,Rural Municipality,7,9
Sudurpaschim Province,Baitadi,72,Sigas Rural Municipality,Rural Municipality,8,9
Sudurpaschim Province,Baitadi,72,Sigas Rural Municipality,Rural Municipality,9,9
Sudurpaschim Province,Baitadi,72,Pancheshwar Rural Municipality,Rural Municipality,1,6
Sudurpaschim Province,Baitadi,72,Pancheshwar Rural Municipality,Rural Municipality,2,6
Sudurpaschim Province,Baitadi,72,Pancheshwar Rural Municipality,Rural Municipality,3,6
Sudurpaschim Province,Baitadi,72,Pancheshwar Rural Municipality,Rural Municipality,4,6
Sudurpaschim Province,Baitadi,72,Pancheshwar Rural Municipality,Rural Municipality,5,6
Sudurpaschim Province,Baitadi,72,Pancheshwar Rural Municipality,Rural Municipality,6,6
Sudurpaschim Province,Baitadi,72,Surnaya Rural Municipality,Rural Municipality,1,8
Sudurpaschim Province,Baitadi,72,Surnaya Rural Municipality,Rural Municipality,2,8
Sudurpaschim Province,Baitadi,72,Surnaya Rural Municipality,Rural Municipality,3,8
Sudurpaschim Province,Baitadi,72,Surnaya Rural Municipality,Rural Municipality,4,8
Sudurpaschim Province,Baitadi,72,Surnaya Rural Municipality,Rural Municipality,5,8
Sudurpaschim Province,Baitadi,72,Surnaya Rural Municipality,Rural Municipality,6,8
Sudurpaschim Province,Baitadi,72,Surnaya Rural Municipality,Rural Municipality,7,8
Sudurpaschim Province,Baitadi,72,Surnaya Rural Municipality,Rural Municipality,8,8
Sudurpaschim Province,Baitadi,72,Shivanath Rural Municipality,Rural Municipality,1,6
Sudurpaschim Province,Baitadi,72,Shivanath Rural Municipality,Rural Municipality,2,6
Sudurpaschim Province,Baitadi,72,Shivanath Rural Municipality,Rural Municipality,3,6
Sudurpaschim Province,Baitadi,72,Shivanath Rural Municipality,Rural Municipality,4,6
Sudurpaschim Province,Baitadi,72,Shivanath Rural Municipality,Rural Municipality,5,6
Sudurpaschim Province,Baitadi,72,Shivanath Rural Municipality,Rural Municipality,6,6
Sudurpaschim Province,Doti,73,Dipayal Silgadhi Municipality,Municipality,1,9
Sudurpaschim Province,Doti,73,Dipayal Silgadhi Municipality,Municipality,2,9
Sudurpaschim Province,Doti,73,Dipayal Silgadhi Municipality,Municipality,3,9
Sudurpaschim Province,Doti,73,Dipayal Silgadhi Municipality,Municipality,4,9
Sudurpaschim Province,Doti,73,Dipayal Silgadhi Municipality,Municipality,5,9
Sudurpaschim Province,Doti,73,Dipayal Silgadhi Municipality,Municipality,6,9
Sudurpaschim Province,Doti,73,Dipayal Silgadhi Municipality,Municipality,7,9
Sudurpaschim Province,Doti,73,Dipayal Silgadhi Municipality,Municipality,8,9
Sudurpaschim Province,Doti,73,Dipayal Silgadhi Municipality,Municipality,9,9
Sudurpaschim Province,Doti,73,Shikhar Municipality,Municipality,1,11
Sudurpaschim Province,Doti,73,Shikhar Municipality,Municipality,2,11
Sudurpaschim Province,Doti,73,Shikhar Municipality,Municipality,3,11
Sudurpaschim Province,Doti,73,Shikhar Municipality,Municipality,4,11
Sudurpaschim Province,Doti,73,Shikhar Municipality,Municipality,5,11
Sudurpaschim Province,Doti,73,Shikhar Municipality,Municipality,6,11
Sudurpaschim Province,Doti,73,Shikhar Municipality,Municipality,7,11
Sudurpaschim Province,Doti,73,Shikhar Municipality,Municipality,8,11
Sudurpaschim Province,Doti,73,Shikhar Municipality,Municipality,9,11
Sudurpaschim Province,Doti,73,Shikhar Municipality,Municipality,10,11
Sudurpaschim Province,Doti,73,Shikhar Municipality,Municipality,11,11
Sudurpaschim Province,Doti,73,Aadarsha Rural Municipality,Rural Municipality,1,7
Sudurpaschim Province,Doti,73,Aadarsha Rural Municipality,Rural Municipality,2,7
Sudurpaschim Province,Doti,73,Aadarsha Rural Municipality,Rural Municipality,3,7
Sudurpaschim Province,Doti,73,Aadarsha Rural Municipality,Rural Municipality,4,7
Sudurpaschim Province,Doti,73,Aadarsha Rural Municipality,Rural Municipality,5,7
Sudurpaschim Province,Doti,73,Aadarsha Rural Municipality,Rural Municipality,6,7
Sudurpaschim Province,Doti,73,Aadarsha Rural Municipality,Rural Municipality,7,7
Sudurpaschim Province,Doti,73,Purbichauki Rural Municipality,Rural Municipality,1,7
Sudurpaschim Province,Doti,73,Purbichauki Rural Municipality,Rural Municipality,2,7
Sudurpaschim Province,Doti,73,Purbichauki Rural Municipality,Rural Municipality,3,7
Sudurpaschim Province,Doti,73,Purbichauki Rural Municipality,Rural Municipality,4,7
Sudurpaschim Province,Doti,73,Purbichauki Rural Municipality,Rural Municipality,5,7
Sudurpaschim Province,Doti,73,Purbichauki Rural Municipality,Rural Municipality,6,7
Sudurpaschim Province,Doti,73,Purbichauki Rural Municipality,Rural Municipality,7,7
Sudurpaschim Province,Doti,73,K.I.Singh Rural Municipality,Rural Municipality,1,7
Sudurpaschim Province,Doti,73,K.I.Singh Rural Municipality,Rural Municipality,2,7
Sudurpaschim Province,Doti,73,K.I.Singh Rural Municipality,Rural Municipality,3,7
Sudurpaschim Province,Doti,73,K.I.Singh Rural Municipality,Rural Municipality,4,7
Sudurpaschim Province,Doti,73,K.I.Singh Rural Municipality,Rural Municipality,5,7
Sudurpaschim Province,Doti,73,K.I.Singh Rural Municipality,Rural Municipality,6,7
Sudurpaschim Province,Doti,73,K.I.Singh Rural Municipality,Rural Municipality,7,7
Sudurpaschim Province,Doti,73,Jorayal Rural Municipality,Rural Municipality,1,6
Sudurpaschim Province,Doti,73,Jorayal Rural Municipality,Rural Municipality,2,6
Sudurpaschim Province,Doti,73,Jorayal Rural Municipality,Rural Municipality,3,6
Sudurpaschim Province,Doti,73,Jorayal Rural Municipality,Rural Municipality,4,6
Sudurpaschim Province,Doti,73,Jorayal Rural Municipality,Rural Municipality,5,6
Sudurpaschim Province,Doti,73,Jorayal Rural Municipality,Rural Municipality,6,6
Sudurpaschim Province,Doti,73,Sayal Rural Municipality,Rural Municipality,1,6
Sudurpaschim Province,Doti,73,Sayal Rural Municipality,Rural Municipality,2,6
Sudurpaschim Province,Doti,73,Sayal Rural Municipality,Rural Municipality,3,6
Sudurpaschim Province,Doti,73,Sayal Rural Municipality,Rural Municipality,4,6
Sudurpaschim Province,Doti,73,Sayal Rural Municipality,Rural Municipality,5,6
Sudurpaschim Province,Doti,73,Sayal Rural Municipality,Rural Municipality,6,6
Sudurpaschim Province,Doti,73,Bogatan-Phudsil Rural Municipality,Rural Municipality,1,7
Sudurpaschim Province,Doti,73,Bogatan-Phudsil Rural Municipality,Rural Municipality,2,7
Sudurpaschim Province,Doti,73,Bogatan-Phudsil Rural Municipality,Rural Municipality,3,7
Sudurpaschim Province,Doti,73,Bogatan-Phudsil Rural Municipality,Rural Municipality,4,7
Sudurpaschim Province,Doti,73,Bogatan-Phudsil Rural Municipality,Rural Municipality,5,7
Sudurpaschim Province,Doti,73,Bogatan-Phudsil Rural Municipality,Rural Municipality,6,7
Sudurpaschim Province,Doti,73,Bogatan-Phudsil Rural Municipality,Rural Municipality,7,7
Sudurpaschim Province,Doti,73,Badikedar Rural Municipality,Rural Municipality,1,5
Sudurpaschim Province,Doti,73,Badikedar Rural Municipality,Rural Municipality,2,5
Sudurpaschim Province,Doti,73,Badikedar Rural Municipality,Rural Municipality,3,5
Sudurpaschim Province,Doti,73,Badikedar Rural Municipality,Rural Municipality,4,5
Sudurpaschim Province,Doti,73,Badikedar Rural Municipality,Rural Municipality,5,5
Sudurpaschim Province,Acham,74,Ramaroshan Rural Municipality,Rural Municipality,1,7
Sudurpaschim Province,Acham,74,Ramaroshan Rural Municipality,Rural Municipality,2,7
Sudurpaschim Province,Acham,74,Ramaroshan Rural Municipality,Rural Municipality,3,7
Sudurpaschim Province,Acham,74,Ramaroshan Rural Municipality,Rural Municipality,4,7
Sudurpaschim Province,Acham,74,Ramaroshan Rural Municipality,Rural Municipality,5,7
Sudurpaschim Province,Acham,74,Ramaroshan Rural Municipality,Rural Municipality,6,7
Sudurpaschim Province,Acham,74,Ramaroshan Rural Municipality,Rural Municipality,7,7
Sudurpaschim Province,Acham,74,Chaurpati Rural Municipality,Rural Municipality,1,7
Sudurpaschim Province,Acham,74,Chaurpati Rural Municipality,Rural Municipality,2,7
Sudurpaschim Province,Acham,74,Chaurpati Rural Municipality,Rural Municipality,3,7
Sudurpaschim Province,Acham,74,Chaurpati Rural Municipality,Rural Municipality,4,7
Sudurpaschim Province,Acham,74,Chaurpati Rural Municipality,Rural Municipality,5,7
Sudurpaschim Province,Acham,74,Chaurpati Rural Municipality,Rural Municipality,6,7
Sudurpaschim Province,Acham,74,Chaurpati Rural Municipality,Rural Municipality,7,7
Sudurpaschim Province,Acham,74,Turmakhand Rural Municipality,Rural Municipality,1,8
Sudurpaschim Province,Acham,74,Turmakhand Rural Municipality,Rural Municipality,2,8
Sudurpaschim Province,Acham,74,Turmakhand Rural Municipality,Rural Municipality,3,8
Sudurpaschim Province,Acham,74,Turmakhand Rural Municipality,Rural Municipality,4,8
Sudurpaschim Province,Acham,74,Turmakhand Rural Municipality,Rural Municipality,5,8
Sudurpaschim Province,Acham,74,Turmakhand Rural Municipality,Rural Municipality,6,8
Sudurpaschim Province,Acham,74,Turmakhand Rural Municipality,Rural Municipality,7,8
Sudurpaschim Province,Acham,74,Turmakhand Rural Municipality,Rural Municipality,8,8
Sudurpaschim Province,Acham,74,Mellekh Rural Municipality,Rural Municipality,1,8
Sudurpaschim Province,Acham,74,Mellekh Rural Municipality,Rural Municipality,2,8
Sudurpaschim Province,Acham,74,Mellekh Rural Municipality,Rural Municipality,3,8
Sudurpaschim Province,Acham,74,Mellekh Rural Municipality,Rural Municipality,4,8
Sudurpaschim Province,Acham,74,Mellekh Rural Municipality,Rural Municipality,5,8
Sudurpaschim Province,Acham,74,Mellekh Rural Municipality,Rural Municipality,6,8
Sudurpaschim Province,Acham,74,Mellekh Rural Municipality,Rural Municipality,7,8
Sudurpaschim Province,Acham,74,Mellekh Rural Municipality,Rural Municipality,8,8
Sudurpaschim Province,Acham,74,Dhakari Rural Municipality,Rural Municipality,1,8
Sudurpaschim Province,Acham,74,Dhakari Rural Municipality,Rural Municipality,2,8
Sudurpaschim Province,Acham,74,Dhakari Rural Municipality,Rural Municipality,3,8
Sudurpaschim Province,Acham,74,Dhakari Rural Municipality,Rural Municipality,4,8
Sudurpaschim Province,Acham,74,Dhakari Rural Municipality,Rural Municipality,5,8
Sudurpaschim Province,Acham,74,Dhakari Rural Municipality,Rural Municipality,6,8
Sudurpaschim Province,Acham,74,Dhakari Rural Municipality,Rural Municipality,7,8
Sudurpaschim Province,Acham,74,Dhakari Rural Municipality,Rural Municipality,8,8
Sudurpaschim Province,Acham,74,Bannigadi Jayagad Rural Municipality,Rural Municipality,1,6
Sudurpaschim Province,Acham,74,Bannigadi Jayagad Rural Municipality,Rural Municipality,2,6
Sudurpaschim Province,Acham,74,Bannigadi Jayagad Rural Municipality,Rural Municipality,3,6
Sudurpaschim Province,Acham,74,Bannigadi Jayagad Rural Municipality,Rural Municipality,4,6
Sudurpaschim Province,Acham,74,Bannigadi Jayagad Rural Municipality,Rural Municipality,5,6
Sudurpaschim Province,Acham,74,Bannigadi Jayagad Rural Municipality,Rural Municipality,6,6
Sudurpaschim Province,Acham,74,Mangalsen Municipality,Municipality,1,14
Sudurpaschim Province,Acham,74,Mangalsen Municipality,Municipality,2,14
Sudurpaschim Province,Acham,74,Mangalsen Municipality,Municipality,3,14
Sudurpaschim Province,Acham,74,Mangalsen Municipality,Municipality,4,14
Sudurpaschim Province,Acham,74,Mangalsen Municipality,Municipality,5,14
Sudurpaschim Province,Acham,74,Mangalsen Municipality,Municipality,6,14
Sudurpaschim Province,Acham,74,Mangalsen Municipality,Municipality,7,14
Sudurpaschim Province,Acham,74,Mangalsen Municipality,Municipality,8,14
Sudurpaschim Province,Acham,74,Mangalsen Municipality,Municipality,9,14
Sudurpaschim Province,Acham,74,Mangalsen Municipality,Municipality,10,14
Sudurpaschim Province,Acham,74,Mangalsen Municipality,Municipality,11,14
Sudurpaschim Province,Acham,74,Mangalsen Municipality,Municipality,12,14
Sudurpaschim Province,Acham,74,Mangalsen Municipality,Municipality,13,14
Sudurpaschim Province,Acham,74,Mangalsen Municipality,Municipality,14,14
Sudurpaschim Province,Acham,74,Kamalbazar Municipality,Municipality,1,10
Sudurpaschim Province,Acham,74,Kamalbazar Municipality,Municipality,2,10
Sudurpaschim Province,Acham,74,Kamalbazar Municipality,Municipality,3,10
Sudurpaschim Province,Acham,74,Kamalbazar Municipality,Municipality,4,10
Sudurpaschim Province,Acham,74,Kamalbazar Municipality,Municipality,5,10
Sudurpaschim Province,Acham,74,Kamalbazar Municipality,Municipality,6,10
Sudurpaschim Province,Acham,74,Kamalbazar Municipality,Municipality,7,10
Sudurpaschim Province,Acham,74,Kamalbazar Municipality,Municipality,8,10
Sudurpaschim Province,Acham,74,Kamalbazar Municipality,Municipality,9,10
Sudurpaschim Province,Acham,74,Kamalbazar Municipality,Municipality,10,10
Sudurpaschim Province,Acham,74,Sanfebagar Municipality,Municipality,1,14
Sudurpaschim Province,Acham,74,Sanfebagar Municipality,Municipality,2,14
Sudurpaschim Province,Acham,74,Sanfebagar Municipality,Municipality,3,14
Sudurpaschim Province,Acham,74,Sanfebagar Municipality,Municipality,4,14
Sudurpaschim Province,Acham,74,Sanfebagar Municipality,Municipality,5,14
Sudurpaschim Province,Acham,74,Sanfebagar Municipality,Municipality,6,14
Sudurpaschim Province,Acham,74,Sanfebagar Municipality,Municipality,7,14
Sudurpaschim Province,Acham,74,Sanfebagar Municipality,Municipality,8,14
Sudurpaschim Province,Acham,74,Sanfebagar Municipality,Municipality,9,14
Sudurpaschim Province,Acham,74,Sanfebagar Municipality,Municipality,10,14
Sudurpaschim Province,Acham,74,Sanfebagar Municipality,Municipality,11,14
Sudurpaschim Province,Acham,74,Sanfebagar Municipality,Municipality,12,14
Sudurpaschim Province,Acham,74,Sanfebagar Municipality,Municipality,13,14
Sudurpaschim Province,Acham,74,Sanfebagar Municipality,Municipality,14,14
Sudurpaschim Province,Acham,74,Panchadewal Binayak Municipality,Municipality,1,9
Sudurpaschim Province,Acham,74,Panchadewal Binayak Municipality,Municipality,2,9
Sudurpaschim Province,Acham,74,Panchadewal Binayak Municipality,Municipality,3,9
Sudurpaschim Province,Acham,74,Panchadewal Binayak Municipality,Municipality,4,9
Sudurpaschim Province,Acham,74,Panchadewal Binayak Municipality,Municipality,5,9
Sudurpaschim Province,Acham,74,Panchadewal Binayak Municipality,Municipality,6,9
Sudurpaschim Province,Acham,74,Panchadewal Binayak Municipality,Municipality,7,9
Sudurpaschim Province,Acham,74,Panchadewal Binayak Municipality,Municipality,8,9
Sudurpaschim Province,Acham,74,Panchadewal Binayak Municipality,Municipality,9,9
Sudurpaschim Province,Dadeldhura,75,Navadurga Rural Municipality,Rural Municipality,1,5
Sudurpaschim Province,Dadeldhura,75,Navadurga Rural Municipality,Rural Municipality,2,5
Sudurpaschim Province,Dadeldhura,75,Navadurga Rural Municipality,Rural Municipality,3,5
Sudurpaschim Province,Dadeldhura,75,Navadurga Rural Municipality,Rural Municipality,4,5
Sudurpaschim Province,Dadeldhura,75,Navadurga Rural Municipality,Rural Municipality,5,5
Sudurpaschim Province,Dadeldhura,75,Aalitaal Rural Municipality,Rural Municipality,1,8
Sudurpaschim Province,Dadeldhura,75,Aalitaal Rural Municipality,Rural Municipality,2,8
Sudurpaschim Province,Dadeldhura,75,Aalitaal Rural Municipality,Rural Municipality,3,8
Sudurpaschim Province,Dadeldhura,75,Aalitaal Rural Municipality,Rural Municipality,4,8
Sudurpaschim Province,Dadeldhura,75,Aalitaal Rural Municipality,Rural Municipality,5,8
Sudurpaschim Province,Dadeldhura,75,Aalitaal Rural Municipality,Rural Municipality,6,8
Sudurpaschim Province,Dadeldhura,75,Aalitaal Rural Municipality,Rural Municipality,7,8
Sudurpaschim Province,Dadeldhura,75,Aalitaal Rural Municipality,Rural Municipality,8,8
Sudurpaschim Province,Dadeldhura,75,Ganyapadhura Rural Municipality,Rural Municipality,1,5
Sudurpaschim Province,Dadeldhura,75,Ganyapadhura Rural Municipality,Rural Municipality,2,5
Sudurpaschim Province,Dadeldhura,75,Ganyapadhura Rural Municipality,Rural Municipality,3,5
Sudurpaschim Province,Dadeldhura,75,Ganyapadhura Rural Municipality,Rural Municipality,4,5
Sudurpaschim Province,Dadeldhura,75,Ganyapadhura Rural Municipality,Rural Municipality,5,5
Sudurpaschim Province,Dadeldhura,75,Bhageshwar Rural Municipality,Rural Municipality,1,5
Sudurpaschim Province,Dadeldhura,75,Bhageshwar Rural Municipality,Rural Municipality,2,5
Sudurpaschim Province,Dadeldhura,75,Bhageshwar Rural Municipality,Rural Municipality,3,5
Sudurpaschim Province,Dadeldhura,75,Bhageshwar Rural Municipality,Rural Municipality,4,5
Sudurpaschim Province,Dadeldhura,75,Bhageshwar Rural Municipality,Rural Municipality,5,5
Sudurpaschim Province,Dadeldhura,75,Ajaymeru Rural Municipality,Rural Municipality,1,6
Sudurpaschim Province,Dadeldhura,75,Ajaymeru Rural Municipality,Rural Municipality,2,6
Sudurpaschim Province,Dadeldhura,75,Ajaymeru Rural Municipality,Rural Municipality,3,6
Sudurpaschim Province,Dadeldhura,75,Ajaymeru Rural Municipality,Rural Municipality,4,6
Sudurpaschim Province,Dadeldhura,75,Ajaymeru Rural Municipality,Rural Municipality,5,6
Sudurpaschim Province,Dadeldhura,75,Ajaymeru Rural Municipality,Rural Municipality,6,6
Sudurpaschim Province,Dadeldhura,75,Amargadhi Municipality,Municipality,1,11
Sudurpaschim Province,Dadeldhura,75,Amargadhi Municipality,Municipality,2,11
Sudurpaschim Province,Dadeldhura,75,Amargadhi Municipality,Municipality,3,11
Sudurpaschim Province,Dadeldhura,75,Amargadhi Municipality,Municipality,4,11
Sudurpaschim Province,Dadeldhura,75,Amargadhi Municipality,Municipality,5,11
Sudurpaschim Province,Dadeldhura,75,Amargadhi Municipality,Municipality,6,11
Sudurpaschim Province,Dadeldhura,75,Amargadhi Municipality,Municipality,7,11
Sudurpaschim Province,Dadeldhura,75,Amargadhi Municipality,Municipality,8,11
Sudurpaschim Province,Dadeldhura,75,Amargadhi Municipality,Municipality,9,11
Sudurpaschim Province,Dadeldhura,75,Amargadhi Municipality,Municipality,10,11
Sudurpaschim Province,Dadeldhura,75,Amargadhi Municipality,Municipality,11,11
Sudurpaschim Province,Dadeldhura,75,Parshuram Municipality,Municipality,1,12
Sudurpaschim Province,Dadeldhura,75,Parshuram Municipality,Municipality,2,12
Sudurpaschim Province,Dadeldhura,75,Parshuram Municipality,Municipality,3,12
Sudurpaschim Province,Dadeldhura,75,Parshuram Municipality,Municipality,4,12
Sudurpaschim Province,Dadeldhura,75,Parshuram Municipality,Municipality,5,12
Sudurpaschim Province,Dadeldhura,75,Parshuram Municipality,Municipality,6,12
Sudurpaschim Province,Dadeldhura,75,Parshuram Municipality,Municipality,7,12
Sudurpaschim Province,Dadeldhura,75,Parshuram Municipality,Municipality,8,12
Sudurpaschim Province,Dadeldhura,75,Parshuram Municipality,Municipality,9,12
Sudurpaschim Province,Dadeldhura,75,Parshuram Municipality,Municipality,10,12
Sudurpaschim Province,Dadeldhura,75,Parshuram Municipality,Municipality,11,12
Sudurpaschim Province,Dadeldhura,75,Parshuram Municipality,Municipality,12,12
Sudurpaschim Province,Kanchanpur,76,Bhimdatta Municipality,Municipality,1,19
Sudurpaschim Province,Kanchanpur,76,Bhimdatta Municipality,Municipality,2,19
Sudurpaschim Province,Kanchanpur,76,Bhimdatta Municipality,Municipality,3,19
Sudurpaschim Province,Kanchanpur,76,Bhimdatta Municipality,Municipality,4,19
Sudurpaschim Province,Kanchanpur,76,Bhimdatta Municipality,Municipality,5,19
Sudurpaschim Province,Kanchanpur,76,Bhimdatta Municipality,Municipality,6,19
Sudurpaschim Province,Kanchanpur,76,Bhimdatta Municipality,Municipality,7,19
Sudurpaschim Province,Kanchanpur,76,Bhimdatta Municipality,Municipality,8,19
Sudurpaschim Province,Kanchanpur,76,Bhimdatta Municipality,Municipality,9,19
Sudurpaschim Province,Kanchanpur,76,Bhimdatta Municipality,Municipality,10,19
Sudurpaschim Province,Kanchanpur,76,Bhimdatta Municipality,Municipality,11,19
Sudurpaschim Province,Kanchanpur,76,Bhimdatta Municipality,Municipality,12,19
Sudurpaschim Province,Kanchanpur,76,Bhimdatta Municipality,Municipality,13,19
Sudurpaschim Province,Kanchanpur,76,Bhimdatta Municipality,Municipality,14,19
Sudurpaschim Province,Kanchanpur,76,Bhimdatta Municipality,Municipality,15,19
Sudurpaschim Province,Kanchanpur,76,Bhimdatta Municipality,Municipality,16,19
Sudurpaschim Province,Kanchanpur,76,Bhimdatta Municipality,Municipality,17,19
Sudurpaschim Province,Kanchanpur,76,Bhimdatta Municipality,Municipality,18,19
Sudurpaschim Province,Kanchanpur,76,Bhimdatta Municipality,Municipality,19,19
Sudurpaschim Province,Kanchanpur,76,Punarbas Municipality,Municipality,1,11
Sudurpaschim Province,Kanchanpur,76,Punarbas Municipality,Municipality,2,11
Sudurpaschim Province,Kanchanpur,76,Punarbas Municipality,Municipality,3,11
Sudurpaschim Province,Kanchanpur,76,Punarbas Municipality,Municipality,4,11
Sudurpaschim Province,Kanchanpur,76,Punarbas Municipality,Municipality,5,11
Sudurpaschim Province,Kanchanpur,76,Punarbas Municipality,Municipality,6,11
Sudurpaschim Province,Kanchanpur,76,Punarbas Municipality,Municipality,7,11
Sudurpaschim Province,Kanchanpur,76,Punarbas Municipality,Municipality,8,11
Sudurpaschim Province,Kanchanpur,76,Punarbas Municipality,Municipality,9,11
Sudurpaschim Province,Kanchanpur,76,Punarbas Municipality,Municipality,10,11
Sudurpaschim Province,Kanchanpur,76,Punarbas Municipality,Municipality,11,11
Sudurpaschim Province,Kanchanpur,76,Bedkot Municipality,Municipality,1,10
Sudurpaschim Province,Kanchanpur,76,Bedkot Municipality,Municipality,2,10
Sudurpaschim Province,Kanchanpur,76,Bedkot Municipality,Municipality,3,10
Sudurpaschim Province,Kanchanpur,76,Bedkot Municipality,Municipality,4,10
Sudurpaschim Province,Kanchanpur,76,Bedkot Municipality,Municipality,5,10
Sudurpaschim Province,Kanchanpur,76,Bedkot Municipality,Municipality,6,10
Sudurpaschim Province,Kanchanpur,76,Bedkot Municipality,Municipality,7,10
Sudurpaschim Province,Kanchanpur,76,Bedkot Municipality,Municipality,8,10
Sudurpaschim Province,Kanchanpur,76,Bedkot Municipality,Municipality,9,10
Sudurpaschim Province,Kanchanpur,76,Bedkot Municipality,Municipality,10,10
Sudurpaschim Province,Kanchanpur,76,Mahakali Municipality,Municipality,1,10
Sudurpaschim Province,Kanchanpur,76,Mahakali Municipality,Municipality,2,10
Sudurpaschim Province,Kanchanpur,76,Mahakali Municipality,Municipality,3,10
Sudurpaschim Province,Kanchanpur,76,Mahakali Municipality,Municipality,4,10
Sudurpaschim Province,Kanchanpur,76,Mahakali Municipality,Municipality,5,10
Sudurpaschim Province,Kanchanpur,76,Mahakali Municipality,Municipality,6,10
Sudurpaschim Province,Kanchanpur,76,Mahakali Municipality,Municipality,7,10
Sudurpaschim Province,Kanchanpur,76,Mahakali Municipality,Municipality,8,10
Sudurpaschim Province,Kanchanpur,76,Mahakali Municipality,Municipality,9,10
Sudurpaschim Province,Kanchanpur,76,Mahakali Municipality,Municipality,10,10
Sudurpaschim Province,Kanchanpur,76,Shuklaphanta Municipality,Municipality,1,12
Sudurpaschim Province,Kanchanpur,76,Shuklaphanta Municipality,Municipality,2,12
Sudurpaschim Province,Kanchanpur,76,Shuklaphanta Municipality,Municipality,3,12
Sudurpaschim Province,Kanchanpur,76,Shuklaphanta Municipality,Municipality,4,12
Sudurpaschim Province,Kanchanpur,76,Shuklaphanta Municipality,Municipality,5,12
Sudurpaschim Province,Kanchanpur,76,Shuklaphanta Municipality,Municipality,6,12
Sudurpaschim Province,Kanchanpur,76,Shuklaphanta Municipality,Municipality,7,12
Sudurpaschim Province,Kanchanpur,76,Shuklaphanta Municipality,Municipality,8,12
Sudurpaschim Province,Kanchanpur,76,Shuklaphanta Municipality,Municipality,9,12
Sudurpaschim Province,Kanchanpur,76,Shuklaphanta Municipality,Municipality,10,12
Sudurpaschim Province,Kanchanpur,76,Shuklaphanta Municipality,Municipality,11,12
Sudurpaschim Province,Kanchanpur,76,Shuklaphanta Municipality,Municipality,12,12
Sudurpaschim Province,Kanchanpur,76,Belauri Municipality,Municipality,1,10
Sudurpaschim Province,Kanchanpur,76,Belauri Municipality,Municipality,2,10
Sudurpaschim Province,Kanchanpur,76,Belauri Municipality,Municipality,3,10
Sudurpaschim Province,Kanchanpur,76,Belauri Municipality,Municipality,4,10
Sudurpaschim Province,Kanchanpur,76,Belauri Municipality,Municipality,5,10
Sudurpaschim Province,Kanchanpur,76,Belauri Municipality,Municipality,6,10
Sudurpaschim Province,Kanchanpur,76,Belauri Municipality,Municipality,7,10
Sudurpaschim Province,Kanchanpur,76,Belauri Municipality,Municipality,8,10
Sudurpaschim Province,Kanchanpur,76,Belauri Municipality,Municipality,9,10
Sudurpaschim Province,Kanchanpur,76,Belauri Municipality,Municipality,10,10
Sudurpaschim Province,Kanchanpur,76,Krishnapur Municipality,Municipality,1,9
Sudurpaschim Province,Kanchanpur,76,Krishnapur Municipality,Municipality,2,9
Sudurpaschim Province,Kanchanpur,76,Krishnapur Municipality,Municipality,3,9
Sudurpaschim Province,Kanchanpur,76,Krishnapur Municipality,Municipality,4,9
Sudurpaschim Province,Kanchanpur,76,Krishnapur Municipality,Municipality,5,9
Sudurpaschim Province,Kanchanpur,76,Krishnapur Municipality,Municipality,6,9
Sudurpaschim Province,Kanchanpur,76,Krishnapur Municipality,Municipality,7,9
Sudurpaschim Province,Kanchanpur,76,Krishnapur Municipality,Municipality,8,9
Sudurpaschim Province,Kanchanpur,76,Krishnapur Municipality,Municipality,9,9
Sudurpaschim Province,Kanchanpur,76,Laljhadi Rural Municipality,Rural Municipality,1,6
Sudurpaschim Province,Kanchanpur,76,Laljhadi Rural Municipality,Rural Municipality,2,6
Sudurpaschim Province,Kanchanpur,76,Laljhadi Rural Municipality,Rural Municipality,3,6
Sudurpaschim Province,Kanchanpur,76,Laljhadi Rural Municipality,Rural Municipality,4,6
Sudurpaschim Province,Kanchanpur,76,Laljhadi Rural Municipality,Rural Municipality,5,6
Sudurpaschim Province,Kanchanpur,76,Laljhadi Rural Municipality,Rural Municipality,6,6
Sudurpaschim Province,Kanchanpur,76,Beldandi Rural Municipality,Rural Municipality,1,5
Sudurpaschim Province,Kanchanpur,76,Beldandi Rural Municipality,Rural Municipality,2,5
Sudurpaschim Province,Kanchanpur,76,Beldandi Rural Municipality,Rural Municipality,3,5
Sudurpaschim Province,Kanchanpur,76,Beldandi Rural Municipality,Rural Municipality,4,5
Sudurpaschim Province,Kanchanpur,76,Beldandi Rural Municipality,Rural Municipality,5,5
Sudurpaschim Province,Kailali,77,Janaki Rural Municipality,Rural Municipality,1,9
Sudurpaschim Province,Kailali,77,Janaki Rural Municipality,Rural Municipality,2,9
Sudurpaschim Province,Kailali,77,Janaki Rural Municipality,Rural Municipality,3,9
Sudurpaschim Province,Kailali,77,Janaki Rural Municipality,Rural Municipality,4,9
Sudurpaschim Province,Kailali,77,Janaki Rural Municipality,Rural Municipality,5,9
Sudurpaschim Province,Kailali,77,Janaki Rural Municipality,Rural Municipality,6,9
Sudurpaschim Province,Kailali,77,Janaki Rural Municipality,Rural Municipality,7,9
Sudurpaschim Province,Kailali,77,Janaki Rural Municipality,Rural Municipality,8,9
Sudurpaschim Province,Kailali,77,Janaki Rural Municipality,Rural Municipality,9,9
Sudurpaschim Province,Kailali,77,Kailari Rural Municipality,Rural Municipality,1,9
Sudurpaschim Province,Kailali,77,Kailari Rural Municipality,Rural Municipality,2,9
Sudurpaschim Province,Kailali,77,Kailari Rural Municipality,Rural Municipality,3,9
Sudurpaschim Province,Kailali,77,Kailari Rural Municipality,Rural Municipality,4,9
Sudurpaschim Province,Kailali,77,Kailari Rural Municipality,Rural Municipality,5,9
Sudurpaschim Province,Kailali,77,Kailari Rural Municipality,Rural Municipality,6,9
Sudurpaschim Province,Kailali,77,Kailari Rural Municipality,Rural Municipality,7,9
Sudurpaschim Province,Kailali,77,Kailari Rural Municipality,Rural Municipality,8,9
Sudurpaschim Province,Kailali,77,Kailari Rural Municipality,Rural Municipality,9,9
Sudurpaschim Province,Kailali,77,Joshipur Rural Municipality,Rural Municipality,1,7
Sudurpaschim Province,Kailali,77,Joshipur Rural Municipality,Rural Municipality,2,7
Sudurpaschim Province,Kailali,77,Joshipur Rural Municipality,Rural Municipality,3,7
Sudurpaschim Province,Kailali,77,Joshipur Rural Municipality,Rural Municipality,4,7
Sudurpaschim Province,Kailali,77,Joshipur Rural Municipality,Rural Municipality,5,7
Sudurpaschim Province,Kailali,77,Joshipur Rural Municipality,Rural Municipality,6,7
Sudurpaschim Province,Kailali,77,Joshipur Rural Municipality,Rural Municipality,7,7
Sudurpaschim Province,Kailali,77,Bardagoriya Rural Municipality,Rural Municipality,1,6
Sudurpaschim Province,Kailali,77,Bardagoriya Rural Municipality,Rural Municipality,2,6
Sudurpaschim Province,Kailali,77,Bardagoriya Rural Municipality,Rural Municipality,3,6
Sudurpaschim Province,Kailali,77,Bardagoriya Rural Municipality,Rural Municipality,4,6
Sudurpaschim Province,Kailali,77,Bardagoriya Rural Municipality,Rural Municipality,5,6
Sudurpaschim Province,Kailali,77,Bardagoriya Rural Municipality,Rural Municipality,6,6
Sudurpaschim Province,Kailali,77,Mohanyal Rural Municipality,Rural Municipality,1,7
Sudurpaschim Province,Kailali,77,Mohanyal Rural Municipality,Rural Municipality,2,7
Sudurpaschim Province,Kailali,77,Mohanyal Rural Municipality,Rural Municipality,3,7
Sudurpaschim Province,Kailali,77,Mohanyal Rural Municipality,Rural Municipality,4,7
Sudurpaschim Province,Kailali,77,Mohanyal Rural Municipality,Rural Municipality,5,7
Sudurpaschim Province,Kailali,77,Mohanyal Rural Municipality,Rural Municipality,6,7
Sudurpaschim Province,Kailali,77,Mohanyal Rural Municipality,Rural Municipality,7,7
Sudurpaschim Province,Kailali,77,Chure Rural Municipality,Rural Municipality,1,6
Sudurpaschim Province,Kailali,77,Chure Rural Municipality,Rural Municipality,2,6
Sudurpaschim Province,Kailali,77,Chure Rural Municipality,Rural Municipality,3,6
Sudurpaschim Province,Kailali,77,Chure Rural Municipality,Rural Municipality,4,6
Sudurpaschim Province,Kailali,77,Chure Rural Municipality,Rural Municipality,5,6
Sudurpaschim Province,Kailali,77,Chure Rural Municipality,Rural Municipality,6,6
Sudurpaschim Province,Kailali,77,Tikapur Municipality,Municipality,1,9
Sudurpaschim Province,Kailali,77,Tikapur Municipality,Municipality,2,9
Sudurpaschim Province,Kailali,77,Tikapur Municipality,Municipality,3,9
Sudurpaschim Province,Kailali,77,Tikapur Municipality,Municipality,4,9
Sudurpaschim Province,Kailali,77,Tikapur Municipality,Municipality,5,9
Sudurpaschim Province,Kailali,77,Tikapur Municipality,Municipality,6,9
Sudurpaschim Province,Kailali,77,Tikapur Municipality,Municipality,7,9
Sudurpaschim Province,Kailali,77,Tikapur Municipality,Municipality,8,9
Sudurpaschim Province,Kailali,77,Tikapur Municipality,Municipality,9,9
Sudurpaschim Province,Kailali,77,Ghodaghodi Municipality,Municipality,1,12
Sudurpaschim Province,Kailali,77,Ghodaghodi Municipality,Municipality,2,12
Sudurpaschim Province,Kailali,77,Ghodaghodi Municipality,Municipality,3,12
Sudurpaschim Province,Kailali,77,Ghodaghodi Municipality,Municipality,4,12
Sudurpaschim Province,Kailali,77,Ghodaghodi Municipality,Municipality,5,12
Sudurpaschim Province,Kailali,77,Ghodaghodi Municipality,Municipality,6,12
Sudurpaschim Province,Kailali,77,Ghodaghodi Municipality,Municipality,7,12
Sudurpaschim Province,Kailali,77,Ghodaghodi Municipality,Municipality,8,12
Sudurpaschim Province,Kailali,77,Ghodaghodi Municipality,Municipality,9,12
Sudurpaschim Province,Kailali,77,Ghodaghodi Municipality,Municipality,10,12
Sudurpaschim Province,Kailali,77,Ghodaghodi Municipality,Municipality,11,12
Sudurpaschim Province,Kailali,77,Ghodaghodi Municipality,Municipality,12,12
Sudurpaschim Province,Kailali,77,Lamkichuha Municipality,Municipality,1,10
Sudurpaschim Province,Kailali,77,Lamkichuha Municipality,Municipality,2,10
Sudurpaschim Province,Kailali,77,Lamkichuha Municipality,Municipality,3,10
Sudurpaschim Province,Kailali,77,Lamkichuha Municipality,Municipality,4,10
Sudurpaschim Province,Kailali,77,Lamkichuha Municipality,Municipality,5,10
Sudurpaschim Province,Kailali,77,Lamkichuha Municipality,Municipality,6,10
Sudurpaschim Province,Kailali,77,Lamkichuha Municipality,Municipality,7,10
Sudurpaschim Province,Kailali,77,Lamkichuha Municipality,Municipality,8,10
Sudurpaschim Province,Kailali,77,Lamkichuha Municipality,Municipality,9,10
Sudurpaschim Province,Kailali,77,Lamkichuha Municipality,Municipality,10,10
Sudurpaschim Province,Kailali,77,Bhajni Municipality,Municipality,1,9
Sudurpaschim Province,Kailali,77,Bhajni Municipality,Municipality,2,9
Sudurpaschim Province,Kailali,77,Bhajni Municipality,Municipality,3,9
Sudurpaschim Province,Kailali,77,Bhajni Municipality,Municipality,4,9
Sudurpaschim Province,Kailali,77,Bhajni Municipality,Municipality,5,9
Sudurpaschim Province,Kailali,77,Bhajni Municipality,Municipality,6,9
Sudurpaschim Province,Kailali,77,Bhajni Municipality,Municipality,7,9
Sudurpaschim Province,Kailali,77,Bhajni Municipality,Municipality,8,9
Sudurpaschim Province,Kailali,77,Bhajni Municipality,Municipality,9,9
Sudurpaschim Province,Kailali,77,Godawari Municipality,Municipality,1,12
Sudurpaschim Province,Kailali,77,Godawari Municipality,Municipality,2,12
Sudurpaschim Province,Kailali,77,Godawari Municipality,Municipality,3,12
Sudurpaschim Province,Kailali,77,Godawari Municipality,Municipality,4,12
Sudurpaschim Province,Kailali,77,Godawari Municipality,Municipality,5,12
Sudurpaschim Province,Kailali,77,Godawari Municipality,Municipality,6,12
Sudurpaschim Province,Kailali,77,Godawari Municipality,Municipality,7,12
Sudurpaschim Province,Kailali,77,Godawari Municipality,Municipality,8,12
Sudurpaschim Province,Kailali,77,Godawari Municipality,Municipality,9,12
Sudurpaschim Province,Kailali,77,Godawari Municipality,Municipality,10,12
Sudurpaschim Province,Kailali,77,Godawari Municipality,Municipality,11,12
Sudurpaschim Province,Kailali,77,Godawari Municipality,Municipality,12,12
Sudurpaschim Province,Kailali,77,Gauriganga Municipality,Municipality,1,11
Sudurpaschim Province,Kailali,77,Gauriganga Municipality,Municipality,2,11
Sudurpaschim Province,Kailali,77,Gauriganga Municipality,Municipality,3,11
Sudurpaschim Province,Kailali,77,Gauriganga Municipality,Municipality,4,11
Sudurpaschim Province,Kailali,77,Gauriganga Municipality,Municipality,5,11
Sudurpaschim Province,Kailali,77,Gauriganga Municipality,Municipality,6,11
Sudurpaschim Province,Kailali,77,Gauriganga Municipality,Municipality,7,11
Sudurpaschim Province,Kailali,77,Gauriganga Municipality,Municipality,8,11
Sudurpaschim Province,Kailali,77,Gauriganga Municipality,Municipality,9,11
Sudurpaschim Province,Kailali,77,Gauriganga Municipality,Municipality,10,11
Sudurpaschim Province,Kailali,77,Gauriganga Municipality,Municipality,11,11
Sudurpaschim Province,Kailali,77,Dhangadhi Sub-Metropolitan City,Sub-Metropolitan City,1,19
Sudurpaschim Province,Kailali,77,Dhangadhi Sub-Metropolitan City,Sub-Metropolitan City,2,19
Sudurpaschim Province,Kailali,77,Dhangadhi Sub-Metropolitan City,Sub-Metropolitan City,3,19
Sudurpaschim Province,Kailali,77,Dhangadhi Sub-Metropolitan City,Sub-Metropolitan City,4,19
Sudurpaschim Province,Kailali,77,Dhangadhi Sub-Metropolitan City,Sub-Metropolitan City,5,19
Sudurpaschim Province,Kailali,77,Dhangadhi Sub-Metropolitan City,Sub-Metropolitan City,6,19
Sudurpaschim Province,Kailali,77,Dhangadhi Sub-Metropolitan City,Sub-Metropolitan City,7,19
Sudurpaschim Province,Kailali,77,Dhangadhi Sub-Metropolitan City,Sub-Metropolitan City,8,19
Sudurpaschim Province,Kailali,77,Dhangadhi Sub-Metropolitan City,Sub-Metropolitan City,9,19
Sudurpaschim Province,Kailali,77,Dhangadhi Sub-Metropolitan City,Sub-Metropolitan City,10,19
Sudurpaschim Province,Kailali,77,Dhangadhi Sub-Metropolitan City,Sub-Metropolitan City,11,19
Sudurpaschim Province,Kailali,77,Dhangadhi Sub-Metropolitan City,Sub-Metropolitan City,12,19
Sudurpaschim Province,Kailali,77,Dhangadhi Sub-Metropolitan City,Sub-Metropolitan City,13,19
Sudurpaschim Province,Kailali,77,Dhangadhi Sub-Metropolitan City,Sub-Metropolitan City,14,19
Sudurpaschim Province,Kailali,77,Dhangadhi Sub-Metropolitan City,Sub-Metropolitan City,15,19
Sudurpaschim Province,Kailali,77,Dhangadhi Sub-Metropolitan City,Sub-Metropolitan City,16,19
Sudurpaschim Province,Kailali,77,Dhangadhi Sub-Metropolitan City,Sub-Metropolitan City,17,19
Sudurpaschim Province,Kailali,77,Dhangadhi Sub-Metropolitan City,Sub-Metropolitan City,18,19
Sudurpaschim Province,Kailali,77,Dhangadhi Sub-Metropolitan City,Sub-Metropolitan City,19,19
